created_at,season,season_team_match,season_player_match,source_channel,event_type,franchise_id,franchise_name,franchise_logo,player_id,player_name,option,tcv,guaranteed,per_year,contract_style,year_values_json,source_raw_line
2024-08-18 17:13:24,2024,2024,2024,contract-activity,submission,0008,Real Deal Creel,https://www48.myfantasyleague.com/fflnetdynamic2023/74598_franchise_logo0008.png,15723,"Chandler, Ty",3,27000,20250,9000,submission,"{""2024"": 9000, ""2025"": 9000, ""2026"": 9000}","{""source_file"": ""/Users/keithcreelman/Desktop/MFL_Scripts/Datastorage/Discord Chat/UPS Dynasty FFL - Automated League Updates - contract-activity [1059113303059730494].csv"", ""source_channel"": ""contract-activity"", ""message_author"": ""UPS Contracts Hub Bot#8171"", ""message_date_raw"": ""2024-08-18T17:13:24.4130000-04:00"", ""event_type"": ""submission"", ""team_raw"": ""Real Deal Creel"", ""player_raw"": ""Chandler, Ty"", ""year_values"": {""2024"": 9000, ""2025"": 9000, ""2026"": 9000}, ""content"": ""HEAR YE! HEAR YE! \n\n**Real Deal Creel** has just made a contract submission!\n\nA new contract for **Chandler, Ty** for **3 years**.\nYearly Breakdown:\n- Year 1: $9000\n- Year 2: $9000\n- Year 3: $9000\nTotal Contract Value (TCV): **$27000**\nGuaranteed Amount: $20250\n\nWhat else can brown do for you? :upsbot:\n\nDM me to discuss: @UPS Contracts Hub Bot""}"
2024-08-18 17:26:42,2024,2024,2024,contract-activity,submission,0004,Pure Greatness,https://www48.myfantasyleague.com/fflnetdynamic2019/74598_franchise_logo0004.png,11675,"Adams, Davante",3,90000,67500,30000,submission,"{""2024"": 50000, ""2025"": 20000, ""2026"": 20000}","{""source_file"": ""/Users/keithcreelman/Desktop/MFL_Scripts/Datastorage/Discord Chat/UPS Dynasty FFL - Automated League Updates - contract-activity [1059113303059730494].csv"", ""source_channel"": ""contract-activity"", ""message_author"": ""UPS Contracts Hub Bot#8171"", ""message_date_raw"": ""2024-08-18T17:26:42.4010000-04:00"", ""event_type"": ""submission"", ""team_raw"": ""Pure Greatness"", ""player_raw"": ""Adams, Davante"", ""year_values"": {""2024"": 50000, ""2025"": 20000, ""2026"": 20000}, ""content"": ""HEAR YE! HEAR YE! \n\n**Pure Greatness** has just made a contract submission!\n\nA new contract for **Adams, Davante** for **3 years**.\nYearly Breakdown:\n- Year 1: $50000\n- Year 2: $20000\n- Year 3: $20000\nTotal Contract Value (TCV): **$90000**\nGuaranteed Amount: $67500\n\nWhat else can brown do for you? :upsbot:\n\nDM me to discuss: @UPS Contracts Hub Bot""}"
2024-08-18 18:03:46,2024,2024,2024,contract-activity,submission,0004,Pure Greatness,https://www48.myfantasyleague.com/fflnetdynamic2019/74598_franchise_logo0004.png,14147,"Bosa, Nick",3,15000,11250,5000,submission,"{""2024"": 5000, ""2025"": 5000, ""2026"": 5000}","{""source_file"": ""/Users/keithcreelman/Desktop/MFL_Scripts/Datastorage/Discord Chat/UPS Dynasty FFL - Automated League Updates - contract-activity [1059113303059730494].csv"", ""source_channel"": ""contract-activity"", ""message_author"": ""UPS Contracts Hub Bot#8171"", ""message_date_raw"": ""2024-08-18T18:03:46.9110000-04:00"", ""event_type"": ""submission"", ""team_raw"": ""Pure Greatness"", ""player_raw"": ""Bosa, Nick"", ""year_values"": {""2024"": 5000, ""2025"": 5000, ""2026"": 5000}, ""content"": ""HEAR YE! HEAR YE! \n\n**Pure Greatness** has just made a contract submission!\n\nA new contract for **Bosa, Nick** for **3 years**.\nYearly Breakdown:\n- Year 1: $5000\n- Year 2: $5000\n- Year 3: $5000\nTotal Contract Value (TCV): **$15000**\nGuaranteed Amount: $11250\n\nWhat else can brown do for you? :upsbot:\n\nDM me to discuss: @UPS Contracts Hub Bot""}"
2024-08-18 18:07:35,2024,2024,2024,contract-activity,submission,0004,Pure Greatness,https://www48.myfantasyleague.com/fflnetdynamic2019/74598_franchise_logo0004.png,13198,"Garrett, Myles",2,18000,13500,9000,submission,"{""2024"": 14000, ""2025"": 4000}","{""source_file"": ""/Users/keithcreelman/Desktop/MFL_Scripts/Datastorage/Discord Chat/UPS Dynasty FFL - Automated League Updates - contract-activity [1059113303059730494].csv"", ""source_channel"": ""contract-activity"", ""message_author"": ""UPS Contracts Hub Bot#8171"", ""message_date_raw"": ""2024-08-18T18:07:35.5070000-04:00"", ""event_type"": ""submission"", ""team_raw"": ""Pure Greatness"", ""player_raw"": ""Garrett, Myles"", ""year_values"": {""2024"": 14000, ""2025"": 4000}, ""content"": ""HEAR YE! HEAR YE! \n\n**Pure Greatness** has just made a contract submission!\n\nA new contract for **Garrett, Myles** for **2 years**.\nYearly Breakdown:\n- Year 1: $14000\n- Year 2: $4000\nTotal Contract Value (TCV): **$18000**\nGuaranteed Amount: $13500\n\nWhat else can brown do for you? :upsbot:\n\nDM me to discuss: @UPS Contracts Hub Bot""}"
2024-08-20 13:23:18,2024,2024,2024,contract-activity,submission,0005,HammerTime 🔨 ⏰,https://www48.myfantasyleague.com/fflnetdynamic2022/74598_franchise_logo0005.png,12221,"Hunter, Danielle",2,8000,6000,4000,submission,"{""2024"": 2000, ""2025"": 6000}","{""source_file"": ""/Users/keithcreelman/Desktop/MFL_Scripts/Datastorage/Discord Chat/UPS Dynasty FFL - Automated League Updates - contract-activity [1059113303059730494].csv"", ""source_channel"": ""contract-activity"", ""message_author"": ""UPS Contracts Hub Bot#8171"", ""message_date_raw"": ""2024-08-20T13:23:18.0930000-04:00"", ""event_type"": ""submission"", ""team_raw"": ""HammerTime \ud83d\udd28 \u23f0"", ""player_raw"": ""Hunter, Danielle"", ""year_values"": {""2024"": 2000, ""2025"": 6000}, ""content"": ""HEAR YE! HEAR YE! \n\n**HammerTime \ud83d\udd28 \u23f0** has just made a contract submission!\n\nA new contract for **Hunter, Danielle** for **2 years**.\nYearly Breakdown:\n- Year 1: $2000\n- Year 2: $6000\nTotal Contract Value (TCV): **$8000**\nGuaranteed Amount: $6000\n\nWhat else can brown do for you? :upsbot:\n\nDM me to discuss: @UPS Contracts Hub Bot""}"
2024-08-21 13:41:49,2024,2024,2024,contract-activity,submission,0009,C-Town Chivalry,https://www48.myfantasyleague.com/fflnetdynamic2019/74598_franchise_logo0009.png,14085,"Pollard, Tony",2,34000,25500,17000,submission,"{""2024"": 7000, ""2025"": 27000}","{""source_file"": ""/Users/keithcreelman/Desktop/MFL_Scripts/Datastorage/Discord Chat/UPS Dynasty FFL - Automated League Updates - contract-activity [1059113303059730494].csv"", ""source_channel"": ""contract-activity"", ""message_author"": ""UPS Contracts Hub Bot#8171"", ""message_date_raw"": ""2024-08-21T13:41:49.6080000-04:00"", ""event_type"": ""submission"", ""team_raw"": ""C-Town Chivalry"", ""player_raw"": ""Pollard, Tony"", ""year_values"": {""2024"": 7000, ""2025"": 27000}, ""content"": ""HEAR YE! HEAR YE! \n\n**C-Town Chivalry** has just made a contract submission!\n\nA new contract for **Pollard, Tony** for **2 years**.\nYearly Breakdown:\n- Year 1: $7000\n- Year 2: $27000\nTotal Contract Value (TCV): **$34000**\nGuaranteed Amount: $25500\n\nWhat else can brown do for you? :upsbot:\n\nDM me to discuss: @UPS Contracts Hub Bot""}"
2024-08-22 08:00:32,2024,2024,2024,contract-activity,submission,0010,Blake Bombers,https://www48.myfantasyleague.com/fflnetdynamic2019/74598_franchise_logo0010.png,14108,"Dortch, Greg",2,2000,1000,1000,submission,"{""2024"": 1000, ""2025"": 1000}","{""source_file"": ""/Users/keithcreelman/Desktop/MFL_Scripts/Datastorage/Discord Chat/UPS Dynasty FFL - Automated League Updates - contract-activity [1059113303059730494].csv"", ""source_channel"": ""contract-activity"", ""message_author"": ""UPS Contracts Hub Bot#8171"", ""message_date_raw"": ""2024-08-22T08:00:32.5620000-04:00"", ""event_type"": ""submission"", ""team_raw"": ""Blake Bombers"", ""player_raw"": ""Dortch, Greg"", ""year_values"": {""2024"": 1000, ""2025"": 1000}, ""content"": ""HEAR YE! HEAR YE! \n\n**Blake Bombers** has just made a contract submission!\n\nA new contract for **Dortch, Greg** for **2 years**.\nYearly Breakdown:\n- Year 1: $1000\n- Year 2: $1000\nTotal Contract Value (TCV): **$2000**\nGuaranteed Years: 1 (1K Penalty for early cut)\n\nWhat else can brown do for you? :upsbot:\n\nDM me to discuss: @UPS Contracts Hub Bot""}"
2024-08-23 10:46:37,2024,2024,2024,contract-activity,submission,0012,Hawks,https://www48.myfantasyleague.com/fflnetdynamic2019/74598_franchise_logo0012.png,14800,"Dobbins, J.K.",3,27000,20250,9000,submission,"{""2024"": 9000, ""2025"": 9000, ""2026"": 9000}","{""source_file"": ""/Users/keithcreelman/Desktop/MFL_Scripts/Datastorage/Discord Chat/UPS Dynasty FFL - Automated League Updates - contract-activity [1059113303059730494].csv"", ""source_channel"": ""contract-activity"", ""message_author"": ""UPS Contracts Hub Bot#8171"", ""message_date_raw"": ""2024-08-23T10:46:37.5880000-04:00"", ""event_type"": ""submission"", ""team_raw"": ""Hawks"", ""player_raw"": ""Dobbins, J.K."", ""year_values"": {""2024"": 9000, ""2025"": 9000, ""2026"": 9000}, ""content"": ""HEAR YE! HEAR YE! \n\n**Hawks** has just made a contract submission!\n\nA new contract for **Dobbins, J.K.** for **3 years**.\nYearly Breakdown:\n- Year 1: $9000\n- Year 2: $9000\n- Year 3: $9000\nTotal Contract Value (TCV): **$27000**\nGuaranteed Amount: $20250\n\nWhat else can brown do for you? :upsbot:\n\nDM me to discuss: @UPS Contracts Hub Bot""}"
2024-08-24 22:28:20,2024,2024,2024,contract-activity,submission,0012,Hawks,https://www48.myfantasyleague.com/fflnetdynamic2019/74598_franchise_logo0012.png,13772,"Schultz, Dalton",3,12000,9000,4000,submission,"{""2024"": 4000, ""2025"": 4000, ""2026"": 4000}","{""source_file"": ""/Users/keithcreelman/Desktop/MFL_Scripts/Datastorage/Discord Chat/UPS Dynasty FFL - Automated League Updates - contract-activity [1059113303059730494].csv"", ""source_channel"": ""contract-activity"", ""message_author"": ""UPS Contracts Hub Bot#8171"", ""message_date_raw"": ""2024-08-24T22:28:20.2060000-04:00"", ""event_type"": ""submission"", ""team_raw"": ""Hawks"", ""player_raw"": ""Schultz, Dalton"", ""year_values"": {""2024"": 4000, ""2025"": 4000, ""2026"": 4000}, ""content"": ""HEAR YE! HEAR YE! \n\n**Hawks** has just made a contract submission!\n\nA new contract for **Schultz, Dalton** for **3 years**.\nYearly Breakdown:\n- Year 1: $4000\n- Year 2: $4000\n- Year 3: $4000\nTotal Contract Value (TCV): **$12000**\nGuaranteed Amount: $9000\n\nWhat else can brown do for you? :upsbot:\n\nDM me to discuss: @UPS Contracts Hub Bot""}"
2024-08-24 22:51:43,2024,2024,2024,contract-activity,submission,0012,Hawks,https://www48.myfantasyleague.com/fflnetdynamic2019/74598_franchise_logo0012.png,11671,"Evans, Mike",3,72000,54000,24000,submission,"{""2024"": 24000, ""2025"": 24000, ""2026"": 24000}","{""source_file"": ""/Users/keithcreelman/Desktop/MFL_Scripts/Datastorage/Discord Chat/UPS Dynasty FFL - Automated League Updates - contract-activity [1059113303059730494].csv"", ""source_channel"": ""contract-activity"", ""message_author"": ""UPS Contracts Hub Bot#8171"", ""message_date_raw"": ""2024-08-24T22:51:43.8240000-04:00"", ""event_type"": ""submission"", ""team_raw"": ""Hawks"", ""player_raw"": ""Evans, Mike"", ""year_values"": {""2024"": 24000, ""2025"": 24000, ""2026"": 24000}, ""content"": ""HEAR YE! HEAR YE! \n\n**Hawks** has just made a contract submission!\n\nA new contract for **Evans, Mike** for **3 years**.\nYearly Breakdown:\n- Year 1: $24000\n- Year 2: $24000\n- Year 3: $24000\nTotal Contract Value (TCV): **$72000**\nGuaranteed Amount: $54000\n\nWhat else can brown do for you? :upsbot:\n\nDM me to discuss: @UPS Contracts Hub Bot""}"
2024-08-24 22:52:42,2024,2024,2024,contract-activity,submission,0012,Hawks,https://www48.myfantasyleague.com/fflnetdynamic2019/74598_franchise_logo0012.png,14105,"Brown, Marquise",3,24000,18000,8000,submission,"{""2024"": 8000, ""2025"": 8000, ""2026"": 8000}","{""source_file"": ""/Users/keithcreelman/Desktop/MFL_Scripts/Datastorage/Discord Chat/UPS Dynasty FFL - Automated League Updates - contract-activity [1059113303059730494].csv"", ""source_channel"": ""contract-activity"", ""message_author"": ""UPS Contracts Hub Bot#8171"", ""message_date_raw"": ""2024-08-24T22:52:42.9960000-04:00"", ""event_type"": ""submission"", ""team_raw"": ""Hawks"", ""player_raw"": ""Brown, Marquise"", ""year_values"": {""2024"": 8000, ""2025"": 8000, ""2026"": 8000}, ""content"": ""HEAR YE! HEAR YE! \n\n**Hawks** has just made a contract submission!\n\nA new contract for **Brown, Marquise** for **3 years**.\nYearly Breakdown:\n- Year 1: $8000\n- Year 2: $8000\n- Year 3: $8000\nTotal Contract Value (TCV): **$24000**\nGuaranteed Amount: $18000\n\nWhat else can brown do for you? :upsbot:\n\nDM me to discuss: @UPS Contracts Hub Bot""}"
2024-08-24 23:39:23,2024,2024,2024,contract-activity,submission,0012,Hawks,https://www48.myfantasyleague.com/fflnetdynamic2019/74598_franchise_logo0012.png,12187,"Lockett, Tyler",3,12000,9000,4000,submission,"{""2024"": 4000, ""2025"": 4000, ""2026"": 4000}","{""source_file"": ""/Users/keithcreelman/Desktop/MFL_Scripts/Datastorage/Discord Chat/UPS Dynasty FFL - Automated League Updates - contract-activity [1059113303059730494].csv"", ""source_channel"": ""contract-activity"", ""message_author"": ""UPS Contracts Hub Bot#8171"", ""message_date_raw"": ""2024-08-24T23:39:23.0340000-04:00"", ""event_type"": ""submission"", ""team_raw"": ""Hawks"", ""player_raw"": ""Lockett, Tyler"", ""year_values"": {""2024"": 4000, ""2025"": 4000, ""2026"": 4000}, ""content"": ""HEAR YE! HEAR YE! \n\n**Hawks** has just made a contract submission!\n\nA new contract for **Lockett, Tyler** for **3 years**.\nYearly Breakdown:\n- Year 1: $4000\n- Year 2: $4000\n- Year 3: $4000\nTotal Contract Value (TCV): **$12000**\nGuaranteed Amount: $9000\n\nWhat else can brown do for you? :upsbot:\n\nDM me to discuss: @UPS Contracts Hub Bot""}"
2024-08-24 23:40:06,2024,2024,2024,contract-activity,submission,0012,Hawks,https://www48.myfantasyleague.com/fflnetdynamic2019/74598_franchise_logo0012.png,13743,"Warner, Fred",3,12000,9000,4000,submission,"{""2024"": 4000, ""2025"": 4000, ""2026"": 4000}","{""source_file"": ""/Users/keithcreelman/Desktop/MFL_Scripts/Datastorage/Discord Chat/UPS Dynasty FFL - Automated League Updates - contract-activity [1059113303059730494].csv"", ""source_channel"": ""contract-activity"", ""message_author"": ""UPS Contracts Hub Bot#8171"", ""message_date_raw"": ""2024-08-24T23:40:06.2040000-04:00"", ""event_type"": ""submission"", ""team_raw"": ""Hawks"", ""player_raw"": ""Warner, Fred"", ""year_values"": {""2024"": 4000, ""2025"": 4000, ""2026"": 4000}, ""content"": ""HEAR YE! HEAR YE! \n\n**Hawks** has just made a contract submission!\n\nA new contract for **Warner, Fred** for **3 years**.\nYearly Breakdown:\n- Year 1: $4000\n- Year 2: $4000\n- Year 3: $4000\nTotal Contract Value (TCV): **$12000**\nGuaranteed Amount: $9000\n\nWhat else can brown do for you? :upsbot:\n\nDM me to discuss: @UPS Contracts Hub Bot""}"
2024-08-25 07:57:43,2024,2024,2024,contract-activity,submission,0011,Cleon Ca$h,https://www48.myfantasyleague.com/fflnetdynamic2019/74598_franchise_logo0011.png,14833,"Jeudy, Jerry",3,9000,6750,3000,submission,"{""2024"": 7000, ""2025"": 1000, ""2026"": 1000}","{""source_file"": ""/Users/keithcreelman/Desktop/MFL_Scripts/Datastorage/Discord Chat/UPS Dynasty FFL - Automated League Updates - contract-activity [1059113303059730494].csv"", ""source_channel"": ""contract-activity"", ""message_author"": ""UPS Contracts Hub Bot#8171"", ""message_date_raw"": ""2024-08-25T07:57:43.2510000-04:00"", ""event_type"": ""submission"", ""team_raw"": ""Cleon Ca$h"", ""player_raw"": ""Jeudy, Jerry"", ""year_values"": {""2024"": 7000, ""2025"": 1000, ""2026"": 1000}, ""content"": ""HEAR YE! HEAR YE! \n\n**Cleon Ca$h** has just made a contract submission!\n\nA new contract for **Jeudy, Jerry** for **3 years**.\nYearly Breakdown:\n- Year 1: $7000\n- Year 2: $1000\n- Year 3: $1000\nTotal Contract Value (TCV): **$9000**\nGuaranteed Amount: $6750\n\nWhat else can brown do for you? :upsbot:\n\nDM me to discuss: @UPS Contracts Hub Bot""}"
2024-08-25 08:04:06,2024,2024,2024,contract-activity,submission,0011,Cleon Ca$h,https://www48.myfantasyleague.com/fflnetdynamic2019/74598_franchise_logo0011.png,13696,"Smith, Roquan",3,12000,9000,4000,submission,"{""2024"": 8000, ""2025"": 3000, ""2026"": 1000}","{""source_file"": ""/Users/keithcreelman/Desktop/MFL_Scripts/Datastorage/Discord Chat/UPS Dynasty FFL - Automated League Updates - contract-activity [1059113303059730494].csv"", ""source_channel"": ""contract-activity"", ""message_author"": ""UPS Contracts Hub Bot#8171"", ""message_date_raw"": ""2024-08-25T08:04:06.7390000-04:00"", ""event_type"": ""submission"", ""team_raw"": ""Cleon Ca$h"", ""player_raw"": ""Smith, Roquan"", ""year_values"": {""2024"": 8000, ""2025"": 3000, ""2026"": 1000}, ""content"": ""HEAR YE! HEAR YE! \n\n**Cleon Ca$h** has just made a contract submission!\n\nA new contract for **Smith, Roquan** for **3 years**.\nYearly Breakdown:\n- Year 1: $8000\n- Year 2: $3000\n- Year 3: $1000\nTotal Contract Value (TCV): **$12000**\nGuaranteed Amount: $9000\n\nWhat else can brown do for you? :upsbot:\n\nDM me to discuss: @UPS Contracts Hub Bot""}"
2024-08-25 08:05:21,2024,2024,2024,contract-activity,submission,0009,C-Town Chivalry,https://www48.myfantasyleague.com/fflnetdynamic2019/74598_franchise_logo0009.png,14908,"McKinney, Xavier",3,3000,2000,1000,submission,"{""2024"": 1000, ""2025"": 1000, ""2026"": 1000}","{""source_file"": ""/Users/keithcreelman/Desktop/MFL_Scripts/Datastorage/Discord Chat/UPS Dynasty FFL - Automated League Updates - contract-activity [1059113303059730494].csv"", ""source_channel"": ""contract-activity"", ""message_author"": ""UPS Contracts Hub Bot#8171"", ""message_date_raw"": ""2024-08-25T08:05:21.5080000-04:00"", ""event_type"": ""submission"", ""team_raw"": ""C-Town Chivalry"", ""player_raw"": ""McKinney, Xavier"", ""year_values"": {""2024"": 1000, ""2025"": 1000, ""2026"": 1000}, ""content"": ""HEAR YE! HEAR YE! \n\n**C-Town Chivalry** has just made a contract submission!\n\nA new contract for **McKinney, Xavier** for **3 years**.\nYearly Breakdown:\n- Year 1: $1000\n- Year 2: $1000\n- Year 3: $1000\nTotal Contract Value (TCV): **$3000**\nGuaranteed Years: 2 (1K Penalty for early cut)\n\nWhat else can brown do for you? :upsbot:\n\nDM me to discuss: @UPS Contracts Hub Bot""}"
2024-08-27 07:13:02,2024,2024,2024,contract-activity,submission,0007,Sex Manther,https://www48.myfantasyleague.com/fflnetdynamic2019/74598_franchise_logo0007.png,16649,"Johnson, Theo",3,15000,11250,5000,submission,"{""2024"": 5000, ""2025"": 5000, ""2026"": 5000}","{""source_file"": ""/Users/keithcreelman/Desktop/MFL_Scripts/Datastorage/Discord Chat/UPS Dynasty FFL - Automated League Updates - contract-activity [1059113303059730494].csv"", ""source_channel"": ""contract-activity"", ""message_author"": ""UPS Contracts Hub Bot#8171"", ""message_date_raw"": ""2024-08-27T07:13:02.8000000-04:00"", ""event_type"": ""submission"", ""team_raw"": ""Sex Manther"", ""player_raw"": ""Johnson, Theo"", ""year_values"": {""2024"": 5000, ""2025"": 5000, ""2026"": 5000}, ""content"": ""HEAR YE! HEAR YE! \n\n**Sex Manther** has just made a contract submission!\n\nA new contract for **Johnson, Theo** for **3 years**.\nYearly Breakdown:\n- Year 1: $5000\n- Year 2: $5000\n- Year 3: $5000\nTotal Contract Value (TCV): **$15000**\nGuaranteed Amount: $11250\n\nWhat else can brown do for you? :upsbot:\n\nDM me to discuss: @UPS Contracts Hub Bot""}"
2024-08-30 10:07:29,2024,2024,2024,contract-activity,submission,0008,Real Deal Creel,https://www48.myfantasyleague.com/fflnetdynamic2023/74598_franchise_logo0008.png,14845,"Davis, Gabriel",2,8000,6000,4000,submission,"{""2024"": 4000, ""2025"": 4000}","{""source_file"": ""/Users/keithcreelman/Desktop/MFL_Scripts/Datastorage/Discord Chat/UPS Dynasty FFL - Automated League Updates - contract-activity [1059113303059730494].csv"", ""source_channel"": ""contract-activity"", ""message_author"": ""UPS Contracts Hub Bot#8171"", ""message_date_raw"": ""2024-08-30T10:07:29.8280000-04:00"", ""event_type"": ""submission"", ""team_raw"": ""Real Deal Creel"", ""player_raw"": ""Davis, Gabriel"", ""year_values"": {""2024"": 4000, ""2025"": 4000}, ""content"": ""HEAR YE! HEAR YE! \n\n**Real Deal Creel** has just made a contract submission!\n\nA new contract for **Davis, Gabriel** for **2 years**.\nYearly Breakdown:\n- Year 1: $4000\n- Year 2: $4000\nTotal Contract Value (TCV): **$8000**\nGuaranteed Amount: $6000\n\nWhat else can brown do for you? :upsbot:\n\nDM me to discuss: @UPS Contracts Hub Bot""}"
2024-08-30 10:08:57,2024,2024,2024,contract-activity,submission,0008,Real Deal Creel,https://www48.myfantasyleague.com/fflnetdynamic2023/74598_franchise_logo0008.png,15723,"Chandler, Ty",2,18000,13500,9000,submission,"{""2024"": 9000, ""2025"": 9000}","{""source_file"": ""/Users/keithcreelman/Desktop/MFL_Scripts/Datastorage/Discord Chat/UPS Dynasty FFL - Automated League Updates - contract-activity [1059113303059730494].csv"", ""source_channel"": ""contract-activity"", ""message_author"": ""UPS Contracts Hub Bot#8171"", ""message_date_raw"": ""2024-08-30T10:08:57.4830000-04:00"", ""event_type"": ""submission"", ""team_raw"": ""Real Deal Creel"", ""player_raw"": ""Chandler, Ty"", ""year_values"": {""2024"": 9000, ""2025"": 9000}, ""content"": ""HEAR YE! HEAR YE! \n\n**Real Deal Creel** has just made a contract submission!\n\nA new contract for **Chandler, Ty** for **2 years**.\nYearly Breakdown:\n- Year 1: $9000\n- Year 2: $9000\nTotal Contract Value (TCV): **$18000**\nGuaranteed Amount: $13500\n\nWhat else can brown do for you? :upsbot:\n\nDM me to discuss: @UPS Contracts Hub Bot""}"
2024-08-30 11:58:08,2024,2024,2024,contract-activity,submission,0008,Real Deal Creel,https://www48.myfantasyleague.com/fflnetdynamic2023/74598_franchise_logo0008.png,14137,"Fant, Noah",3,12000,9000,4000,submission,"{""2024"": 4000, ""2025"": 4000, ""2026"": 4000}","{""source_file"": ""/Users/keithcreelman/Desktop/MFL_Scripts/Datastorage/Discord Chat/UPS Dynasty FFL - Automated League Updates - contract-activity [1059113303059730494].csv"", ""source_channel"": ""contract-activity"", ""message_author"": ""UPS Contracts Hub Bot#8171"", ""message_date_raw"": ""2024-08-30T11:58:08.4180000-04:00"", ""event_type"": ""submission"", ""team_raw"": ""Real Deal Creel"", ""player_raw"": ""Fant, Noah"", ""year_values"": {""2024"": 4000, ""2025"": 4000, ""2026"": 4000}, ""content"": ""HEAR YE! HEAR YE! \n\n**Real Deal Creel** has just made a contract submission!\n\nA new contract for **Fant, Noah** for **3 years**.\nYearly Breakdown:\n- Year 1: $4000\n- Year 2: $4000\n- Year 3: $4000\nTotal Contract Value (TCV): **$12000**\nGuaranteed Amount: $9000\n\nWhat else can brown do for you? :upsbot:\n\nDM me to discuss: @UPS Contracts Hub Bot""}"
2024-08-30 12:06:44,2024,2024,2024,contract-activity,submission,0008,Real Deal Creel,https://www48.myfantasyleague.com/fflnetdynamic2023/74598_franchise_logo0008.png,16612,"Steele, Carson",3,3000,2000,1000,submission,"{""2024"": 1000, ""2025"": 1000, ""2026"": 1000}","{""source_file"": ""/Users/keithcreelman/Desktop/MFL_Scripts/Datastorage/Discord Chat/UPS Dynasty FFL - Automated League Updates - contract-activity [1059113303059730494].csv"", ""source_channel"": ""contract-activity"", ""message_author"": ""UPS Contracts Hub Bot#8171"", ""message_date_raw"": ""2024-08-30T12:06:44.1280000-04:00"", ""event_type"": ""submission"", ""team_raw"": ""Real Deal Creel"", ""player_raw"": ""Steele, Carson"", ""year_values"": {""2024"": 1000, ""2025"": 1000, ""2026"": 1000}, ""content"": ""HEAR YE! HEAR YE! \n\n**Real Deal Creel** has just made a contract submission!\n\nA new contract for **Steele, Carson** for **3 years**.\nYearly Breakdown:\n- Year 1: $1000\n- Year 2: $1000\n- Year 3: $1000\nTotal Contract Value (TCV): **$3000**\nGuaranteed Years: 2 (1K Penalty for early cut)\n\nWhat else can brown do for you? :upsbot:\n\nDM me to discuss: @UPS Contracts Hub Bot""}"
2024-08-31 07:14:01,2024,2024,2024,contract-activity,submission,0009,C-Town Chivalry,https://www48.myfantasyleague.com/fflnetdynamic2019/74598_franchise_logo0009.png,15759,"Metchie, John",3,3000,2000,1000,submission,"{""2024"": 1000, ""2025"": 1000, ""2026"": 1000}","{""source_file"": ""/Users/keithcreelman/Desktop/MFL_Scripts/Datastorage/Discord Chat/UPS Dynasty FFL - Automated League Updates - contract-activity [1059113303059730494].csv"", ""source_channel"": ""contract-activity"", ""message_author"": ""UPS Contracts Hub Bot#8171"", ""message_date_raw"": ""2024-08-31T07:14:01.4730000-04:00"", ""event_type"": ""submission"", ""team_raw"": ""C-Town Chivalry"", ""player_raw"": ""Metchie, John"", ""year_values"": {""2024"": 1000, ""2025"": 1000, ""2026"": 1000}, ""content"": ""HEAR YE! HEAR YE! \n\n**C-Town Chivalry** has just made a contract submission!\n\nA new contract for **Metchie, John** for **3 years**.\nYearly Breakdown:\n- Year 1: $1000\n- Year 2: $1000\n- Year 3: $1000\nTotal Contract Value (TCV): **$3000**\nGuaranteed Years: 2 (1K Penalty for early cut)\n\nWhat else can brown do for you? :upsbot:\n\nDM me to discuss: @UPS Contracts Hub Bot""}"
2024-08-31 08:00:21,2024,2024,2024,contract-activity,submission,0008,Real Deal Creel,https://www48.myfantasyleague.com/fflnetdynamic2023/74598_franchise_logo0008.png,16416,"Gipson, Xavier",3,3000,2000,1000,submission,"{""2024"": 1000, ""2025"": 1000, ""2026"": 1000}","{""source_file"": ""/Users/keithcreelman/Desktop/MFL_Scripts/Datastorage/Discord Chat/UPS Dynasty FFL - Automated League Updates - contract-activity [1059113303059730494].csv"", ""source_channel"": ""contract-activity"", ""message_author"": ""UPS Contracts Hub Bot#8171"", ""message_date_raw"": ""2024-08-31T08:00:21.6520000-04:00"", ""event_type"": ""submission"", ""team_raw"": ""Real Deal Creel"", ""player_raw"": ""Gipson, Xavier"", ""year_values"": {""2024"": 1000, ""2025"": 1000, ""2026"": 1000}, ""content"": ""HEAR YE! HEAR YE! \n\n**Real Deal Creel** has just made a contract submission!\n\nA new contract for **Gipson, Xavier** for **3 years**.\nYearly Breakdown:\n- Year 1: $1000\n- Year 2: $1000\n- Year 3: $1000\nTotal Contract Value (TCV): **$3000**\nGuaranteed Years: 2 (1K Penalty for early cut)\n\nWhat else can brown do for you? :upsbot:\n\nDM me to discuss: @UPS Contracts Hub Bot""}"
2024-09-01 19:31:23,2024,2024,2024,contract-activity,submission,0001,Ulterior Warrior,https://www45.myfantasyleague.com/fflnetdynamic2014/30590_franchise_icon0001.jpg,15972,"Mason, Jordan",2,8000,6000,4000,submission,"{""2024"": 4000, ""2025"": 4000}","{""source_file"": ""/Users/keithcreelman/Desktop/MFL_Scripts/Datastorage/Discord Chat/UPS Dynasty FFL - Automated League Updates - contract-activity [1059113303059730494].csv"", ""source_channel"": ""contract-activity"", ""message_author"": ""UPS Contracts Hub Bot#8171"", ""message_date_raw"": ""2024-09-01T19:31:23.4920000-04:00"", ""event_type"": ""submission"", ""team_raw"": ""Ulterior Warrior"", ""player_raw"": ""Mason, Jordan"", ""year_values"": {""2024"": 4000, ""2025"": 4000}, ""content"": ""HEAR YE! HEAR YE! \n\n**Ulterior Warrior** has just made a contract submission!\n\nA new contract for **Mason, Jordan** for **2 years**.\nYearly Breakdown:\n- Year 1: $4000\n- Year 2: $4000\nTotal Contract Value (TCV): **$8000**\nGuaranteed Amount: $6000\n\nWhat else can brown do for you? :upsbot:\n\nDM me to discuss: @UPS Contracts Hub Bot""}"
2024-09-01 19:32:24,2024,2024,2024,contract-activity,submission,0001,Ulterior Warrior,https://www45.myfantasyleague.com/fflnetdynamic2014/30590_franchise_icon0001.jpg,14127,"Meyers, Jakobi",3,12000,9000,4000,submission,"{""2024"": 4000, ""2025"": 4000, ""2026"": 4000}","{""source_file"": ""/Users/keithcreelman/Desktop/MFL_Scripts/Datastorage/Discord Chat/UPS Dynasty FFL - Automated League Updates - contract-activity [1059113303059730494].csv"", ""source_channel"": ""contract-activity"", ""message_author"": ""UPS Contracts Hub Bot#8171"", ""message_date_raw"": ""2024-09-01T19:32:24.9160000-04:00"", ""event_type"": ""submission"", ""team_raw"": ""Ulterior Warrior"", ""player_raw"": ""Meyers, Jakobi"", ""year_values"": {""2024"": 4000, ""2025"": 4000, ""2026"": 4000}, ""content"": ""HEAR YE! HEAR YE! \n\n**Ulterior Warrior** has just made a contract submission!\n\nA new contract for **Meyers, Jakobi** for **3 years**.\nYearly Breakdown:\n- Year 1: $4000\n- Year 2: $4000\n- Year 3: $4000\nTotal Contract Value (TCV): **$12000**\nGuaranteed Amount: $9000\n\nWhat else can brown do for you? :upsbot:\n\nDM me to discuss: @UPS Contracts Hub Bot""}"
2024-09-01 19:33:07,2024,2024,2024,contract-activity,submission,0001,Ulterior Warrior,https://www45.myfantasyleague.com/fflnetdynamic2014/30590_franchise_icon0001.jpg,13154,"Williams, Mike",2,6000,4500,3000,submission,"{""2024"": 3000, ""2025"": 3000}","{""source_file"": ""/Users/keithcreelman/Desktop/MFL_Scripts/Datastorage/Discord Chat/UPS Dynasty FFL - Automated League Updates - contract-activity [1059113303059730494].csv"", ""source_channel"": ""contract-activity"", ""message_author"": ""UPS Contracts Hub Bot#8171"", ""message_date_raw"": ""2024-09-01T19:33:07.1000000-04:00"", ""event_type"": ""submission"", ""team_raw"": ""Ulterior Warrior"", ""player_raw"": ""Williams, Mike"", ""year_values"": {""2024"": 3000, ""2025"": 3000}, ""content"": ""HEAR YE! HEAR YE! \n\n**Ulterior Warrior** has just made a contract submission!\n\nA new contract for **Williams, Mike** for **2 years**.\nYearly Breakdown:\n- Year 1: $3000\n- Year 2: $3000\nTotal Contract Value (TCV): **$6000**\nGuaranteed Amount: $4500\n\nWhat else can brown do for you? :upsbot:\n\nDM me to discuss: @UPS Contracts Hub Bot""}"
2024-09-01 19:43:24,2024,2024,2024,contract-activity,submission,0010,Blake Bombers,https://www48.myfantasyleague.com/fflnetdynamic2019/74598_franchise_logo0010.png,16287,"Tucker, Tre",3,3000,2000,1000,submission,"{""2024"": 1000, ""2025"": 1000, ""2026"": 1000}","{""source_file"": ""/Users/keithcreelman/Desktop/MFL_Scripts/Datastorage/Discord Chat/UPS Dynasty FFL - Automated League Updates - contract-activity [1059113303059730494].csv"", ""source_channel"": ""contract-activity"", ""message_author"": ""UPS Contracts Hub Bot#8171"", ""message_date_raw"": ""2024-09-01T19:43:24.3940000-04:00"", ""event_type"": ""submission"", ""team_raw"": ""Blake Bombers"", ""player_raw"": ""Tucker, Tre"", ""year_values"": {""2024"": 1000, ""2025"": 1000, ""2026"": 1000}, ""content"": ""HEAR YE! HEAR YE! \n\n**Blake Bombers** has just made a contract submission!\n\nA new contract for **Tucker, Tre** for **3 years**.\nYearly Breakdown:\n- Year 1: $1000\n- Year 2: $1000\n- Year 3: $1000\nTotal Contract Value (TCV): **$3000**\nGuaranteed Years: 2 (1K Penalty for early cut)\n\nWhat else can brown do for you? :upsbot:\n\nDM me to discuss: @UPS Contracts Hub Bot""}"
2024-09-01 19:53:10,2024,2024,2024,contract-activity,submission,0001,Ulterior Warrior,https://www45.myfantasyleague.com/fflnetdynamic2014/30590_franchise_icon0001.jpg,13681,"Chubb, Bradley",2,6000,4500,3000,submission,"{""2024"": 3000, ""2025"": 3000}","{""source_file"": ""/Users/keithcreelman/Desktop/MFL_Scripts/Datastorage/Discord Chat/UPS Dynasty FFL - Automated League Updates - contract-activity [1059113303059730494].csv"", ""source_channel"": ""contract-activity"", ""message_author"": ""UPS Contracts Hub Bot#8171"", ""message_date_raw"": ""2024-09-01T19:53:10.3400000-04:00"", ""event_type"": ""submission"", ""team_raw"": ""Ulterior Warrior"", ""player_raw"": ""Chubb, Bradley"", ""year_values"": {""2024"": 3000, ""2025"": 3000}, ""content"": ""HEAR YE! HEAR YE! \n\n**Ulterior Warrior** has just made a contract submission!\n\nA new contract for **Chubb, Bradley** for **2 years**.\nYearly Breakdown:\n- Year 1: $3000\n- Year 2: $3000\nTotal Contract Value (TCV): **$6000**\nGuaranteed Amount: $4500\n\nWhat else can brown do for you? :upsbot:\n\nDM me to discuss: @UPS Contracts Hub Bot""}"
2024-09-01 19:54:36,2024,2024,2024,contract-activity,submission,0001,Ulterior Warrior,https://www45.myfantasyleague.com/fflnetdynamic2014/30590_franchise_icon0001.jpg,16678,"Vaki, Sione",2,2000,1000,1000,submission,"{""2024"": 1000, ""2025"": 1000}","{""source_file"": ""/Users/keithcreelman/Desktop/MFL_Scripts/Datastorage/Discord Chat/UPS Dynasty FFL - Automated League Updates - contract-activity [1059113303059730494].csv"", ""source_channel"": ""contract-activity"", ""message_author"": ""UPS Contracts Hub Bot#8171"", ""message_date_raw"": ""2024-09-01T19:54:36.5740000-04:00"", ""event_type"": ""submission"", ""team_raw"": ""Ulterior Warrior"", ""player_raw"": ""Vaki, Sione"", ""year_values"": {""2024"": 1000, ""2025"": 1000}, ""content"": ""HEAR YE! HEAR YE! \n\n**Ulterior Warrior** has just made a contract submission!\n\nA new contract for **Vaki, Sione** for **2 years**.\nYearly Breakdown:\n- Year 1: $1000\n- Year 2: $1000\nTotal Contract Value (TCV): **$2000**\nGuaranteed Years: 1 (1K Penalty for early cut)\n\nWhat else can brown do for you? :upsbot:\n\nDM me to discuss: @UPS Contracts Hub Bot""}"
2024-09-01 19:58:43,2024,2024,2024,contract-activity,submission,0001,Ulterior Warrior,https://www45.myfantasyleague.com/fflnetdynamic2014/30590_franchise_icon0001.jpg,14867,"Kmet, Cole",3,27000,20250,9000,submission,"{""2024"": 20000, ""2025"": 1000, ""2026"": 6000}","{""source_file"": ""/Users/keithcreelman/Desktop/MFL_Scripts/Datastorage/Discord Chat/UPS Dynasty FFL - Automated League Updates - contract-activity [1059113303059730494].csv"", ""source_channel"": ""contract-activity"", ""message_author"": ""UPS Contracts Hub Bot#8171"", ""message_date_raw"": ""2024-09-01T19:58:43.4390000-04:00"", ""event_type"": ""submission"", ""team_raw"": ""Ulterior Warrior"", ""player_raw"": ""Kmet, Cole"", ""year_values"": {""2024"": 20000, ""2025"": 1000, ""2026"": 6000}, ""content"": ""HEAR YE! HEAR YE! \n\n**Ulterior Warrior** has just made a contract submission!\n\nA new contract for **Kmet, Cole** for **3 years**.\nYearly Breakdown:\n- Year 1: $20000\n- Year 2: $1000\n- Year 3: $6000\nTotal Contract Value (TCV): **$27000**\nGuaranteed Amount: $20250\n\nWhat else can brown do for you? :upsbot:\n\nDM me to discuss: @UPS Contracts Hub Bot""}"
2024-09-01 20:14:20,2024,2024,2024,contract-activity,submission,0010,Blake Bombers,https://www48.myfantasyleague.com/fflnetdynamic2019/74598_franchise_logo0010.png,15001,"Curl, Kamren",2,4000,2000,2000,submission,"{""2024"": 2000, ""2025"": 2000}","{""source_file"": ""/Users/keithcreelman/Desktop/MFL_Scripts/Datastorage/Discord Chat/UPS Dynasty FFL - Automated League Updates - contract-activity [1059113303059730494].csv"", ""source_channel"": ""contract-activity"", ""message_author"": ""UPS Contracts Hub Bot#8171"", ""message_date_raw"": ""2024-09-01T20:14:20.9460000-04:00"", ""event_type"": ""submission"", ""team_raw"": ""Blake Bombers"", ""player_raw"": ""Curl, Kamren"", ""year_values"": {""2024"": 2000, ""2025"": 2000}, ""content"": ""HEAR YE! HEAR YE! \n\n**Blake Bombers** has just made a contract submission!\n\nA new contract for **Curl, Kamren** for **2 years**.\nYearly Breakdown:\n- Year 1: $2000\n- Year 2: $2000\nTotal Contract Value (TCV): **$4000**\nGuaranteed Years: 1 (1K Penalty for early cut)\n\nWhat else can brown do for you? :upsbot:\n\nDM me to discuss: @UPS Contracts Hub Bot""}"
2024-09-01 20:16:08,2024,2024,2024,contract-activity,submission,0010,Blake Bombers,https://www48.myfantasyleague.com/fflnetdynamic2019/74598_franchise_logo0010.png,14995,"Metellus, Josh",2,4000,2000,2000,submission,"{""2024"": 2000, ""2025"": 2000}","{""source_file"": ""/Users/keithcreelman/Desktop/MFL_Scripts/Datastorage/Discord Chat/UPS Dynasty FFL - Automated League Updates - contract-activity [1059113303059730494].csv"", ""source_channel"": ""contract-activity"", ""message_author"": ""UPS Contracts Hub Bot#8171"", ""message_date_raw"": ""2024-09-01T20:16:08.2910000-04:00"", ""event_type"": ""submission"", ""team_raw"": ""Blake Bombers"", ""player_raw"": ""Metellus, Josh"", ""year_values"": {""2024"": 2000, ""2025"": 2000}, ""content"": ""HEAR YE! HEAR YE! \n\n**Blake Bombers** has just made a contract submission!\n\nA new contract for **Metellus, Josh** for **2 years**.\nYearly Breakdown:\n- Year 1: $2000\n- Year 2: $2000\nTotal Contract Value (TCV): **$4000**\nGuaranteed Years: 1 (1K Penalty for early cut)\n\nWhat else can brown do for you? :upsbot:\n\nDM me to discuss: @UPS Contracts Hub Bot""}"
2024-09-01 20:16:41,2024,2024,2024,contract-activity,submission,0011,Cleon Ca$h,https://www48.myfantasyleague.com/fflnetdynamic2019/74598_franchise_logo0011.png,12186,"Diggs, Stefon",2,32000,24000,16000,submission,"{""2024"": 16000, ""2025"": 16000}","{""source_file"": ""/Users/keithcreelman/Desktop/MFL_Scripts/Datastorage/Discord Chat/UPS Dynasty FFL - Automated League Updates - contract-activity [1059113303059730494].csv"", ""source_channel"": ""contract-activity"", ""message_author"": ""UPS Contracts Hub Bot#8171"", ""message_date_raw"": ""2024-09-01T20:16:41.2180000-04:00"", ""event_type"": ""submission"", ""team_raw"": ""Cleon Ca$h"", ""player_raw"": ""Diggs, Stefon"", ""year_values"": {""2024"": 16000, ""2025"": 16000}, ""content"": ""HEAR YE! HEAR YE! \n\n**Cleon Ca$h** has just made a contract submission!\n\nA new contract for **Diggs, Stefon** for **2 years**.\nYearly Breakdown:\n- Year 1: $16000\n- Year 2: $16000\nTotal Contract Value (TCV): **$32000**\nGuaranteed Amount: $24000\n\nWhat else can brown do for you? :upsbot:\n\nDM me to discuss: @UPS Contracts Hub Bot""}"
2024-09-01 20:41:28,2024,2024,2024,contract-activity,submission,0004,Pure Greatness,https://www48.myfantasyleague.com/fflnetdynamic2019/74598_franchise_logo0004.png,12620,"Prescott, Dak",2,90000,67500,45000,submission,"{""2024"": 45000, ""2025"": 45000}","{""source_file"": ""/Users/keithcreelman/Desktop/MFL_Scripts/Datastorage/Discord Chat/UPS Dynasty FFL - Automated League Updates - contract-activity [1059113303059730494].csv"", ""source_channel"": ""contract-activity"", ""message_author"": ""UPS Contracts Hub Bot#8171"", ""message_date_raw"": ""2024-09-01T20:41:28.7290000-04:00"", ""event_type"": ""submission"", ""team_raw"": ""Pure Greatness"", ""player_raw"": ""Prescott, Dak"", ""year_values"": {""2024"": 45000, ""2025"": 45000}, ""content"": ""HEAR YE! HEAR YE! \n\n**Pure Greatness** has just made a contract submission!\n\nA new contract for **Prescott, Dak** for **2 years**.\nYearly Breakdown:\n- Year 1: $45000\n- Year 2: $45000\nTotal Contract Value (TCV): **$90000**\nGuaranteed Amount: $67500\n\nWhat else can brown do for you? :upsbot:\n\nDM me to discuss: @UPS Contracts Hub Bot""}"
2024-09-01 20:42:42,2024,2024,2024,contract-activity,submission,0004,Pure Greatness,https://www48.myfantasyleague.com/fflnetdynamic2019/74598_franchise_logo0004.png,10703,"Wilson, Russell",2,14000,10500,7000,submission,"{""2024"": 10000, ""2025"": 4000}","{""source_file"": ""/Users/keithcreelman/Desktop/MFL_Scripts/Datastorage/Discord Chat/UPS Dynasty FFL - Automated League Updates - contract-activity [1059113303059730494].csv"", ""source_channel"": ""contract-activity"", ""message_author"": ""UPS Contracts Hub Bot#8171"", ""message_date_raw"": ""2024-09-01T20:42:42.4250000-04:00"", ""event_type"": ""submission"", ""team_raw"": ""Pure Greatness"", ""player_raw"": ""Wilson, Russell"", ""year_values"": {""2024"": 10000, ""2025"": 4000}, ""content"": ""HEAR YE! HEAR YE! \n\n**Pure Greatness** has just made a contract submission!\n\nA new contract for **Wilson, Russell** for **2 years**.\nYearly Breakdown:\n- Year 1: $10000\n- Year 2: $4000\nTotal Contract Value (TCV): **$14000**\nGuaranteed Amount: $10500\n\nWhat else can brown do for you? :upsbot:\n\nDM me to discuss: @UPS Contracts Hub Bot""}"
2024-09-01 20:48:28,2024,2024,2024,contract-activity,submission,0004,Pure Greatness,https://www48.myfantasyleague.com/fflnetdynamic2019/74598_franchise_logo0004.png,15452,"Hufanga, Talanoa",3,3000,2000,1000,submission,"{""2024"": 1000, ""2025"": 1000, ""2026"": 1000}","{""source_file"": ""/Users/keithcreelman/Desktop/MFL_Scripts/Datastorage/Discord Chat/UPS Dynasty FFL - Automated League Updates - contract-activity [1059113303059730494].csv"", ""source_channel"": ""contract-activity"", ""message_author"": ""UPS Contracts Hub Bot#8171"", ""message_date_raw"": ""2024-09-01T20:48:28.4440000-04:00"", ""event_type"": ""submission"", ""team_raw"": ""Pure Greatness"", ""player_raw"": ""Hufanga, Talanoa"", ""year_values"": {""2024"": 1000, ""2025"": 1000, ""2026"": 1000}, ""content"": ""HEAR YE! HEAR YE! \n\n**Pure Greatness** has just made a contract submission!\n\nA new contract for **Hufanga, Talanoa** for **3 years**.\nYearly Breakdown:\n- Year 1: $1000\n- Year 2: $1000\n- Year 3: $1000\nTotal Contract Value (TCV): **$3000**\nGuaranteed Years: 2 (1K Penalty for early cut)\n\nWhat else can brown do for you? :upsbot:\n\nDM me to discuss: @UPS Contracts Hub Bot""}"
2024-09-01 20:49:51,2024,2024,2024,contract-activity,submission,0004,Pure Greatness,https://www48.myfantasyleague.com/fflnetdynamic2019/74598_franchise_logo0004.png,15351,"Owusu-Koramoah, Jeremiah",3,3000,2000,1000,submission,"{""2024"": 1000, ""2025"": 1000, ""2026"": 1000}","{""source_file"": ""/Users/keithcreelman/Desktop/MFL_Scripts/Datastorage/Discord Chat/UPS Dynasty FFL - Automated League Updates - contract-activity [1059113303059730494].csv"", ""source_channel"": ""contract-activity"", ""message_author"": ""UPS Contracts Hub Bot#8171"", ""message_date_raw"": ""2024-09-01T20:49:51.2770000-04:00"", ""event_type"": ""submission"", ""team_raw"": ""Pure Greatness"", ""player_raw"": ""Owusu-Koramoah, Jeremiah"", ""year_values"": {""2024"": 1000, ""2025"": 1000, ""2026"": 1000}, ""content"": ""HEAR YE! HEAR YE! \n\n**Pure Greatness** has just made a contract submission!\n\nA new contract for **Owusu-Koramoah, Jeremiah** for **3 years**.\nYearly Breakdown:\n- Year 1: $1000\n- Year 2: $1000\n- Year 3: $1000\nTotal Contract Value (TCV): **$3000**\nGuaranteed Years: 2 (1K Penalty for early cut)\n\nWhat else can brown do for you? :upsbot:\n\nDM me to discuss: @UPS Contracts Hub Bot""}"
2024-09-01 23:28:22,2024,2024,2024,contract-activity,submission,0001,Ulterior Warrior,https://www45.myfantasyleague.com/fflnetdynamic2014/30590_franchise_icon0001.jpg,13319,"Jones, Aaron",2,20000,15000,10000,submission,"{""2024"": 15000, ""2025"": 5000}","{""source_file"": ""/Users/keithcreelman/Desktop/MFL_Scripts/Datastorage/Discord Chat/UPS Dynasty FFL - Automated League Updates - contract-activity [1059113303059730494].csv"", ""source_channel"": ""contract-activity"", ""message_author"": ""UPS Contracts Hub Bot#8171"", ""message_date_raw"": ""2024-09-01T23:28:22.6240000-04:00"", ""event_type"": ""submission"", ""team_raw"": ""Ulterior Warrior"", ""player_raw"": ""Jones, Aaron"", ""year_values"": {""2024"": 15000, ""2025"": 5000}, ""content"": ""HEAR YE! HEAR YE! \n\n**Ulterior Warrior** has just made a contract submission!\n\nA new contract for **Jones, Aaron** for **2 years**.\nYearly Breakdown:\n- Year 1: $15000\n- Year 2: $5000\nTotal Contract Value (TCV): **$20000**\nGuaranteed Amount: $15000\n\nWhat else can brown do for you? :upsbot:\n\nDM me to discuss: @UPS Contracts Hub Bot""}"
2024-09-16 18:09:09,2024,2024,2024,contract-activity,submission,0002,CBP,https://www48.myfantasyleague.com/fflnetdynamic2023/74598_franchise_logo0002.png,13132,"Kamara, Alvin",2,54000,40500,27000,submission,"{""2024"": 27000, ""2025"": 27000}","{""source_file"": ""/Users/keithcreelman/Desktop/MFL_Scripts/Datastorage/Discord Chat/UPS Dynasty FFL - Automated League Updates - contract-activity [1059113303059730494].csv"", ""source_channel"": ""contract-activity"", ""message_author"": ""UPS Contracts Hub Bot#8171"", ""message_date_raw"": ""2024-09-16T18:09:09.2630000-04:00"", ""event_type"": ""submission"", ""team_raw"": ""CBP"", ""player_raw"": ""Kamara, Alvin"", ""year_values"": {""2024"": 27000, ""2025"": 27000}, ""content"": ""HEAR YE! HEAR YE! \n\n**CBP** has just made a contract submission!\n\nA new contract for **Kamara, Alvin** for **2 years**.\nYearly Breakdown:\n- Year 1: $27000\n- Year 2: $27000\nTotal Contract Value (TCV): **$54000**\nGuaranteed Amount: $40500\n\nWhat else can brown do for you? :upsbot:\n\nDM me to discuss: @UPS Contracts Hub Bot""}"
2024-09-17 12:44:20,2024,2024,2024,contract-activity,submission,0002,CBP,https://www48.myfantasyleague.com/fflnetdynamic2023/74598_franchise_logo0002.png,14322,"Edwards, T.J.",3,12000,9000,4000,submission,"{""2024"": 4000, ""2025"": 4000, ""2026"": 4000}","{""source_file"": ""/Users/keithcreelman/Desktop/MFL_Scripts/Datastorage/Discord Chat/UPS Dynasty FFL - Automated League Updates - contract-activity [1059113303059730494].csv"", ""source_channel"": ""contract-activity"", ""message_author"": ""UPS Contracts Hub Bot#8171"", ""message_date_raw"": ""2024-09-17T12:44:20.6710000-04:00"", ""event_type"": ""submission"", ""team_raw"": ""CBP"", ""player_raw"": ""Edwards, T.J."", ""year_values"": {""2024"": 4000, ""2025"": 4000, ""2026"": 4000}, ""content"": ""HEAR YE! HEAR YE! \n\n**CBP** has just made a contract submission!\n\nA new contract for **Edwards, T.J.** for **3 years**.\nYearly Breakdown:\n- Year 1: $4000\n- Year 2: $4000\n- Year 3: $4000\nTotal Contract Value (TCV): **$12000**\nGuaranteed Amount: $9000\n\nWhat else can brown do for you? :upsbot:\n\nDM me to discuss: @UPS Contracts Hub Bot""}"
2024-09-17 12:45:18,2024,2024,2024,contract-activity,submission,0002,CBP,https://www48.myfantasyleague.com/fflnetdynamic2023/74598_franchise_logo0002.png,14412,"Singleton, Alex",2,6000,4500,3000,submission,"{""2024"": 3000, ""2025"": 3000}","{""source_file"": ""/Users/keithcreelman/Desktop/MFL_Scripts/Datastorage/Discord Chat/UPS Dynasty FFL - Automated League Updates - contract-activity [1059113303059730494].csv"", ""source_channel"": ""contract-activity"", ""message_author"": ""UPS Contracts Hub Bot#8171"", ""message_date_raw"": ""2024-09-17T12:45:18.4020000-04:00"", ""event_type"": ""submission"", ""team_raw"": ""CBP"", ""player_raw"": ""Singleton, Alex"", ""year_values"": {""2024"": 3000, ""2025"": 3000}, ""content"": ""HEAR YE! HEAR YE! \n\n**CBP** has just made a contract submission!\n\nA new contract for **Singleton, Alex** for **2 years**.\nYearly Breakdown:\n- Year 1: $3000\n- Year 2: $3000\nTotal Contract Value (TCV): **$6000**\nGuaranteed Amount: $4500\n\nWhat else can brown do for you? :upsbot:\n\nDM me to discuss: @UPS Contracts Hub Bot""}"
2024-10-12 11:31:47,2024,2024,2024,contract-activity,mym_submission,0008,Real Deal Creel,https://www48.myfantasyleague.com/fflnetdynamic2023/74598_franchise_logo0008.png,14909,"Winfield, Antoine",3,3000,2000,1000,submission,"{""2024"": 1000, ""2025"": 1000, ""2026"": 1000}","{""source_file"": ""/Users/keithcreelman/Desktop/MFL_Scripts/Datastorage/Discord Chat/UPS Dynasty FFL - Automated League Updates - contract-activity [1059113303059730494].csv"", ""source_channel"": ""contract-activity"", ""message_author"": ""UPS Contracts Hub Bot#8171"", ""message_date_raw"": ""2024-10-12T11:31:47.0830000-04:00"", ""event_type"": ""mym_submission"", ""team_raw"": ""Real Deal Creel"", ""player_raw"": ""Winfield, Antoine"", ""year_values"": {""2024"": 1000, ""2025"": 1000, ""2026"": 1000}, ""content"": ""HEAR YE! HEAR YE! \n\n**Real Deal Creel** has just made a MYM contract submission!\n\nA new contract for **Winfield, Antoine** for **3 years**.\nYearly Breakdown:\n- Year 1: $1000\n- Year 2: $1000\n- Year 3: $1000\nTotal Contract Value (TCV): **$3000**\nGuaranteed Years: 2 (1K Penalty for early cut)\n\nWhat else can brown do for you? :upsbot:\n\nDM me to discuss: @UPS Contracts Hub Bot""}"
2024-10-19 18:51:50,2024,2024,2024,contract-activity,mym_submission,0010,Blake Bombers,https://www48.myfantasyleague.com/fflnetdynamic2019/74598_franchise_logo0010.png,16383,"Pace, Ivan",2,2000,1000,1000,submission,"{""2024"": 1000, ""2025"": 1000}","{""source_file"": ""/Users/keithcreelman/Desktop/MFL_Scripts/Datastorage/Discord Chat/UPS Dynasty FFL - Automated League Updates - contract-activity [1059113303059730494].csv"", ""source_channel"": ""contract-activity"", ""message_author"": ""UPS Contracts Hub Bot#8171"", ""message_date_raw"": ""2024-10-19T18:51:50.9620000-04:00"", ""event_type"": ""mym_submission"", ""team_raw"": ""Blake Bombers"", ""player_raw"": ""Pace, Ivan"", ""year_values"": {""2024"": 1000, ""2025"": 1000}, ""content"": ""HEAR YE! HEAR YE! \n\n**Blake Bombers** has just made a MYM contract submission!\n\nA new contract for **Pace, Ivan** for **2 years**.\nYearly Breakdown:\n- Year 1: $1000\n- Year 2: $1000\nTotal Contract Value (TCV): **$2000**\nGuaranteed Years: 1 (1K Penalty for early cut)\n\nWhat else can brown do for you? :upsbot:\n\nDM me to discuss: @UPS Contracts Hub Bot""}"
2024-10-24 19:00:27,2024,2024,2024,contract-activity,mym_submission,0009,C-Town Chivalry,https://www48.myfantasyleague.com/fflnetdynamic2019/74598_franchise_logo0009.png,13668,"Chark, D.J.",3,3000,2000,1000,submission,"{""2024"": 1000, ""2025"": 1000, ""2026"": 1000}","{""source_file"": ""/Users/keithcreelman/Desktop/MFL_Scripts/Datastorage/Discord Chat/UPS Dynasty FFL - Automated League Updates - contract-activity [1059113303059730494].csv"", ""source_channel"": ""contract-activity"", ""message_author"": ""UPS Contracts Hub Bot#8171"", ""message_date_raw"": ""2024-10-24T19:00:27.1740000-04:00"", ""event_type"": ""mym_submission"", ""team_raw"": ""C-Town Chivalry"", ""player_raw"": ""Chark, D.J."", ""year_values"": {""2024"": 1000, ""2025"": 1000, ""2026"": 1000}, ""content"": ""HEAR YE! HEAR YE! \n\n**C-Town Chivalry** has just made a MYM contract submission!\n\nA new contract for **Chark, D.J.** for **3 years**.\nYearly Breakdown:\n- Year 1: $1000\n- Year 2: $1000\n- Year 3: $1000\nTotal Contract Value (TCV): **$3000**\nGuaranteed Years: 2 (1K Penalty for early cut)\n\nWhat else can brown do for you? :upsbot:\n\nDM me to discuss: @UPS Contracts Hub Bot""}"
2024-10-24 20:00:01,2024,2024,2024,contract-activity,mym_submission,0010,Blake Bombers,https://www48.myfantasyleague.com/fflnetdynamic2019/74598_franchise_logo0010.png,15858,"Andersen, Troy",3,3000,2000,1000,submission,"{""2024"": 1000, ""2025"": 1000, ""2026"": 1000}","{""source_file"": ""/Users/keithcreelman/Desktop/MFL_Scripts/Datastorage/Discord Chat/UPS Dynasty FFL - Automated League Updates - contract-activity [1059113303059730494].csv"", ""source_channel"": ""contract-activity"", ""message_author"": ""UPS Contracts Hub Bot#8171"", ""message_date_raw"": ""2024-10-24T20:00:01.1940000-04:00"", ""event_type"": ""mym_submission"", ""team_raw"": ""Blake Bombers"", ""player_raw"": ""Andersen, Troy"", ""year_values"": {""2024"": 1000, ""2025"": 1000, ""2026"": 1000}, ""content"": ""HEAR YE! HEAR YE! \n\n**Blake Bombers** has just made a MYM contract submission!\n\nA new contract for **Andersen, Troy** for **3 years**.\nYearly Breakdown:\n- Year 1: $1000\n- Year 2: $1000\n- Year 3: $1000\nTotal Contract Value (TCV): **$3000**\nGuaranteed Years: 2 (1K Penalty for early cut)\n\nWhat else can brown do for you? :upsbot:\n\nDM me to discuss: @UPS Contracts Hub Bot""}"
2024-11-03 09:51:29,2024,2024,2024,contract-activity,mym_submission,0003,Gride,https://www48.myfantasyleague.com/fflnetdynamic2019/74598_franchise_logo0003.png,16809,"Coker, Jalen",3,3000,2000,1000,submission,"{""2024"": 1000, ""2025"": 1000, ""2026"": 1000}","{""source_file"": ""/Users/keithcreelman/Desktop/MFL_Scripts/Datastorage/Discord Chat/UPS Dynasty FFL - Automated League Updates - contract-activity [1059113303059730494].csv"", ""source_channel"": ""contract-activity"", ""message_author"": ""UPS Contracts Hub Bot#8171"", ""message_date_raw"": ""2024-11-03T09:51:29.4400000-05:00"", ""event_type"": ""mym_submission"", ""team_raw"": ""Gride"", ""player_raw"": ""Coker, Jalen"", ""year_values"": {""2024"": 1000, ""2025"": 1000, ""2026"": 1000}, ""content"": ""HEAR YE! HEAR YE! \n\n**Gride** has just made a MYM contract submission!\n\nA new contract for **Coker, Jalen** for **3 years**.\nYearly Breakdown:\n- Year 1: $1000\n- Year 2: $1000\n- Year 3: $1000\nTotal Contract Value (TCV): **$3000**\nGuaranteed Years: 2 (1K Penalty for early cut)\n\nWhat else can brown do for you? :upsbot:\n\nDM me to discuss: @UPS Contracts Hub Bot""}"
2024-11-10 10:23:03,2024,2024,2024,contract-activity,mym_submission,0004,Pure Greatness,https://www48.myfantasyleague.com/fflnetdynamic2019/74598_franchise_logo0004.png,15815,"Walker, Travon",3,3000,2000,1000,submission,"{""2024"": 1000, ""2025"": 1000, ""2026"": 1000}","{""source_file"": ""/Users/keithcreelman/Desktop/MFL_Scripts/Datastorage/Discord Chat/UPS Dynasty FFL - Automated League Updates - contract-activity [1059113303059730494].csv"", ""source_channel"": ""contract-activity"", ""message_author"": ""UPS Contracts Hub Bot#8171"", ""message_date_raw"": ""2024-11-10T10:23:03.3380000-05:00"", ""event_type"": ""mym_submission"", ""team_raw"": ""Pure Greatness"", ""player_raw"": ""Walker, Travon"", ""year_values"": {""2024"": 1000, ""2025"": 1000, ""2026"": 1000}, ""content"": ""HEAR YE! HEAR YE! \n\n**Pure Greatness** has just made a MYM contract submission!\n\nA new contract for **Walker, Travon** for **3 years**.\nYearly Breakdown:\n- Year 1: $1000\n- Year 2: $1000\n- Year 3: $1000\nTotal Contract Value (TCV): **$3000**\nGuaranteed Years: 2 (1K Penalty for early cut)\n\nWhat else can brown do for you? :upsbot:\n\nDM me to discuss: @UPS Contracts Hub Bot""}"
2024-11-11 08:06:51,2024,2025,2024,contract-activity,mym_submission,0006,The Long Haulers,https://www48.myfantasyleague.com/fflnetdynamic2023/74598_franchise_logo0006.png,15484,"Cooper, Jonathon",3,3000,2000,1000,submission,"{""2024"": 1000, ""2025"": 1000, ""2026"": 1000}","{""source_file"": ""/Users/keithcreelman/Desktop/MFL_Scripts/Datastorage/Discord Chat/UPS Dynasty FFL - Automated League Updates - contract-activity [1059113303059730494].csv"", ""source_channel"": ""contract-activity"", ""message_author"": ""UPS Contracts Hub Bot#8171"", ""message_date_raw"": ""2024-11-11T08:06:51.6860000-05:00"", ""event_type"": ""mym_submission"", ""team_raw"": ""The Long Haulers"", ""player_raw"": ""Cooper, Jonathon"", ""year_values"": {""2024"": 1000, ""2025"": 1000, ""2026"": 1000}, ""content"": ""HEAR YE! HEAR YE! \n\n**The Long Haulers** has just made a MYM contract submission!\n\nA new contract for **Cooper, Jonathon** for **3 years**.\nYearly Breakdown:\n- Year 1: $1000\n- Year 2: $1000\n- Year 3: $1000\nTotal Contract Value (TCV): **$3000**\nGuaranteed Years: 2 (1K Penalty for early cut)\n\nWhat else can brown do for you? :upsbot:\n\nDM me to discuss: @UPS Contracts Hub Bot""}"
2024-11-13 18:49:37,2024,2024,2024,contract-activity,mym_submission,0008,Real Deal Creel,https://www48.myfantasyleague.com/fflnetdynamic2023/74598_franchise_logo0008.png,14153,"Allen, Zach",3,3000,2000,1000,submission,"{""2024"": 1000, ""2025"": 1000, ""2026"": 1000}","{""source_file"": ""/Users/keithcreelman/Desktop/MFL_Scripts/Datastorage/Discord Chat/UPS Dynasty FFL - Automated League Updates - contract-activity [1059113303059730494].csv"", ""source_channel"": ""contract-activity"", ""message_author"": ""UPS Contracts Hub Bot#8171"", ""message_date_raw"": ""2024-11-13T18:49:37.8070000-05:00"", ""event_type"": ""mym_submission"", ""team_raw"": ""Real Deal Creel"", ""player_raw"": ""Allen, Zach"", ""year_values"": {""2024"": 1000, ""2025"": 1000, ""2026"": 1000}, ""content"": ""HEAR YE! HEAR YE! \n\n**Real Deal Creel** has just made a MYM contract submission!\n\nA new contract for **Allen, Zach** for **3 years**.\nYearly Breakdown:\n- Year 1: $1000\n- Year 2: $1000\n- Year 3: $1000\nTotal Contract Value (TCV): **$3000**\nGuaranteed Years: 2 (1K Penalty for early cut)\n\nWhat else can brown do for you? :upsbot:\n\nDM me to discuss: @UPS Contracts Hub Bot""}"
2024-11-16 09:08:34,2024,2024,2024,contract-activity,mym_submission,0004,Pure Greatness,https://www48.myfantasyleague.com/fflnetdynamic2019/74598_franchise_logo0004.png,14798,"Moss, Zack",3,3000,2000,1000,submission,"{""2024"": 1000, ""2025"": 1000, ""2026"": 1000}","{""source_file"": ""/Users/keithcreelman/Desktop/MFL_Scripts/Datastorage/Discord Chat/UPS Dynasty FFL - Automated League Updates - contract-activity [1059113303059730494].csv"", ""source_channel"": ""contract-activity"", ""message_author"": ""UPS Contracts Hub Bot#8171"", ""message_date_raw"": ""2024-11-16T09:08:34.6110000-05:00"", ""event_type"": ""mym_submission"", ""team_raw"": ""Pure Greatness"", ""player_raw"": ""Moss, Zack"", ""year_values"": {""2024"": 1000, ""2025"": 1000, ""2026"": 1000}, ""content"": ""HEAR YE! HEAR YE! \n\n**Pure Greatness** has just made a MYM contract submission!\n\nA new contract for **Moss, Zack** for **3 years**.\nYearly Breakdown:\n- Year 1: $1000\n- Year 2: $1000\n- Year 3: $1000\nTotal Contract Value (TCV): **$3000**\nGuaranteed Years: 2 (1K Penalty for early cut)\n\nWhat else can brown do for you? :upsbot:\n\nDM me to discuss: @UPS Contracts Hub Bot""}"
2024-11-16 12:06:29,2024,2024,2024,contract-activity,mym_submission,0001,Ulterior Warrior,https://www45.myfantasyleague.com/fflnetdynamic2014/30590_franchise_icon0001.jpg,15394,"Adebo, Paulson",2,2000,1000,1000,submission,"{""2024"": 1000, ""2025"": 1000}","{""source_file"": ""/Users/keithcreelman/Desktop/MFL_Scripts/Datastorage/Discord Chat/UPS Dynasty FFL - Automated League Updates - contract-activity [1059113303059730494].csv"", ""source_channel"": ""contract-activity"", ""message_author"": ""UPS Contracts Hub Bot#8171"", ""message_date_raw"": ""2024-11-16T12:06:29.1660000-05:00"", ""event_type"": ""mym_submission"", ""team_raw"": ""Ulterior Warrior"", ""player_raw"": ""Adebo, Paulson"", ""year_values"": {""2024"": 1000, ""2025"": 1000}, ""content"": ""HEAR YE! HEAR YE! \n\n**Ulterior Warrior** has just made a MYM contract submission!\n\nA new contract for **Adebo, Paulson** for **2 years**.\nYearly Breakdown:\n- Year 1: $1000\n- Year 2: $1000\nTotal Contract Value (TCV): **$2000**\nGuaranteed Years: 1 (1K Penalty for early cut)\n\nWhat else can brown do for you? :upsbot:\n\nDM me to discuss: @UPS Contracts Hub Bot""}"
2024-11-17 09:04:31,2024,2024,2024,contract-activity,mym_submission,0001,Ulterior Warrior,https://www45.myfantasyleague.com/fflnetdynamic2014/30590_franchise_icon0001.jpg,13470,"Moore, Kenny",2,2000,1000,1000,submission,"{""2024"": 1000, ""2025"": 1000}","{""source_file"": ""/Users/keithcreelman/Desktop/MFL_Scripts/Datastorage/Discord Chat/UPS Dynasty FFL - Automated League Updates - contract-activity [1059113303059730494].csv"", ""source_channel"": ""contract-activity"", ""message_author"": ""UPS Contracts Hub Bot#8171"", ""message_date_raw"": ""2024-11-17T09:04:31.7650000-05:00"", ""event_type"": ""mym_submission"", ""team_raw"": ""Ulterior Warrior"", ""player_raw"": ""Moore, Kenny"", ""year_values"": {""2024"": 1000, ""2025"": 1000}, ""content"": ""HEAR YE! HEAR YE! \n\n**Ulterior Warrior** has just made a MYM contract submission!\n\nA new contract for **Moore, Kenny** for **2 years**.\nYearly Breakdown:\n- Year 1: $1000\n- Year 2: $1000\nTotal Contract Value (TCV): **$2000**\nGuaranteed Years: 1 (1K Penalty for early cut)\n\nWhat else can brown do for you? :upsbot:\n\nDM me to discuss: @UPS Contracts Hub Bot""}"
2024-11-18 21:02:45,2024,2024,2024,contract-activity,mym_submission,0009,C-Town Chivalry,https://www48.myfantasyleague.com/fflnetdynamic2019/74598_franchise_logo0009.png,15923,"Lake, Quentin",3,3000,2000,1000,submission,"{""2024"": 1000, ""2025"": 1000, ""2026"": 1000}","{""source_file"": ""/Users/keithcreelman/Desktop/MFL_Scripts/Datastorage/Discord Chat/UPS Dynasty FFL - Automated League Updates - contract-activity [1059113303059730494].csv"", ""source_channel"": ""contract-activity"", ""message_author"": ""UPS Contracts Hub Bot#8171"", ""message_date_raw"": ""2024-11-18T21:02:45.6460000-05:00"", ""event_type"": ""mym_submission"", ""team_raw"": ""C-Town Chivalry"", ""player_raw"": ""Lake, Quentin"", ""year_values"": {""2024"": 1000, ""2025"": 1000, ""2026"": 1000}, ""content"": ""HEAR YE! HEAR YE! \n\n**C-Town Chivalry** has just made a MYM contract submission!\n\nA new contract for **Lake, Quentin** for **3 years**.\nYearly Breakdown:\n- Year 1: $1000\n- Year 2: $1000\n- Year 3: $1000\nTotal Contract Value (TCV): **$3000**\nGuaranteed Years: 2 (1K Penalty for early cut)\n\nWhat else can brown do for you? :upsbot:\n\nDM me to discuss: @UPS Contracts Hub Bot""}"
2024-11-18 23:33:07,2024,2025,2024,contract-activity,mym_submission,0006,The Long Haulers,https://www48.myfantasyleague.com/fflnetdynamic2023/74598_franchise_logo0006.png,14303,"Elliss, Kaden",3,3000,2000,1000,submission,"{""2024"": 1000, ""2025"": 1000, ""2026"": 1000}","{""source_file"": ""/Users/keithcreelman/Desktop/MFL_Scripts/Datastorage/Discord Chat/UPS Dynasty FFL - Automated League Updates - contract-activity [1059113303059730494].csv"", ""source_channel"": ""contract-activity"", ""message_author"": ""UPS Contracts Hub Bot#8171"", ""message_date_raw"": ""2024-11-18T23:33:07.2840000-05:00"", ""event_type"": ""mym_submission"", ""team_raw"": ""The Long Haulers"", ""player_raw"": ""Elliss, Kaden"", ""year_values"": {""2024"": 1000, ""2025"": 1000, ""2026"": 1000}, ""content"": ""HEAR YE! HEAR YE! \n\n**The Long Haulers** has just made a MYM contract submission!\n\nA new contract for **Elliss, Kaden** for **3 years**.\nYearly Breakdown:\n- Year 1: $1000\n- Year 2: $1000\n- Year 3: $1000\nTotal Contract Value (TCV): **$3000**\nGuaranteed Years: 2 (1K Penalty for early cut)\n\nWhat else can brown do for you? :upsbot:\n\nDM me to discuss: @UPS Contracts Hub Bot""}"
2024-11-19 01:49:11,2024,2024,2024,contract-activity,mym_submission,0005,HammerTime 🔨 ⏰,https://www48.myfantasyleague.com/fflnetdynamic2022/74598_franchise_logo0005.png,16239,"Campbell, Jack",3,9000,6750,3000,submission,"{""2024"": 3000, ""2025"": 3000, ""2026"": 3000}","{""source_file"": ""/Users/keithcreelman/Desktop/MFL_Scripts/Datastorage/Discord Chat/UPS Dynasty FFL - Automated League Updates - contract-activity [1059113303059730494].csv"", ""source_channel"": ""contract-activity"", ""message_author"": ""UPS Contracts Hub Bot#8171"", ""message_date_raw"": ""2024-11-19T01:49:11.1540000-05:00"", ""event_type"": ""mym_submission"", ""team_raw"": ""HammerTime \ud83d\udd28 \u23f0"", ""player_raw"": ""Campbell, Jack"", ""year_values"": {""2024"": 3000, ""2025"": 3000, ""2026"": 3000}, ""content"": ""HEAR YE! HEAR YE! \n\n**HammerTime \ud83d\udd28 \u23f0** has just made a MYM contract submission!\n\nA new contract for **Campbell, Jack** for **3 years**.\nYearly Breakdown:\n- Year 1: $3000\n- Year 2: $3000\n- Year 3: $3000\nTotal Contract Value (TCV): **$9000**\nGuaranteed Amount: $6750\n\nWhat else can brown do for you? :upsbot:\n\nDM me to discuss: @UPS Contracts Hub Bot""}"
2024-11-19 21:06:33,2024,2024,2024,contract-activity,mym_submission,0008,Real Deal Creel,https://www48.myfantasyleague.com/fflnetdynamic2023/74598_franchise_logo0008.png,15337,"Gray, Noah",3,3000,2000,1000,submission,"{""2024"": 1000, ""2025"": 1000, ""2026"": 1000}","{""source_file"": ""/Users/keithcreelman/Desktop/MFL_Scripts/Datastorage/Discord Chat/UPS Dynasty FFL - Automated League Updates - contract-activity [1059113303059730494].csv"", ""source_channel"": ""contract-activity"", ""message_author"": ""UPS Contracts Hub Bot#8171"", ""message_date_raw"": ""2024-11-19T21:06:33.5200000-05:00"", ""event_type"": ""mym_submission"", ""team_raw"": ""Real Deal Creel"", ""player_raw"": ""Gray, Noah"", ""year_values"": {""2024"": 1000, ""2025"": 1000, ""2026"": 1000}, ""content"": ""HEAR YE! HEAR YE! \n\n**Real Deal Creel** has just made a MYM contract submission!\n\nA new contract for **Gray, Noah** for **3 years**.\nYearly Breakdown:\n- Year 1: $1000\n- Year 2: $1000\n- Year 3: $1000\nTotal Contract Value (TCV): **$3000**\nGuaranteed Years: 2 (1K Penalty for early cut)\n\nWhat else can brown do for you? :upsbot:\n\nDM me to discuss: @UPS Contracts Hub Bot""}"
2024-11-24 09:07:57,2024,2024,2024,contract-activity,mym_submission,0010,Blake Bombers,https://www48.myfantasyleague.com/fflnetdynamic2019/74598_franchise_logo0010.png,15806,"Thibodeaux, Kayvon",3,6000,4500,2000,submission,"{""2024"": 2000, ""2025"": 2000, ""2026"": 2000}","{""source_file"": ""/Users/keithcreelman/Desktop/MFL_Scripts/Datastorage/Discord Chat/UPS Dynasty FFL - Automated League Updates - contract-activity [1059113303059730494].csv"", ""source_channel"": ""contract-activity"", ""message_author"": ""UPS Contracts Hub Bot#8171"", ""message_date_raw"": ""2024-11-24T09:07:57.5410000-05:00"", ""event_type"": ""mym_submission"", ""team_raw"": ""Blake Bombers"", ""player_raw"": ""Thibodeaux, Kayvon"", ""year_values"": {""2024"": 2000, ""2025"": 2000, ""2026"": 2000}, ""content"": ""HEAR YE! HEAR YE! \n\n**Blake Bombers** has just made a MYM contract submission!\n\nA new contract for **Thibodeaux, Kayvon** for **3 years**.\nYearly Breakdown:\n- Year 1: $2000\n- Year 2: $2000\n- Year 3: $2000\nTotal Contract Value (TCV): **$6000**\nGuaranteed Amount: $4500\n\nWhat else can brown do for you? :upsbot:\n\nDM me to discuss: @UPS Contracts Hub Bot""}"
2024-11-26 09:58:31,2024,2024,2024,contract-activity,mym_submission,0005,HammerTime 🔨 ⏰,https://www48.myfantasyleague.com/fflnetdynamic2022/74598_franchise_logo0005.png,16266,"Tuipulotu, Tuli",3,12000,9000,4000,submission,"{""2024"": 4000, ""2025"": 4000, ""2026"": 4000}","{""source_file"": ""/Users/keithcreelman/Desktop/MFL_Scripts/Datastorage/Discord Chat/UPS Dynasty FFL - Automated League Updates - contract-activity [1059113303059730494].csv"", ""source_channel"": ""contract-activity"", ""message_author"": ""UPS Contracts Hub Bot#8171"", ""message_date_raw"": ""2024-11-26T09:58:31.7430000-05:00"", ""event_type"": ""mym_submission"", ""team_raw"": ""HammerTime \ud83d\udd28 \u23f0"", ""player_raw"": ""Tuipulotu, Tuli"", ""year_values"": {""2024"": 4000, ""2025"": 4000, ""2026"": 4000}, ""content"": ""HEAR YE! HEAR YE! \n\n**HammerTime \ud83d\udd28 \u23f0** has just made a MYM contract submission!\n\nA new contract for **Tuipulotu, Tuli** for **3 years**.\nYearly Breakdown:\n- Year 1: $4000\n- Year 2: $4000\n- Year 3: $4000\nTotal Contract Value (TCV): **$12000**\nGuaranteed Amount: $9000\n\nWhat else can brown do for you? :upsbot:\n\nDM me to discuss: @UPS Contracts Hub Bot""}"
2024-11-27 12:38:55,2024,2024,2024,contract-activity,mym_submission,0012,Hawks,https://www48.myfantasyleague.com/fflnetdynamic2019/74598_franchise_logo0012.png,15868,"Jones, Marcus",3,3000,2000,1000,submission,"{""2024"": 1000, ""2025"": 1000, ""2026"": 1000}","{""source_file"": ""/Users/keithcreelman/Desktop/MFL_Scripts/Datastorage/Discord Chat/UPS Dynasty FFL - Automated League Updates - contract-activity [1059113303059730494].csv"", ""source_channel"": ""contract-activity"", ""message_author"": ""UPS Contracts Hub Bot#8171"", ""message_date_raw"": ""2024-11-27T12:38:55.3770000-05:00"", ""event_type"": ""mym_submission"", ""team_raw"": ""Hawks"", ""player_raw"": ""Jones, Marcus"", ""year_values"": {""2024"": 1000, ""2025"": 1000, ""2026"": 1000}, ""content"": ""HEAR YE! HEAR YE! \n\n**Hawks** has just made a MYM contract submission!\n\nA new contract for **Jones, Marcus** for **3 years**.\nYearly Breakdown:\n- Year 1: $1000\n- Year 2: $1000\n- Year 3: $1000\nTotal Contract Value (TCV): **$3000**\nGuaranteed Years: 2 (1K Penalty for early cut)\n\nWhat else can brown do for you? :upsbot:\n\nDM me to discuss: @UPS Contracts Hub Bot""}"
2024-11-28 09:51:32,2024,2024,2024,contract-activity,mym_submission,0009,C-Town Chivalry,https://www48.myfantasyleague.com/fflnetdynamic2019/74598_franchise_logo0009.png,12678,"Higbee, Tyler",3,3000,2000,1000,submission,"{""2024"": 1000, ""2025"": 1000, ""2026"": 1000}","{""source_file"": ""/Users/keithcreelman/Desktop/MFL_Scripts/Datastorage/Discord Chat/UPS Dynasty FFL - Automated League Updates - contract-activity [1059113303059730494].csv"", ""source_channel"": ""contract-activity"", ""message_author"": ""UPS Contracts Hub Bot#8171"", ""message_date_raw"": ""2024-11-28T09:51:32.1140000-05:00"", ""event_type"": ""mym_submission"", ""team_raw"": ""C-Town Chivalry"", ""player_raw"": ""Higbee, Tyler"", ""year_values"": {""2024"": 1000, ""2025"": 1000, ""2026"": 1000}, ""content"": ""HEAR YE! HEAR YE! \n\n**C-Town Chivalry** has just made a MYM contract submission!\n\nA new contract for **Higbee, Tyler** for **3 years**.\nYearly Breakdown:\n- Year 1: $1000\n- Year 2: $1000\n- Year 3: $1000\nTotal Contract Value (TCV): **$3000**\nGuaranteed Years: 2 (1K Penalty for early cut)\n\nWhat else can brown do for you? :upsbot:\n\nDM me to discuss: @UPS Contracts Hub Bot""}"
2025-05-17 14:12:44,2025,2025,2025,contract-activity,extension,0012,Hawks,https://www48.myfantasyleague.com/fflnetdynamic2019/74598_franchise_logo0012.png,15710,"Williams, Kyren",2,44000,33000,22000,extension,"{""2025"": 22000, ""2026"": 22000}","{""source_file"": ""/Users/keithcreelman/Desktop/MFL_Scripts/Datastorage/Discord Chat/UPS Dynasty FFL - Automated League Updates - contract-activity [1059113303059730494].csv"", ""source_channel"": ""contract-activity"", ""message_author"": ""UPS Contracts Hub Bot#8171"", ""message_date_raw"": ""2025-05-17T14:12:44.4640000-04:00"", ""event_type"": ""extension"", ""team_raw"": ""Hawks"", ""player_raw"": ""Williams, Kyren"", ""year_values"": {""2025"": 22000, ""2026"": 22000}, ""content"": ""\ud83d\udce2 **Hawks** just dropped a new **contract extension**!\n\n\ud83e\uddfe **Williams, Kyren** has agreed to terms.\n\u2022 **Total Contract Value:** $44,000\n\u2022 **Total Years:** 2\n\u2022 **Guaranteed:** $33,000\n\n\ud83d\udcc6 **Contract Breakdown:**\n- 2025: $22,000\n- 2026: $22,000\n\n**What else can brown do for you?** :upsbot:""}"
2025-05-17 14:13:10,2025,2025,2025,contract-activity,extension,0007,Sex Manther,https://www48.myfantasyleague.com/fflnetdynamic2019/74598_franchise_logo0007.png,15756,"Williams, Jameson",1,20000,15000,20000,extension,"{""2025"": 20000}","{""source_file"": ""/Users/keithcreelman/Desktop/MFL_Scripts/Datastorage/Discord Chat/UPS Dynasty FFL - Automated League Updates - contract-activity [1059113303059730494].csv"", ""source_channel"": ""contract-activity"", ""message_author"": ""UPS Contracts Hub Bot#8171"", ""message_date_raw"": ""2025-05-17T14:13:10.3130000-04:00"", ""event_type"": ""extension"", ""team_raw"": ""Sex Manther"", ""player_raw"": ""Williams, Jameson"", ""year_values"": {""2025"": 20000}, ""content"": ""\ud83d\udce2 **Sex Manther** just dropped a new **contract extension**!\n\n\ud83e\uddfe **Williams, Jameson** has agreed to terms.\n\u2022 **Total Contract Value:** $20,000\n\u2022 **Total Years:** 1\n\u2022 **Guaranteed:** $15,000\n\n\ud83d\udcc6 **Contract Breakdown:**\n- 2025: $20,000\n\n**What else can brown do for you?** :upsbot:""}"
2025-05-17 14:26:35,2025,2025,2025,contract-activity,extension,0005,HammerTime 🔨 ⏰,https://www48.myfantasyleague.com/fflnetdynamic2022/74598_franchise_logo0005.png,15794,"McBride, Trey",2,44000,33000,22000,extension,"{""2025"": 22000, ""2026"": 22000}","{""source_file"": ""/Users/keithcreelman/Desktop/MFL_Scripts/Datastorage/Discord Chat/UPS Dynasty FFL - Automated League Updates - contract-activity [1059113303059730494].csv"", ""source_channel"": ""contract-activity"", ""message_author"": ""UPS Contracts Hub Bot#8171"", ""message_date_raw"": ""2025-05-17T14:26:35.0550000-04:00"", ""event_type"": ""extension"", ""team_raw"": ""HammerTime \ud83d\udd28 \u23f0"", ""player_raw"": ""McBride, Trey"", ""year_values"": {""2025"": 22000, ""2026"": 22000}, ""content"": ""\ud83d\udce2 **HammerTime \ud83d\udd28 \u23f0** just dropped a new **contract extension**!\n\n\ud83e\uddfe **McBride, Trey** has agreed to terms.\n\u2022 **Total Contract Value:** $44,000\n\u2022 **Total Years:** 2\n\u2022 **Guaranteed:** $33,000\n\n\ud83d\udcc6 **Contract Breakdown:**\n- 2025: $22,000\n- 2026: $22,000\n\n**What else can brown do for you?** :upsbot:""}"
2025-05-17 14:26:55,2025,2025,2025,contract-activity,extension,0005,HammerTime 🔨 ⏰,https://www48.myfantasyleague.com/fflnetdynamic2022/74598_franchise_logo0005.png,15834,"Hamilton, Kyle",1,5000,3750,5000,extension,"{""2025"": 5000}","{""source_file"": ""/Users/keithcreelman/Desktop/MFL_Scripts/Datastorage/Discord Chat/UPS Dynasty FFL - Automated League Updates - contract-activity [1059113303059730494].csv"", ""source_channel"": ""contract-activity"", ""message_author"": ""UPS Contracts Hub Bot#8171"", ""message_date_raw"": ""2025-05-17T14:26:55.8080000-04:00"", ""event_type"": ""extension"", ""team_raw"": ""HammerTime \ud83d\udd28 \u23f0"", ""player_raw"": ""Hamilton, Kyle"", ""year_values"": {""2025"": 5000}, ""content"": ""\ud83d\udce2 **HammerTime \ud83d\udd28 \u23f0** just dropped a new **contract extension**!\n\n\ud83e\uddfe **Hamilton, Kyle** has agreed to terms.\n\u2022 **Total Contract Value:** $5,000\n\u2022 **Total Years:** 1\n\u2022 **Guaranteed:** $3,750\n\n\ud83d\udcc6 **Contract Breakdown:**\n- 2025: $5,000\n\n**What else can brown do for you?** :upsbot:""}"
2025-05-17 14:27:21,2025,2025,2025,contract-activity,extension,0005,HammerTime 🔨 ⏰,https://www48.myfantasyleague.com/fflnetdynamic2022/74598_franchise_logo0005.png,15281,"Chase, Ja'Marr",3,162000,121500,54000,extension,"{""2025"": 54000, ""2026"": 54000, ""2027"": 54000}","{""source_file"": ""/Users/keithcreelman/Desktop/MFL_Scripts/Datastorage/Discord Chat/UPS Dynasty FFL - Automated League Updates - contract-activity [1059113303059730494].csv"", ""source_channel"": ""contract-activity"", ""message_author"": ""UPS Contracts Hub Bot#8171"", ""message_date_raw"": ""2025-05-17T14:27:21.2240000-04:00"", ""event_type"": ""extension"", ""team_raw"": ""HammerTime \ud83d\udd28 \u23f0"", ""player_raw"": ""Chase, Ja'Marr"", ""year_values"": {""2025"": 54000, ""2026"": 54000, ""2027"": 54000}, ""content"": ""\ud83d\udce2 **HammerTime \ud83d\udd28 \u23f0** just dropped a new **contract extension**!\n\n\ud83e\uddfe **Chase, Ja'Marr** has agreed to terms.\n\u2022 **Total Contract Value:** $162,000\n\u2022 **Total Years:** 3\n\u2022 **Guaranteed:** $121,500\n\n\ud83d\udcc6 **Contract Breakdown:**\n- 2025: $54,000\n- 2026: $54,000\n- 2027: $54,000\n\n**What else can brown do for you?** :upsbot:""}"
2025-05-17 14:37:49,2025,2025,2025,contract-activity,restructure,0005,HammerTime 🔨 ⏰,https://www48.myfantasyleague.com/fflnetdynamic2022/74598_franchise_logo0005.png,15281,"Chase, Ja'Marr",3,162000,121500,54000,restructure,"{""2025"": 33000, ""2026"": 64000, ""2027"": 65000}","{""source_file"": ""/Users/keithcreelman/Desktop/MFL_Scripts/Datastorage/Discord Chat/UPS Dynasty FFL - Automated League Updates - contract-activity [1059113303059730494].csv"", ""source_channel"": ""contract-activity"", ""message_author"": ""UPS Contracts Hub Bot#8171"", ""message_date_raw"": ""2025-05-17T14:37:49.6180000-04:00"", ""event_type"": ""restructure"", ""team_raw"": ""HammerTime \ud83d\udd28 \u23f0"", ""player_raw"": ""Chase, Ja'Marr"", ""year_values"": {""2025"": 33000, ""2026"": 64000, ""2027"": 65000}, ""content"": ""\ud83d\udd27 **HammerTime \ud83d\udd28 \u23f0** just restructured a contract!\n\n\ud83e\uddfe **Chase, Ja'Marr** has agreed to terms.\n\u2022 **Total Contract Value:** $162,000\n\u2022 **Total Years:** 3\n\u2022 **Guaranteed:** $121,500\n\n\ud83d\udcc6 **Contract Breakdown:**\n- 2025: $33,000\n- 2026: $64,000\n- 2027: $65,000\n\n**What else can brown do for you?** :upsbot:""}"
2025-05-17 15:00:29,2025,2025,2025,contract-activity,extension,0002,CBP,https://www48.myfantasyleague.com/fflnetdynamic2023/74598_franchise_logo0002.png,15742,"Warren, Jaylen",1,14000,10500,14000,extension,"{""2025"": 14000}","{""source_file"": ""/Users/keithcreelman/Desktop/MFL_Scripts/Datastorage/Discord Chat/UPS Dynasty FFL - Automated League Updates - contract-activity [1059113303059730494].csv"", ""source_channel"": ""contract-activity"", ""message_author"": ""UPS Contracts Hub Bot#8171"", ""message_date_raw"": ""2025-05-17T15:00:29.7870000-04:00"", ""event_type"": ""extension"", ""team_raw"": ""CBP"", ""player_raw"": ""Warren, Jaylen"", ""year_values"": {""2025"": 14000}, ""content"": ""\ud83d\udce2 **CBP** just dropped a new **contract extension**!\n\n\ud83e\uddfe **Warren, Jaylen** has agreed to terms.\n\u2022 **Total Contract Value:** $14,000\n\u2022 **Total Years:** 1\n\u2022 **Guaranteed:** $10,500\n\n\ud83d\udcc6 **Contract Breakdown:**\n- 2025: $14,000\n\n**What else can brown do for you?** :upsbot:""}"
2025-05-17 15:01:47,2025,2025,2025,contract-activity,extension,0002,CBP,https://www48.myfantasyleague.com/fflnetdynamic2023/74598_franchise_logo0002.png,15798,"Likely, Isaiah",1,12000,9000,12000,extension,"{""2025"": 12000}","{""source_file"": ""/Users/keithcreelman/Desktop/MFL_Scripts/Datastorage/Discord Chat/UPS Dynasty FFL - Automated League Updates - contract-activity [1059113303059730494].csv"", ""source_channel"": ""contract-activity"", ""message_author"": ""UPS Contracts Hub Bot#8171"", ""message_date_raw"": ""2025-05-17T15:01:47.8290000-04:00"", ""event_type"": ""extension"", ""team_raw"": ""CBP"", ""player_raw"": ""Likely, Isaiah"", ""year_values"": {""2025"": 12000}, ""content"": ""\ud83d\udce2 **CBP** just dropped a new **contract extension**!\n\n\ud83e\uddfe **Likely, Isaiah** has agreed to terms.\n\u2022 **Total Contract Value:** $12,000\n\u2022 **Total Years:** 1\n\u2022 **Guaranteed:** $9,000\n\n\ud83d\udcc6 **Contract Breakdown:**\n- 2025: $12,000\n\n**What else can brown do for you?** :upsbot:""}"
2025-05-17 18:53:08,2025,2025,2025,contract-activity,restructure,0005,HammerTime 🔨 ⏰,https://www48.myfantasyleague.com/fflnetdynamic2022/74598_franchise_logo0005.png,14783,"Hurts, Jalen",2,84000,63000,42000,restructure,"{""2025"": 17000, ""2026"": 67000}","{""source_file"": ""/Users/keithcreelman/Desktop/MFL_Scripts/Datastorage/Discord Chat/UPS Dynasty FFL - Automated League Updates - contract-activity [1059113303059730494].csv"", ""source_channel"": ""contract-activity"", ""message_author"": ""UPS Contracts Hub Bot#8171"", ""message_date_raw"": ""2025-05-17T18:53:08.5100000-04:00"", ""event_type"": ""restructure"", ""team_raw"": ""HammerTime \ud83d\udd28 \u23f0"", ""player_raw"": ""Hurts, Jalen"", ""year_values"": {""2025"": 17000, ""2026"": 67000}, ""content"": ""\ud83d\udd27 **HammerTime \ud83d\udd28 \u23f0** just restructured a contract!\n\n\ud83e\uddfe **Hurts, Jalen** has agreed to terms.\n\u2022 **Total Contract Value:** $84,000\n\u2022 **Total Years:** 2\n\u2022 **Guaranteed:** $63,000\n\n\ud83d\udcc6 **Contract Breakdown:**\n- 2025: $17,000\n- 2026: $67,000\n\n**What else can brown do for you?** :upsbot:""}"
2025-05-18 06:04:08,2025,2025,2025,contract-activity,extension,0010,Blake Bombers,https://www48.myfantasyleague.com/fflnetdynamic2019/74598_franchise_logo0010.png,15712,"Allgeier, Tyler",1,15000,11250,15000,extension,"{""2025"": 15000}","{""source_file"": ""/Users/keithcreelman/Desktop/MFL_Scripts/Datastorage/Discord Chat/UPS Dynasty FFL - Automated League Updates - contract-activity [1059113303059730494].csv"", ""source_channel"": ""contract-activity"", ""message_author"": ""UPS Contracts Hub Bot#8171"", ""message_date_raw"": ""2025-05-18T06:04:08.5280000-04:00"", ""event_type"": ""extension"", ""team_raw"": ""Blake Bombers"", ""player_raw"": ""Allgeier, Tyler"", ""year_values"": {""2025"": 15000}, ""content"": ""\ud83d\udce2 **Blake Bombers** just dropped a new **contract extension**!\n\n\ud83e\uddfe **Allgeier, Tyler** has agreed to terms.\n\u2022 **Total Contract Value:** $15,000\n\u2022 **Total Years:** 1\n\u2022 **Guaranteed:** $11,250\n\n\ud83d\udcc6 **Contract Breakdown:**\n- 2025: $15,000\n\n**What else can brown do for you?** :upsbot:""}"
2025-05-20 07:11:40,2025,2025,2025,contract-activity,extension,0010,Blake Bombers,https://www48.myfantasyleague.com/fflnetdynamic2019/74598_franchise_logo0010.png,15757,"Robinson, Wan'Dale",1,12000,9000,12000,extension,"{""2025"": 12000}","{""source_file"": ""/Users/keithcreelman/Desktop/MFL_Scripts/Datastorage/Discord Chat/UPS Dynasty FFL - Automated League Updates - contract-activity [1059113303059730494].csv"", ""source_channel"": ""contract-activity"", ""message_author"": ""UPS Contracts Hub Bot#8171"", ""message_date_raw"": ""2025-05-20T07:11:40.1720000-04:00"", ""event_type"": ""extension"", ""team_raw"": ""Blake Bombers"", ""player_raw"": ""Robinson, Wan'Dale"", ""year_values"": {""2025"": 12000}, ""content"": ""\ud83d\udce2 **Blake Bombers** just dropped a new **contract extension**!\n\n\ud83e\uddfe **Robinson, Wan'Dale** has agreed to terms.\n\u2022 **Total Contract Value:** $12,000\n\u2022 **Total Years:** 1\n\u2022 **Guaranteed:** $9,000\n\n\ud83d\udcc6 **Contract Breakdown:**\n- 2025: $12,000\n\n**What else can brown do for you?** :upsbot:""}"
2025-05-21 20:02:24,2025,2025,2025,contract-activity,extension,0009,C-Town Chivalry,https://www48.myfantasyleague.com/fflnetdynamic2019/74598_franchise_logo0009.png,15762,"Pickens, George",1,19000,14250,19000,extension,"{""2025"": 19000}","{""source_file"": ""/Users/keithcreelman/Desktop/MFL_Scripts/Datastorage/Discord Chat/UPS Dynasty FFL - Automated League Updates - contract-activity [1059113303059730494].csv"", ""source_channel"": ""contract-activity"", ""message_author"": ""UPS Contracts Hub Bot#8171"", ""message_date_raw"": ""2025-05-21T20:02:24.8470000-04:00"", ""event_type"": ""extension"", ""team_raw"": ""C-Town Chivalry"", ""player_raw"": ""Pickens, George"", ""year_values"": {""2025"": 19000}, ""content"": ""\ud83d\udce2 **C-Town Chivalry** just dropped a new **contract extension**!\n\n\ud83e\uddfe **Pickens, George** has agreed to terms.\n\u2022 **Total Contract Value:** $19,000\n\u2022 **Total Years:** 1\n\u2022 **Guaranteed:** $14,250\n\n\ud83d\udcc6 **Contract Breakdown:**\n- 2025: $19,000\n\n**What else can brown do for you?** :upsbot:""}"
2025-05-21 22:37:11,2025,2025,2025,contract-activity,extension,0009,C-Town Chivalry,https://www48.myfantasyleague.com/fflnetdynamic2019/74598_franchise_logo0009.png,15716,"Robinson, Brian",1,15000,11250,15000,extension,"{""2025"": 15000}","{""source_file"": ""/Users/keithcreelman/Desktop/MFL_Scripts/Datastorage/Discord Chat/UPS Dynasty FFL - Automated League Updates - contract-activity [1059113303059730494].csv"", ""source_channel"": ""contract-activity"", ""message_author"": ""UPS Contracts Hub Bot#8171"", ""message_date_raw"": ""2025-05-21T22:37:11.6600000-04:00"", ""event_type"": ""extension"", ""team_raw"": ""C-Town Chivalry"", ""player_raw"": ""Robinson, Brian"", ""year_values"": {""2025"": 15000}, ""content"": ""\ud83d\udce2 **C-Town Chivalry** just dropped a new **contract extension**!\n\n\ud83e\uddfe **Robinson, Brian** has agreed to terms.\n\u2022 **Total Contract Value:** $15,000\n\u2022 **Total Years:** 1\n\u2022 **Guaranteed:** $11,250\n\n\ud83d\udcc6 **Contract Breakdown:**\n- 2025: $15,000\n\n**What else can brown do for you?** :upsbot:""}"
