position_filter,player_id,version_seq,player_name,start_season,end_season,season_count,owner_franchise_id,owner_team_name,contract_status,contract_info,contract_length,salary,tcv,aav,year_values_json,contract_year_index_start,contract_year_index_end,extension_tokens_json,has_extension_history,last_extension_franchise_id,last_extension_team_name,source_confidence,source_priority,opened_by_event,closed_by_event,source_seasons_json,review_status,generated_at_utc
QB,13589,1,"Allen, Josh",2018,2018,1,0011,Cleon Ca$h,Veteran,,1,2000,2000,2000,{},1,1,[],0,,,high,80,manual_review,AUCTION:TagOrExpiredRookie,[2018],needs_review,2026-03-11 14:14:13
QB,13589,2,"Allen, Josh",2019,2019,1,0006,Good in Da Hood,Veteran GF,,1,10000,10000,10000,{},1,1,[],0,,,high,80,AUCTION:TagOrExpiredRookie,AUCTION:FreeAgent,[2019],ok,2026-03-11 14:14:13
QB,13589,3,"Allen, Josh",2020,2020,1,0002,The Bash Bros,Veteran,TCV 24K,3,8000,24000,8000,{},1,1,[],0,,,high,80,AUCTION:FreeAgent,TRADE,[2020],ok,2026-03-11 14:14:13
QB,13589,4,"Allen, Josh",2021,2021,1,0009,C-Town Chivalry,Veteran,CL 3| TCV 24K,3,8000,24000,8000,{},2,2,[],0,,,high,80,TRADE,TRADE,[2021],ok,2026-03-11 14:14:13
QB,13589,5,"Allen, Josh",2022,2022,1,0012,Hawks,Veteran,CL 3| TCV 48K| AAV 8K/28K| Y1-8 Y2-28 Y3-28,3,8000,48000,8000,"{""Y1"":8000,""Y2"":28000,""Y3"":28000}",1,1,[],0,,,high,80,TRADE,ROLLOVER_BASELINE,[2022],needs_review,2026-03-11 14:14:13
QB,13589,6,"Allen, Josh",2023,2024,2,0012,Hawks,Veteran,CL 3| TCV 48K| AAV 28K| Y1-8 Y2-28 Y3-28| No Further Extension Allowed,3,28000,48000,28000,"{""Y1"":8000,""Y2"":28000,""Y3"":28000}",2,3,[],0,,,high,80,ROLLOVER_BASELINE,tagged,"[2023, 2024]",ok,2026-03-11 14:14:13
QB,13589,7,"Allen, Josh",2025,2025,1,0009,C-Town Chivalry,Tag,No Further Extension Allowed,1,46000,46000,46000,{},1,1,[],0,,,high,80,tagged,,[2025],ok,2026-03-11 14:14:13
QB,13879,1,"Allen, Kyle",2025,2025,1,0002,CBP,WW,CL 1|,1,1000,1000,1000,{},1,1,[],0,,,high,80,week1_not_under_contract,,[2025],ok,2026-03-11 14:14:13
QB,16384,1,"Bagent, Tyson",2024,2024,1,0003,Gride,WW,CL 1|,1,4000,4000,4000,{},1,1,[],0,,,high,80,AUCTION:FreeAgent,BBID_WAIVER,[2024],ok,2026-03-11 14:14:13
QB,16384,2,"Bagent, Tyson",2025,2025,1,0007,Sex Manther,WW,CL 1|,1,1000,1000,1000,{},1,1,[],0,,,high,80,BBID_WAIVER,,[2025],ok,2026-03-11 14:14:13
QB,16153,1,"Bennett, Stetson",2023,2024,2,0012,Hawks,Rookie,CL 3| TCV 6K| AAV 2K,3,2000,6000,2000,{},1,2,[],0,,,high,80,manual_review,ROLLOVER_BASELINE,"[2023, 2024]",needs_review,2026-03-11 14:14:13
QB,16153,2,"Bennett, Stetson",2025,2025,1,0004,Pure Greatness,Rookie,CL 3| TCV 6K| AAV 2K,3,2000,6000,2000,{},3,3,[],0,,,high,80,ROLLOVER_BASELINE,,[2025],ok,2026-03-11 14:14:13
QB,11642,1,"Bortles, Blake",2017,2017,1,0004,Pure Greatness,STANDARD,,1,1000,1000,1000,{},1,1,[],0,,,high,80,AUCTION:FreeAgent,AUCTION:FreeAgent,[2017],ok,2026-03-11 14:14:13
QB,11642,2,"Bortles, Blake",2018,2018,1,0006,Good in Da Hood,Veteran,,1,1000,1000,1000,{},1,1,[],0,,,high,80,AUCTION:FreeAgent,,[2018],ok,2026-03-11 14:14:13
QB,9817,1,"Bradford, Sam",2011,2011,1,0011,The Baster,Extension Available,,2,20000,40000,20000,{},1,1,[],0,,,high,80,AUCTION:FreeAgent,,[2011],ok,2026-03-11 14:14:13
QB,5848,1,"Brady, Tom",2011,2011,1,0004,Pure Greatness,Extension Available,,1,57000,57000,57000,{},1,1,[],0,,,high,80,AUCTION:FreeAgent,manual_review,[2011],ok,2026-03-11 14:14:13
QB,5848,2,"Brady, Tom",2017,2017,1,0012,White Power,RESTRUCTURED,"Ext WP '17 & '18 [31K, 31K, 32K] Avg. 22/42/42",2,31000,94000,47000,"{""Y1"":31000,""Y2"":31000,""Y3"":32000}",1,1,[],0,,,high,80,manual_review,ROLLOVER_BASELINE,[2017],needs_review,2026-03-11 14:14:13
QB,5848,3,"Brady, Tom",2018,2018,1,0012,White Power,Veteran,"Restructured Ext WP '17 & '18 [31K, 31K, 32K] (AAV 42K)",1,32000,94000,42000,"{""Y1"":31000,""Y2"":31000,""Y3"":32000}",1,1,[],0,,,high,80,ROLLOVER_BASELINE,AUCTION:FreeAgent,[2018],ok,2026-03-11 14:14:13
QB,5848,4,"Brady, Tom",2019,2019,1,0012,Hawks,Veteran,TCV 60K,3,20000,60000,20000,{},1,1,[],0,,,high,80,AUCTION:FreeAgent,ROLLOVER_BASELINE,[2019],ok,2026-03-11 14:14:13
QB,5848,5,"Brady, Tom",2020,2020,1,0012,Hawks,Veteran,TCV 60K,2,20000,60000,30000,{},1,1,[],0,,,high,80,ROLLOVER_BASELINE,ROLLOVER_BASELINE,[2020],ok,2026-03-11 14:14:13
QB,5848,6,"Brady, Tom",2021,2021,1,0012,Hawks,Veteran,CL 3| TCV 60K,3,20000,60000,20000,{},3,3,[],0,,,high,80,ROLLOVER_BASELINE,AUCTION:FreeAgent,[2021],ok,2026-03-11 14:14:13
QB,5848,7,"Brady, Tom",2022,2022,1,0007,Sex Manther,Veteran,CL 1,1,66000,66000,66000,{},1,1,[],0,,,high,80,AUCTION:FreeAgent,,[2022],ok,2026-03-11 14:14:13
QB,4925,1,"Brees, Drew",2011,2011,1,0001,Wetter Than Dutch Dikes,Extension Available,,2,35000,70000,35000,{},1,1,[],0,,,high,80,AUCTION:FreeAgent,manual_review,[2011],ok,2026-03-11 14:14:13
QB,4925,2,"Brees, Drew",2017,2017,1,0004,Pure Greatness,RESTRUCTURED,"Ext. RB '17 [30K, 30K] Avg. 25/35",1,30000,60000,60000,"{""Y1"":30000,""Y2"":30000}",1,1,[],0,,,high,80,manual_review,AUCTION:FreeAgent,[2017],needs_review,2026-03-11 14:14:13
QB,4925,3,"Brees, Drew",2018,2018,1,0002,The Bash Bros,BL,"[13K, 23K] AAV (18)",2,13000,36000,18000,"{""Y1"":13000,""Y2"":23000}",1,1,[],0,,,high,80,AUCTION:FreeAgent,TRADE,[2018],ok,2026-03-11 14:14:13
QB,4925,4,"Brees, Drew",2019,2019,1,0005,Run CMC,BL GF,"Ext CMC '20 [13K, 23K, 24K] AAV 18K/24K Underpay 5K",2,23000,60000,18000,"{""Y1"":13000,""Y2"":23000,""Y3"":24000}",1,1,[],0,,,high,80,TRADE,ROLLOVER_BASELINE,[2019],needs_review,2026-03-11 14:14:13
QB,4925,5,"Brees, Drew",2020,2020,1,0005,Run CMC,Veteran GF,Ext CMC '20,1,24000,24000,24000,{},1,1,[],0,,,high,80,ROLLOVER_BASELINE,,[2020],ok,2026-03-11 14:14:13
QB,11640,1,"Bridgewater, Teddy",2017,2017,1,0001,Ulterior Warrior,FRONT LOAD,"[5K, 3K, 1K]",3,5000,9000,3000,"{""Y1"":5000,""Y2"":3000,""Y3"":1000}",1,1,[],0,,,high,80,AUCTION:FreeAgent,week1_not_under_contract,[2017],needs_review,2026-03-11 14:14:13
QB,11640,2,"Bridgewater, Teddy",2020,2020,1,0006,Good in Da Hood,WW,,1,1000,1000,1000,{},1,1,[],0,,,high,80,week1_not_under_contract,BBID_WAIVER,[2020],ok,2026-03-11 14:14:13
QB,11640,3,"Bridgewater, Teddy",2021,2021,1,0002,The Bash Bros,Veteran,CL 1|,1,1000,1000,1000,{},1,1,[],0,,,high,80,BBID_WAIVER,,[2021],ok,2026-03-11 14:14:13
QB,12616,1,"Brissett, Jacoby",2019,2019,1,0012,Hawks,Veteran,,1,4000,4000,4000,{},1,1,[],0,,,high,80,AUCTION:FreeAgent,AUCTION:FreeAgent,[2019],ok,2026-03-11 14:14:13
QB,12616,2,"Brissett, Jacoby",2022,2022,1,0001,Ulterior Warrior,WW,CL 1,1,1000,1000,1000,{},1,1,[],0,,,high,80,AUCTION:FreeAgent,AUCTION:FreeAgent,[2022],ok,2026-03-11 14:14:13
QB,12616,3,"Brissett, Jacoby",2023,2023,1,0009,C-Town Chivalry,Veteran,CL 1| TCV K| AAV K,1,5000,5000,5000,{},1,1,[],0,,,high,80,AUCTION:FreeAgent,AUCTION:FreeAgent,[2023],ok,2026-03-11 14:14:13
QB,12616,4,"Brissett, Jacoby",2024,2024,1,0005,HammerTime 🔨 ⏰,WW,CL 1|,1,1000,1000,1000,{},1,1,[],0,,,high,80,AUCTION:FreeAgent,,[2024],ok,2026-03-11 14:14:13
QB,14358,1,"Browning, Jake",2024,2024,1,0001,Ulterior Warrior,WW,CL 1|,1,1000,1000,1000,{},1,1,[],0,,,high,80,AUCTION:FreeAgent,,[2024],ok,2026-03-11 14:14:13
QB,14777,1,"Burrow, Joe",2020,2022,3,0001,Ulterior Warrior,Rookie,TCV 15K,3,5000,15000,5000,{},1,3,[],0,,,high,80,manual_review,ROLLOVER_BASELINE,"[2020, 2021, 2022]",needs_review,2026-03-11 14:14:13
QB,14777,2,"Burrow, Joe",2023,2023,1,0001,Ulterior Warrior,BL,"CL 2| TCV 50K| AAV 25K| Y1-15K, Y2-35K| No Further Extension Allowed",2,15000,50000,25000,"{""Y1"":15000,""Y2"":35000}",1,1,[],0,,,high,80,ROLLOVER_BASELINE,ROLLOVER_BASELINE,[2023],ok,2026-03-11 14:14:13
QB,14777,3,"Burrow, Joe",2024,2024,1,0001,Ulterior Warrior,BL,"CL 2| TCV 50K| AAV 25K| Y1-15K, Y2-35K| No Further Extension Allowed",2,35000,50000,25000,"{""Y1"":15000,""Y2"":35000}",2,2,[],0,,,high,80,ROLLOVER_BASELINE,tagged,[2024],ok,2026-03-11 14:14:13
QB,14777,4,"Burrow, Joe",2025,2025,1,0001,L.A. Looks,Tag,CL 1| TCV 46K| AAV 46K| No Further Extensions,1,46000,46000,46000,{},1,1,[],0,,,high,80,tagged,,[2025],ok,2026-03-11 14:14:13
QB,11644,1,"Carr, Derek",2017,2017,1,0002,Crystal Blue Persuasian,STANDARD,"Ext. WP '17, '18 [14K,14K]",2,14000,28000,14000,"{""Y1"":14000,""Y2"":14000}",1,1,[],0,,,high,80,manual_review,ROLLOVER_BASELINE,[2017],needs_review,2026-03-11 14:14:13
QB,11644,2,"Carr, Derek",2018,2018,1,0002,The Bash Bros,Veteran,"Ext. WP '17, '18 [14K,14K]",1,14000,28000,28000,"{""Y1"":14000,""Y2"":14000}",1,1,[],0,,,high,80,ROLLOVER_BASELINE,AUCTION:FreeAgent,[2018],ok,2026-03-11 14:14:13
QB,11644,3,"Carr, Derek",2019,2019,1,0002,The Bash Bros,WW,,1,4000,4000,4000,{},1,1,[],0,,,high,80,AUCTION:FreeAgent,AUCTION:FreeAgent,[2019],ok,2026-03-11 14:14:13
QB,11644,4,"Carr, Derek",2020,2020,1,0012,Hawks,Veteran,TCV 8K,2,4000,8000,4000,{},1,1,[],0,,,high,80,AUCTION:FreeAgent,ROLLOVER_BASELINE,[2020],needs_review,2026-03-11 14:14:13
QB,11644,5,"Carr, Derek",2021,2021,1,0001,Ulterior Warrior,Veteran,CL 1|,1,1000,1000,1000,{},1,1,[],0,,,high,80,ROLLOVER_BASELINE,AUCTION:FreeAgent,[2021],ok,2026-03-11 14:14:13
QB,11644,6,"Carr, Derek",2022,2022,1,0001,Ulterior Warrior,FL,CL 3| TCV 114K| AAV 38K| Y1-48 Y2-38 Y3-28,3,48000,114000,38000,"{""Y1"":48000,""Y2"":38000,""Y3"":28000}",1,1,[],0,,,high,80,AUCTION:FreeAgent,ROLLOVER_BASELINE,[2022],ok,2026-03-11 14:14:13
QB,11644,7,"Carr, Derek",2023,2023,1,0001,Ulterior Warrior,FL,CL 3| TCV 114K| AAV 38K| Y1-48 Y2-38 Y3-28,3,38000,114000,38000,"{""Y1"":48000,""Y2"":38000,""Y3"":28000}",2,2,[],0,,,high,80,ROLLOVER_BASELINE,ROLLOVER_BASELINE,[2023],ok,2026-03-11 14:14:13
QB,11644,8,"Carr, Derek",2024,2024,1,0007,Sex Manther,Veteran,CL 2|,2,5000,10000,5000,{},1,1,[],0,,,high,80,ROLLOVER_BASELINE,,[2024],needs_review,2026-03-11 14:14:13
QB,15691,1,"Corral, Matt",2022,2024,3,0010,Blake Bombers,Rookie,CL 3| TCV 6K| AAV 2K,3,2000,6000,2000,{},1,3,[],0,,,high,80,manual_review,,"[2022, 2023, 2024]",needs_review,2026-03-11 14:14:13
QB,10700,1,"Cousins, Kirk",2017,2017,1,0005,C'mon Son,STANDARD,,1,14000,14000,14000,{},1,1,[],0,,,high,80,manual_review,AUCTION:TagOrExpiredRookie,[2017],needs_review,2026-03-11 14:14:13
QB,10700,2,"Cousins, Kirk",2018,2018,1,0005,C'mon Son,Tagged,T-Tag Son '18,1,28000,28000,28000,{},1,1,[],0,,,high,80,AUCTION:TagOrExpiredRookie,AUCTION:FreeAgent,[2018],ok,2026-03-11 14:14:13
QB,10700,3,"Cousins, Kirk",2019,2019,1,0012,Hawks,Veteran,,1,6000,6000,6000,{},1,1,[],0,,,high,80,AUCTION:FreeAgent,AUCTION:FreeAgent,[2019],ok,2026-03-11 14:14:13
QB,10700,4,"Cousins, Kirk",2020,2021,2,0004,Pure Greatness,Veteran,TCV 12K,3,4000,12000,4000,{},1,2,[],0,,,high,80,AUCTION:FreeAgent,AUCTION:FreeAgent,"[2020, 2021]",ok,2026-03-11 14:14:13
QB,10700,5,"Cousins, Kirk",2022,2022,1,0003,Gride,FL,CL 3| TCV 111K| AAV 37K| Y1-47 Y2-37 Y3-27,3,47000,111000,37000,"{""Y1"":47000,""Y2"":37000,""Y3"":27000}",1,1,[],0,,,high,80,AUCTION:FreeAgent,ROLLOVER_BASELINE,[2022],ok,2026-03-11 14:14:13
QB,10700,6,"Cousins, Kirk",2023,2023,1,0003,Gride,FL,CL 2| TCV 64K| AAV 37K |Y1-13 Y2-51,2,13000,64000,37000,"{""Y1"":13000,""Y2"":51000}",1,1,[],0,,,high,80,ROLLOVER_BASELINE,TRADE,[2023],ok,2026-03-11 14:14:13
QB,10700,7,"Cousins, Kirk",2024,2024,1,0006,The Long Haulers,FL,CL 2| TCV 64K| AAV 37K |Y1-13 Y2-51,2,51000,64000,37000,"{""Y1"":13000,""Y2"":51000}",2,2,[],0,,,high,80,TRADE,,[2024],ok,2026-03-11 14:14:13
QB,8252,1,"Cutler, Jay",2011,2011,1,0007,R-11,Extension Available,,1,1000,1000,1000,{},1,1,[],0,,,high,80,manual_review,,[2011],needs_review,2026-03-11 14:14:13
QB,10313,1,"Dalton, Andy",2011,2011,1,0002,D-Town Diddlers,Extension Available,,1,2000,2000,2000,{},1,1,[],0,,,high,80,manual_review,AUCTION:FreeAgent,[2011],needs_review,2026-03-11 14:14:13
QB,10313,2,"Dalton, Andy",2017,2017,1,0006,Good in Da Hood,STANDARD,,1,16000,16000,16000,{},1,1,[],0,,,high,80,AUCTION:FreeAgent,AUCTION:FreeAgent,[2017],ok,2026-03-11 14:14:13
QB,10313,3,"Dalton, Andy",2018,2018,1,0004,Pure Greatness,Veteran,,3,1000,3000,1000,{},1,1,[],0,,,high,80,AUCTION:FreeAgent,week1_not_under_contract,[2018],needs_review,2026-03-11 14:14:13
QB,10313,4,"Dalton, Andy",2019,2019,1,0004,Pure Greatness,WW,,1,1000,1000,1000,{},1,1,[],0,,,high,80,week1_not_under_contract,,[2019],ok,2026-03-11 14:14:13
QB,16581,1,"Daniels, Jayden",2024,2025,2,0009,C-Town Chivalry,Rookie,CL 3| TCV 36K| AAV 12K,3,12000,36000,12000,{},1,2,[],0,,,high,80,manual_review,,"[2024, 2025]",needs_review,2026-03-11 14:14:13
QB,13592,1,"Darnold, Sam",2018,2018,1,0006,Good in Da Hood,Rookie,,3,2000,6000,2000,{},1,1,[],0,,,high,80,manual_review,TRADE,[2018],needs_review,2026-03-11 14:14:13
QB,13592,2,"Darnold, Sam",2019,2019,1,0002,The Bash Bros,Rookie GF,,2,2000,4000,2000,{},1,1,[],0,,,high,80,TRADE,week1_not_under_contract,[2019],ok,2026-03-11 14:14:13
QB,13592,3,"Darnold, Sam",2020,2020,1,0001,Ulterior Warrior,WW,,1,1000,1000,1000,{},1,1,[],0,,,high,80,week1_not_under_contract,AUCTION:FreeAgent,[2020],ok,2026-03-11 14:14:13
QB,13592,4,"Darnold, Sam",2021,2021,1,0005,Run CMC,Veteran,CL 1|,1,6000,6000,6000,{},1,1,[],0,,,high,80,AUCTION:FreeAgent,AUCTION:FreeAgent,[2021],ok,2026-03-11 14:14:13
QB,13592,5,"Darnold, Sam",2024,2024,1,0011,Cleon Ca$h,Veteran,CL 1|,1,7000,7000,7000,{},1,1,[],0,,,high,80,AUCTION:FreeAgent,AUCTION:FreeAgent,[2024],ok,2026-03-11 14:14:13
QB,13592,6,"Darnold, Sam",2025,2025,1,0003,Gride,Veteran,CL 2| TCV 36K| AAV 18K,2,18000,36000,18000,{},1,1,[],0,,,high,80,AUCTION:FreeAgent,,[2025],ok,2026-03-11 14:14:13
QB,17032,1,"Dart, Jaxson",2025,2025,1,0011,Cleon Ca$h,Rookie,CL 3| TCV 27K| AAV 9K | Option Eligible,3,9000,27000,9000,{},1,1,[],0,,,high,80,manual_review,,[2025],needs_review,2026-03-11 14:14:13
QB,13119,1,"Dobbs, Joshua",2023,2023,1,0008,Real Deal Creel,WW,,1,10000,10000,10000,{},1,1,[],0,,,high,80,BBID_WAIVER,,[2023],ok,2026-03-11 14:14:13
QB,17034,1,"Ewers, Quinn",2025,2025,1,0006,The Long Haulers,Rookie,CL 3| TCV 6K| AAV 2K,3,2000,6000,2000,{},1,1,[],0,,,high,80,manual_review,,[2025],needs_review,2026-03-11 14:14:13
QB,15238,1,"Fields, Justin",2021,2023,3,0004,Pure Greatness,Rookie,CL 3| TCV 15K,3,5000,15000,5000,{},1,3,[],0,,,high,80,manual_review,ROLLOVER_BASELINE,"[2021, 2022, 2023]",needs_review,2026-03-11 14:14:13
QB,15238,2,"Fields, Justin",2024,2024,1,0004,Pure Greatness,Veteran,CL 2| TCV 50K| Ext: PG,2,25000,50000,25000,{},1,1,"[""PG""]",1,0004,Pure Greatness,high,80,ROLLOVER_BASELINE,TRADE,[2024],needs_review,2026-03-11 14:14:13
QB,15238,3,"Fields, Justin",2025,2025,1,0006,The Long Haulers,Veteran,CL 2| TCV 50K| Ext: PG,2,25000,50000,25000,{},2,2,"[""PG""]",1,0004,Pure Greatness,high,80,TRADE,,[2025],ok,2026-03-11 14:14:13
QB,8062,1,"Fitzpatrick, Ryan",2011,2011,1,0010,Blake Bombers,Extension Available,,1,4000,4000,4000,{},1,1,[],0,,,high,80,manual_review,AUCTION:FreeAgent,[2011],needs_review,2026-03-11 14:14:13
QB,8062,2,"Fitzpatrick, Ryan",2021,2021,1,0001,Ulterior Warrior,Veteran,CL 1|,1,1000,1000,1000,{},1,1,[],0,,,high,80,AUCTION:FreeAgent,,[2021],ok,2026-03-11 14:14:13
QB,9064,1,"Flacco, Joe",2011,2011,1,0012,White Power,Extension Available,,1,10000,10000,10000,{},1,1,[],0,,,high,80,AUCTION:FreeAgent,AUCTION:FreeAgent,[2011],ok,2026-03-11 14:14:13
QB,9064,2,"Flacco, Joe",2018,2018,1,0009,C-Town Chivalry,Veteran,,1,1000,1000,1000,{},1,1,[],0,,,high,80,AUCTION:FreeAgent,BBID_WAIVER,[2018],ok,2026-03-11 14:14:13
QB,9064,3,"Flacco, Joe",2022,2022,1,0002,The Bash Bros,WW,CL 1,1,1000,1000,1000,{},1,1,[],0,,,high,80,BBID_WAIVER,AUCTION:FreeAgent,[2022],ok,2026-03-11 14:14:13
QB,9064,4,"Flacco, Joe",2024,2024,1,0003,Gride,WW,CL 1|,1,2000,2000,2000,{},1,1,[],0,,,high,80,AUCTION:FreeAgent,AUCTION:FreeAgent,[2024],ok,2026-03-11 14:14:13
QB,9064,5,"Flacco, Joe",2025,2025,1,0007,Sex Manther,Veteran,CL 1|,1,6000,6000,6000,{},1,1,[],0,,,high,80,AUCTION:FreeAgent,,[2025],ok,2026-03-11 14:14:13
QB,10699,1,"Foles, Nick",2019,2019,1,0003,Gride,Veteran,TCV 4K,2,2000,4000,2000,{},1,1,[],0,,,high,80,AUCTION:FreeAgent,,[2019],ok,2026-03-11 14:14:13
QB,9460,1,"Freeman, Josh",2011,2011,1,0012,White Power,Extension Available,,1,32000,32000,32000,{},1,1,[],0,,,high,80,AUCTION:FreeAgent,,[2011],ok,2026-03-11 14:14:13
QB,17037,1,"Gabriel, Dillon",2025,2025,1,0001,L.A. Looks,Rookie,CL 3| TCV 6K| AAV 2K,3,2000,6000,2000,{},1,1,[],0,,,high,80,manual_review,,[2025],needs_review,2026-03-11 14:14:13
QB,11760,1,"Garoppolo, Jimmy",2017,2017,1,0011,Cleon Ca$h,FRONT LOADED,"[11K, 7K, 4K] Avg. 7K",3,11000,22000,7333,"{""Y1"":11000,""Y2"":7000,""Y3"":4000}",1,1,[],0,,,high,80,AUCTION:FreeAgent,ROLLOVER_BASELINE,[2017],ok,2026-03-11 14:14:13
QB,11760,2,"Garoppolo, Jimmy",2018,2018,1,0011,Cleon Ca$h,FL,"[11K, 7K, 4K] (AAV $7K)",2,7000,22000,11000,"{""Y1"":11000,""Y2"":7000,""Y3"":4000}",1,1,[],0,,,high,80,ROLLOVER_BASELINE,ROLLOVER_BASELINE,[2018],ok,2026-03-11 14:14:13
QB,11760,3,"Garoppolo, Jimmy",2019,2019,1,0011,Cleon Ca$h,FL GF,AAV 7K Overpay 4K,1,4000,4000,7000,{},1,1,[],0,,,high,80,ROLLOVER_BASELINE,AUCTION:FreeAgent,[2019],ok,2026-03-11 14:14:13
QB,11760,4,"Garoppolo, Jimmy",2020,2020,1,0011,Cleon Ca$h,FL,"TCV 6K [4K, 1K, 1K] AAV 2K",3,4000,6000,2000,"{""Y1"":4000,""Y2"":1000,""Y3"":1000}",1,1,[],0,,,high,80,AUCTION:FreeAgent,ROLLOVER_BASELINE,[2020],ok,2026-03-11 14:14:13
QB,11760,5,"Garoppolo, Jimmy",2021,2021,1,0011,Cleon Ca$h,FL,"CL 3| TCV 6K| AAV 2K| L 4K| (4,1,1)",3,1000,6000,2000,{},2,2,[],0,,,high,80,ROLLOVER_BASELINE,AUCTION:FreeAgent,[2021],ok,2026-03-11 14:14:13
QB,11760,6,"Garoppolo, Jimmy",2022,2022,1,0008,#BLM,Veteran,CL 3| TCV 15K| AAV 5K,3,5000,15000,5000,{},1,1,[],0,,,high,80,AUCTION:FreeAgent,TRADE,[2022],ok,2026-03-11 14:14:13
QB,11760,7,"Garoppolo, Jimmy",2023,2023,1,0004,Pure Greatness,Veteran,CL 2| TCV 2K| AAV 1K,2,1000,2000,1000,{},1,1,[],0,,,high,80,TRADE,,[2023],needs_review,2026-03-11 14:14:13
QB,12611,1,"Goff, Jared",2017,2017,1,0003,Gride,ROOKIE,,2,5000,10000,5000,{},1,1,[],0,,,high,80,manual_review,ROLLOVER_BASELINE,[2017],needs_review,2026-03-11 14:14:13
QB,12611,2,"Goff, Jared",2018,2018,1,0003,Gride,Rookie,,1,5000,5000,5000,{},1,1,[],0,,,high,80,ROLLOVER_BASELINE,ROLLOVER_BASELINE,[2018],ok,2026-03-11 14:14:13
QB,12611,3,"Goff, Jared",2019,2019,1,0001,Ulterior Warrior,Veteran GF,Ext. UW '19,1,11000,11000,11000,{},1,1,[],0,,,high,80,ROLLOVER_BASELINE,AUCTION:FreeAgent,[2019],ok,2026-03-11 14:14:13
QB,12611,4,"Goff, Jared",2020,2021,2,0008,#BLM,Veteran,TCV 3K,3,1000,3000,1000,{},1,2,[],0,,,high,80,AUCTION:FreeAgent,AUCTION:FreeAgent,"[2020, 2021]",ok,2026-03-11 14:14:13
QB,12611,5,"Goff, Jared",2022,2022,1,0010,Blake Bombers,Veteran,CL 2| TCV 30K| AAV 15K,2,15000,30000,15000,{},1,1,[],0,,,high,80,AUCTION:FreeAgent,TRADE,[2022],ok,2026-03-11 14:14:13
QB,12611,6,"Goff, Jared",2023,2023,1,0002,CBP,BL,"CL 3| TCV 85K| AAV 15K, 35K|Y1-29K, Y2-12K, Y3-44K| Ext: Sex",3,29000,85000,15000,"{""Y1"":29000,""Y2"":12000,""Y3"":44000}",1,1,"[""Sex""]",1,0007,Sex Manther,high,80,TRADE,ROLLOVER_BASELINE,[2023],needs_review,2026-03-11 14:14:13
QB,12611,7,"Goff, Jared",2024,2024,1,0002,CBP,BL,"CL 2| TCV 56K| AAV 35K| Y1-26, Y2-30K| Ext: Sex",2,26000,56000,35000,"{""Y1"":26000,""Y2"":30000}",1,1,"[""Sex""]",1,0007,Sex Manther,high,80,ROLLOVER_BASELINE,ROLLOVER_BASELINE,[2024],ok,2026-03-11 14:14:13
QB,12611,8,"Goff, Jared",2025,2025,1,0002,CBP,BL,"CL 2| TCV 56K| AAV 35K| Y1-26, Y2-30K| Ext: Sex",2,30000,56000,35000,"{""Y1"":26000,""Y2"":30000}",2,2,"[""Sex""]",1,0007,Sex Manther,high,80,ROLLOVER_BASELINE,,[2025],ok,2026-03-11 14:14:13
QB,14062,1,"Grier, Will",2019,2019,1,0006,Good in Da Hood,Rookie GF,,3,2000,6000,2000,{},1,1,[],0,,,high,80,manual_review,,[2019],needs_review,2026-03-11 14:14:13
QB,16156,1,"Haener, Jake",2023,2025,3,0009,C-Town Chivalry,Rookie,CL 3| TCV 6K| AAV 2K,3,2000,6000,2000,{},1,3,[],0,,,high,80,manual_review,,"[2023, 2024, 2025]",needs_review,2026-03-11 14:14:13
QB,16154,1,"Hall, Jaren",2023,2023,1,0011,Cleon Ca$h,Rookie,,1,1000,1000,1000,{},1,1,[],0,,,high,80,AUCTION:FreeAgent,,[2023],ok,2026-03-11 14:14:13
QB,14058,1,"Haskins, Dwayne",2019,2019,1,0009,C-Town Chivalry,Rookie GF,,3,2000,6000,2000,{},1,1,[],0,,,high,80,manual_review,ROLLOVER_BASELINE,[2019],needs_review,2026-03-11 14:14:13
QB,14058,2,"Haskins, Dwayne",2020,2020,1,0009,C-Town Chivalry,Rookie GF,,2,2000,4000,2000,{},1,1,[],0,,,high,80,ROLLOVER_BASELINE,ROLLOVER_BASELINE,[2020],ok,2026-03-11 14:14:13
QB,14058,3,"Haskins, Dwayne",2021,2021,1,0009,C-Town Chivalry,Rookie GF,CL 3|,3,2000,6000,2000,{},3,3,[],0,,,high,80,ROLLOVER_BASELINE,,[2021],ok,2026-03-11 14:14:13
QB,3445,1,"Hasselbeck, Matt",2011,2011,1,0003,The Fat Cat,Extension Available,,1,2000,2000,2000,{},1,1,[],0,,,high,80,manual_review,,[2011],needs_review,2026-03-11 14:14:13
QB,12476,1,"Heinicke, Taylor",2022,2022,1,0009,C-Town Chivalry,WW,CL 1,1,18000,18000,18000,{},1,1,[],0,,,high,80,AUCTION:FreeAgent,,[2022],ok,2026-03-11 14:14:13
QB,14779,1,"Herbert, Justin",2020,2022,3,0006,Good in Da Hood,Rookie,TCV 6K,3,2000,6000,2000,{},1,3,[],0,,,high,80,manual_review,ROLLOVER_BASELINE,"[2020, 2021, 2022]",needs_review,2026-03-11 14:14:13
QB,14779,2,"Herbert, Justin",2023,2023,1,0006,The Main Event Mafia,Veteran,CL 2| TCV 44K| AAV 22K| No Further Extension Allowed,2,22000,44000,22000,{},1,1,[],0,,,high,80,ROLLOVER_BASELINE,ROLLOVER_BASELINE,[2023],needs_review,2026-03-11 14:14:13
QB,14779,3,"Herbert, Justin",2024,2024,1,0010,Blake Bombers,Veteran,CL 2| TCV 44K| AAV 22K| No Further Extension Allowed,2,22000,44000,22000,{},2,2,[],0,,,high,80,ROLLOVER_BASELINE,AUCTION:FreeAgent,[2024],ok,2026-03-11 14:14:13
QB,14779,4,"Herbert, Justin",2025,2025,1,0011,Cleon Ca$h,FL,"CL 3| TCV 153K| AAV 51K| Y1-61, Y2-51, Y3-41",3,61000,153000,51000,"{""Y1"":61000,""Y2"":51000,""Y3"":41000}",1,1,[],0,,,high,80,AUCTION:FreeAgent,,[2025],ok,2026-03-11 14:14:13
QB,13424,1,"Hill, Taysom",2024,2024,1,0001,Ulterior Warrior,WW,CL 1|,1,1000,1000,1000,{},1,1,[],0,,,high,80,AUCTION:FreeAgent,,[2024],ok,2026-03-11 14:14:13
QB,16151,1,"Hooker, Hendon",2023,2025,3,0009,C-Town Chivalry,Rookie,CL 3| TCV 15K| AAV 5K,3,5000,15000,5000,{},1,3,[],0,,,high,80,manual_review,,"[2023, 2024, 2025]",needs_review,2026-03-11 14:14:13
QB,17036,1,"Howard, Will",2025,2025,1,0002,CBP,Rookie,CL 3| TCV 6K| AAV 2K,3,2000,6000,2000,{},1,1,[],0,,,high,80,manual_review,,[2025],needs_review,2026-03-11 14:14:13
QB,15693,1,"Howell, Sam",2022,2023,2,0009,C-Town Chivalry,Rookie,CL 3| TCV 6K| AAV 2K,3,2000,6000,2000,{},1,2,[],0,,,high,80,manual_review,,"[2022, 2023]",needs_review,2026-03-11 14:14:13
QB,12142,1,"Hundley, Brett",2017,2017,1,0004,Pure Greatness,STANDARD,,1,1000,1000,1000,{},1,1,[],0,,,high,80,manual_review,,[2017],needs_review,2026-03-11 14:14:13
QB,14789,1,"Huntley, Tyler",2022,2022,1,0008,#BLM,Veteran,CL 2| TCV 2K| AAV 1K,2,1000,2000,1000,{},1,1,[],0,,,high,80,AUCTION:FreeAgent,,[2022],ok,2026-03-11 14:14:13
QB,14783,1,"Hurts, Jalen",2020,2022,3,0003,Gride,Rookie,TCV 6K,3,2000,6000,2000,{},1,3,[],0,,,high,80,manual_review,ROLLOVER_BASELINE,"[2020, 2021, 2022]",needs_review,2026-03-11 14:14:13
QB,14783,2,"Hurts, Jalen",2023,2023,1,0003,Gride,Veteran,CL 2| TCV 44K| AAV 22K|Ext: Gride,2,22000,44000,22000,{},1,1,"[""Gride""]",1,0003,Gride,high,80,ROLLOVER_BASELINE,ROLLOVER_BASELINE,[2023],needs_review,2026-03-11 14:14:13
QB,14783,3,"Hurts, Jalen",2024,2024,1,0005,HammerTime 🔨 ⏰,Veteran,"CL 3| TCV 106K| AAV 22K/42K| Y1-22K, Y2-42K, Y3-42K| Ext: Gride, Hammer",3,22000,106000,22000,"{""Y1"":22000,""Y2"":42000,""Y3"":42000}",1,1,"[""Gride"",""Hammer""]",1,0005,HammerTime 🔨 ⏰,high,80,ROLLOVER_BASELINE,ROLLOVER_BASELINE,[2024],needs_review,2026-03-11 14:14:13
QB,14783,4,"Hurts, Jalen",2025,2025,1,0005,HammerTime 🔨 ⏰,BL,"CL 2| TCV 84K| AAV 42K| Y1-17K, Y2-67K| Ext: Gride, Hammer",2,17000,84000,42000,"{""Y1"":17000,""Y2"":67000}",1,1,"[""Gride"",""Hammer""]",1,0005,HammerTime 🔨 ⏰,high,80,ROLLOVER_BASELINE,,[2025],ok,2026-03-11 14:14:13
QB,13593,1,"Jackson, Lamar",2018,2018,1,0008,Gordon Is The New Blackmon,Rookie,,3,5000,15000,5000,{},1,1,[],0,,,high,80,manual_review,TRADE,[2018],needs_review,2026-03-11 14:14:13
QB,13593,2,"Jackson, Lamar",2019,2019,1,0009,C-Town Chivalry,Rookie GF,,2,5000,10000,5000,{},1,1,[],0,,,high,80,TRADE,ROLLOVER_BASELINE,[2019],ok,2026-03-11 14:14:13
QB,13593,3,"Jackson, Lamar",2020,2020,1,0006,Good in Da Hood,Rookie GF,,1,5000,5000,5000,{},1,1,[],0,,,high,80,ROLLOVER_BASELINE,TRADE,[2020],ok,2026-03-11 14:14:13
QB,13593,4,"Jackson, Lamar",2021,2021,1,0002,The Bash Bros,Veteran,CL 2| TCV 34K,2,17000,34000,17000,{},1,1,[],0,,,high,80,TRADE,TRADE,[2021],needs_review,2026-03-11 14:14:13
QB,13593,5,"Jackson, Lamar",2022,2022,1,0008,#BLM,Veteran,CL 3| TCV 91K| AAV 17K/37K| Y1-17 Y2-37 Y3-37,3,17000,91000,17000,"{""Y1"":17000,""Y2"":37000,""Y3"":37000}",1,1,[],0,,,high,80,TRADE,ROLLOVER_BASELINE,[2022],ok,2026-03-11 14:14:13
QB,13593,6,"Jackson, Lamar",2023,2024,2,0008,Real Deal Creel,Veteran,CL 3| TCV 91K| AAV 37K| Y1-17 Y2-37 Y3-37| No Further Extension Allowed,3,37000,91000,37000,"{""Y1"":17000,""Y2"":37000,""Y3"":37000}",2,3,[],0,,,high,80,ROLLOVER_BASELINE,tagged,"[2023, 2024]",ok,2026-03-11 14:14:13
QB,13593,7,"Jackson, Lamar",2025,2025,1,0008,Real Deal Creel,Tag,No Further Extension Allowed,1,46000,46000,46000,{},1,1,[],0,,,high,80,tagged,,[2025],ok,2026-03-11 14:14:13
QB,12615,1,"Jones, Cardale",2017,2017,1,0005,C'mon Son,ROOKIE,,2,2000,4000,2000,{},1,1,[],0,,,high,80,manual_review,ROLLOVER_BASELINE,[2017],needs_review,2026-03-11 14:14:13
QB,12615,2,"Jones, Cardale",2018,2018,1,0005,C'mon Son,Rookie,,1,2000,2000,2000,{},1,1,[],0,,,high,80,ROLLOVER_BASELINE,,[2018],ok,2026-03-11 14:14:13
QB,14059,1,"Jones, Daniel",2019,2019,1,0005,Run CMC,Rookie,,3,3000,9000,3000,{},1,1,[],0,,,high,80,AUCTION:FreeAgent,ROLLOVER_BASELINE,[2019],ok,2026-03-11 14:14:13
QB,14059,2,"Jones, Daniel",2020,2020,1,0005,Run CMC,Rookie,TCV 15K,2,3000,15000,7500,{},1,1,[],0,,,high,80,ROLLOVER_BASELINE,ROLLOVER_BASELINE,[2020],ok,2026-03-11 14:14:13
QB,14059,3,"Jones, Daniel",2021,2021,1,0004,Pure Greatness,Veteran,CL 3| TCV 3K| AAV 1K,3,1000,3000,1000,{},1,1,[],0,,,high,80,ROLLOVER_BASELINE,AUCTION:FreeAgent,[2021],needs_review,2026-03-11 14:14:13
QB,14059,4,"Jones, Daniel",2022,2022,1,0010,Blake Bombers,FL,CL 2| TCV 32K| AAV 16K| Y1-31 Y2-1,2,31000,32000,16000,"{""Y1"":31000,""Y2"":1000}",1,1,[],0,,,high,80,AUCTION:FreeAgent,ROLLOVER_BASELINE,[2022],ok,2026-03-11 14:14:13
QB,14059,5,"Jones, Daniel",2023,2023,1,0010,Blake Bombers,FL,"CL 3| TCV 73K| AAV 16K, 36K| Y1-31 Y2-21 Y3-21",3,31000,73000,16000,"{""Y1"":31000,""Y2"":21000,""Y3"":21000}",1,1,[],0,,,high,80,ROLLOVER_BASELINE,ROLLOVER_BASELINE,[2023],needs_review,2026-03-11 14:14:13
QB,14059,6,"Jones, Daniel",2024,2024,1,0010,Blake Bombers,FL,CL 3| TCV 73K| AAV 36K| Y1-31 Y2-21 Y3-21,3,21000,73000,36000,"{""Y1"":31000,""Y2"":21000,""Y3"":21000}",2,2,[],0,,,high,80,ROLLOVER_BASELINE,TRADE,[2024],ok,2026-03-11 14:14:13
QB,14059,7,"Jones, Daniel",2025,2025,1,0006,The Long Haulers,FL,CL 3| TCV 73K| AAV 36K| Y1-31 Y2-21 Y3-21,3,21000,73000,36000,"{""Y1"":31000,""Y2"":21000,""Y3"":21000}",3,3,[],0,,,high,80,TRADE,,[2025],ok,2026-03-11 14:14:13
QB,15241,1,"Jones, Mac",2021,2022,2,0011,Cleon Ca$h,Rookie,CL 3| TCV 15K,3,5000,15000,5000,{},1,2,[],0,,,high,80,manual_review,TRADE,"[2021, 2022]",needs_review,2026-03-11 14:14:13
QB,15241,2,"Jones, Mac",2023,2023,1,0008,Real Deal Creel,Veteran,CL 2| TCV 2K| AAV 1K,2,1000,2000,1000,{},1,1,[],0,,,high,80,TRADE,week1_not_under_contract,[2023],needs_review,2026-03-11 14:14:13
QB,15241,3,"Jones, Mac",2024,2024,1,0007,Sex Manther,WW,CL 1|,1,4000,4000,4000,{},1,1,[],0,,,high,80,week1_not_under_contract,,[2024],ok,2026-03-11 14:14:13
QB,10948,1,"Keenum, Case",2017,2017,1,0001,Ulterior Warrior,STANDARD,,1,1000,1000,1000,{},1,1,[],0,,,high,80,manual_review,AUCTION:FreeAgent,[2017],needs_review,2026-03-11 14:14:13
QB,10948,2,"Keenum, Case",2018,2018,1,0012,White Power,Veteran,,1,1000,1000,1000,{},1,1,[],0,,,high,80,AUCTION:FreeAgent,,[2018],ok,2026-03-11 14:14:13
QB,13121,1,"Kelly, Chad",2017,2017,1,0006,Good in Da Hood,ROOKIE,,3,2000,6000,2000,{},1,1,[],0,,,high,80,manual_review,ROLLOVER_BASELINE,[2017],needs_review,2026-03-11 14:14:13
QB,13121,2,"Kelly, Chad",2018,2018,1,0006,Good in Da Hood,Rookie,,2,2000,4000,2000,{},1,1,[],0,,,high,80,ROLLOVER_BASELINE,week1_not_under_contract,[2018],ok,2026-03-11 14:14:13
QB,13121,3,"Kelly, Chad",2019,2019,1,0006,Good in Da Hood,WW,,1,1000,1000,1000,{},1,1,[],0,,,high,80,week1_not_under_contract,,[2019],ok,2026-03-11 14:14:13
QB,13114,1,"Kizer, DeShone",2017,2017,1,0010,Blake Bombers,BACK LOAD,"[2K, 5K,8K]",3,2000,15000,5000,"{""Y1"":2000,""Y2"":5000,""Y3"":8000}",1,1,[],0,,,high,80,AUCTION:FreeAgent,,[2017],ok,2026-03-11 14:14:13
QB,15240,1,"Lance, Trey",2021,2022,2,0007,Sex Manther,Rookie,CL 3| TCV 33K,3,11000,33000,11000,{},1,2,[],0,,,high,80,manual_review,ROLLOVER_BASELINE,"[2021, 2022]",needs_review,2026-03-11 14:14:13
QB,15240,2,"Lance, Trey",2023,2023,1,0007,Sex Manther,Veteran,CL 3| TCV 3K| AAV 1K,3,1000,3000,1000,{},1,1,[],0,,,high,80,ROLLOVER_BASELINE,week1_not_under_contract,[2023],needs_review,2026-03-11 14:14:13
QB,15240,3,"Lance, Trey",2024,2024,1,0008,Real Deal Creel,WW,CL 1|,1,1000,1000,1000,{},1,1,[],0,,,high,80,week1_not_under_contract,,[2024],ok,2026-03-11 14:14:13
QB,15237,1,"Lawrence, Trevor",2021,2022,2,0006,Good in Da Hood,Rookie,CL 3| TCV 27K,3,9000,27000,9000,{},1,2,[],0,,,high,80,manual_review,TRADE,"[2021, 2022]",needs_review,2026-03-11 14:14:13
QB,15237,2,"Lawrence, Trevor",2023,2023,1,0005,HammerTime 🔨 ⏰,Rookie,CL 3| TCV 27K,3,9000,27000,9000,{},3,3,[],0,,,high,80,TRADE,TRADE,[2023],ok,2026-03-11 14:14:13
QB,15237,3,"Lawrence, Trevor",2024,2024,1,0009,C-Town Chivalry,Veteran,"CL 2| TCV 58K| AAV 29K| Y1-47, Y2-11| No Further Extension Allowed",2,47000,58000,29000,"{""Y1"":47000,""Y2"":11000}",1,1,[],0,,,high,80,TRADE,ROLLOVER_BASELINE,[2024],needs_review,2026-03-11 14:14:13
QB,15237,4,"Lawrence, Trevor",2025,2025,1,0006,The Long Haulers,Veteran,"CL 2| TCV 58K| AAV 29K| Y1-47, Y2-11| No Further Extension Allowed",2,11000,58000,29000,"{""Y1"":47000,""Y2"":11000}",2,2,[],0,,,high,80,ROLLOVER_BASELINE,,[2025],ok,2026-03-11 14:14:13
QB,16149,1,"Levis, Will",2023,2025,3,0006,The Main Event Mafia,Rookie,CL 3| TCV 18K| AAV 6K,3,6000,18000,6000,{},1,3,[],0,,,high,80,manual_review,,"[2023, 2024, 2025]",needs_review,2026-03-11 14:14:13
QB,14057,1,"Lock, Drew",2019,2019,1,0004,Pure Greatness,Rookie GF,,3,2000,6000,2000,{},1,1,[],0,,,high,80,manual_review,ROLLOVER_BASELINE,[2019],needs_review,2026-03-11 14:14:13
QB,14057,2,"Lock, Drew",2020,2020,1,0004,Pure Greatness,Rookie GF,,2,2000,4000,2000,{},1,1,[],0,,,high,80,ROLLOVER_BASELINE,,[2020],ok,2026-03-11 14:14:13
QB,14782,1,"Love, Jordan",2020,2021,2,0010,Blake Bombers,Rookie,TCV 6K,3,2000,6000,2000,{},1,2,[],0,,,high,80,manual_review,AUCTION:FreeAgent,"[2020, 2021]",needs_review,2026-03-11 14:14:13
QB,14782,2,"Love, Jordan",2022,2022,1,0003,Gride,Veteran,CL 3| TCV 3K| AAV 1K,3,1000,3000,1000,{},1,1,[],0,,,high,80,AUCTION:FreeAgent,TRADE,[2022],ok,2026-03-11 14:14:13
QB,14782,3,"Love, Jordan",2023,2023,1,0007,Sex Manther,Veteran,CL 3| TCV 3K| AAV 1K,3,1000,3000,1000,{},2,2,[],0,,,high,80,TRADE,ROLLOVER_BASELINE,[2023],ok,2026-03-11 14:14:13
QB,14782,4,"Love, Jordan",2024,2024,1,0004,Pure Greatness,Veteran,"CL 3| TCV 43K| AAV 1K/21K| Y1-1, Y2-21, Y3-21| Ext: PG",3,1000,43000,1000,"{""Y1"":1000,""Y2"":21000,""Y3"":21000}",1,1,"[""PG""]",1,0004,Pure Greatness,high,80,ROLLOVER_BASELINE,ROLLOVER_BASELINE,[2024],needs_review,2026-03-11 14:14:13
QB,14782,5,"Love, Jordan",2025,2025,1,0002,CBP,Veteran,"CL 3| TCV 43K| AAV 21K| Y1-1, Y2-21, Y3-21| Ext: PG",3,21000,43000,21000,"{""Y1"":1000,""Y2"":21000,""Y3"":21000}",2,2,"[""PG""]",1,0004,Pure Greatness,high,80,ROLLOVER_BASELINE,,[2025],ok,2026-03-11 14:14:13
QB,10695,1,"Luck, Andrew",2018,2018,1,0003,Gride,Veteran,,2,19000,38000,19000,{},1,1,[],0,,,high,80,AUCTION:FreeAgent,,[2018],ok,2026-03-11 14:14:13
QB,12612,1,"Lynch, Paxton",2017,2017,1,0004,Pure Greatness,ROOKIE,,2,2000,4000,2000,{},1,1,[],0,,,high,80,manual_review,ROLLOVER_BASELINE,[2017],needs_review,2026-03-11 14:14:13
QB,12612,2,"Lynch, Paxton",2018,2018,1,0004,Pure Greatness,Rookie,,1,2000,2000,2000,{},1,1,[],0,,,high,80,ROLLOVER_BASELINE,,[2018],ok,2026-03-11 14:14:13
QB,13116,1,"Mahomes, Patrick",2017,2017,1,0007,Sex Manther,ROOKIE,,3,2000,6000,2000,{},1,1,[],0,,,high,80,manual_review,ROLLOVER_BASELINE,[2017],needs_review,2026-03-11 14:14:13
QB,13116,2,"Mahomes, Patrick",2018,2018,1,0007,Sex Manther,Rookie,,2,2000,4000,2000,{},1,1,[],0,,,high,80,ROLLOVER_BASELINE,ROLLOVER_BASELINE,[2018],ok,2026-03-11 14:14:13
QB,13116,3,"Mahomes, Patrick",2019,2019,1,0007,Sex Manther,Rookie/Veteran GF,"Ext. Mather '20/'21 [2K,14K, 14K]",3,2000,30000,10000,"{""Y1"":2000,""Y2"":14000,""Y3"":14000}",1,1,[],0,,,high,80,ROLLOVER_BASELINE,ROLLOVER_BASELINE,[2019],needs_review,2026-03-11 14:14:13
QB,13116,4,"Mahomes, Patrick",2020,2020,1,0007,Sex Manther,Veteran GF,"Ext. Mather '20/'21 [2K,14K, 14K]",2,14000,30000,15000,"{""Y1"":2000,""Y2"":14000,""Y3"":14000}",1,1,[],0,,,high,80,ROLLOVER_BASELINE,TRADE,[2020],ok,2026-03-11 14:14:13
QB,13116,5,"Mahomes, Patrick",2021,2021,1,0009,C-Town Chivalry,FL,"CL 3| TCV 82K| AAV 14K/34K| (78,2,2)",3,78000,82000,14000,{},1,1,[],0,,,high,80,TRADE,ROLLOVER_BASELINE,[2021],needs_review,2026-03-11 14:14:13
QB,13116,6,"Mahomes, Patrick",2022,2022,1,0009,C-Town Chivalry,FL,CL 3| TCV 82K| AAV 34K| L 78K| Y1-78 Y2-2 Y3-2,3,2000,82000,34000,"{""Y1"":78000,""Y2"":2000,""Y3"":2000}",2,2,[],0,,,high,80,ROLLOVER_BASELINE,TRADE,[2022],ok,2026-03-11 14:14:13
QB,13116,7,"Mahomes, Patrick",2023,2023,1,0007,Sex Manther,FL,"CL 3| TCV 110K| AAV 34K, 54K| Y1-2K,| Y2-54K, Y3-54K| No Further Extension Allowed",3,2000,110000,34000,"{""Y1"":2000,""Y2"":54000,""Y3"":54000}",1,1,[],0,,,high,80,TRADE,ROLLOVER_BASELINE,[2023],needs_review,2026-03-11 14:14:13
QB,13116,8,"Mahomes, Patrick",2024,2024,1,0007,Sex Manther,BL,"CL 2| TCV 108K| AAV 54K| Y1-40K,| Y2-68K| No Further Extension Allowed",2,40000,108000,54000,"{""Y1"":40000,""Y2"":68000}",1,1,[],0,,,high,80,ROLLOVER_BASELINE,ROLLOVER_BASELINE,[2024],ok,2026-03-11 14:14:13
QB,13116,9,"Mahomes, Patrick",2025,2025,1,0012,Hawks,BL,"CL 2| TCV 108K| AAV 54K| Y1-40K,| Y2-68K| No Further Extension Allowed",2,68000,108000,54000,"{""Y1"":40000,""Y2"":68000}",2,2,[],0,,,high,80,ROLLOVER_BASELINE,,[2025],ok,2026-03-11 14:14:13
QB,7391,1,"Manning, Eli",2011,2011,1,0010,Blake Bombers,Extension Available,,2,8000,16000,8000,{},1,1,[],0,,,high,80,AUCTION:FreeAgent,manual_review,[2011],ok,2026-03-11 14:14:13
QB,7391,2,"Manning, Eli",2017,2017,1,0003,Gride,STANDARD,,1,9000,9000,9000,{},1,1,[],0,,,high,80,manual_review,AUCTION:FreeAgent,[2017],needs_review,2026-03-11 14:14:13
QB,7391,3,"Manning, Eli",2018,2018,1,0004,Pure Greatness,Veteran,,1,2000,2000,2000,{},1,1,[],0,,,high,80,AUCTION:FreeAgent,,[2018],ok,2026-03-11 14:14:13
QB,3291,1,"Manning, Peyton",2011,2011,1,0003,The Fat Cat,Extension Available,,1,39000,39000,39000,{},1,1,[],0,,,high,80,AUCTION:FreeAgent,,[2011],ok,2026-03-11 14:14:13
QB,12141,1,"Mariota, Marcus",2017,2017,1,0007,Sex Manther,ROOKIE,,1,5000,5000,5000,{},1,1,[],0,,,high,80,manual_review,TRADE,[2017],needs_review,2026-03-11 14:14:13
QB,12141,2,"Mariota, Marcus",2018,2018,1,0008,Gordon Is The New Blackmon,Veteran,Ext. Manther '19,1,11000,11000,11000,{},1,1,[],0,,,high,80,TRADE,AUCTION:FreeAgent,[2018],ok,2026-03-11 14:14:13
QB,12141,3,"Mariota, Marcus",2019,2019,1,0010,Blake Bombers,WW,,1,1000,1000,1000,{},1,1,[],0,,,high,80,AUCTION:FreeAgent,AUCTION:FreeAgent,[2019],ok,2026-03-11 14:14:13
QB,12141,4,"Mariota, Marcus",2022,2022,1,0004,Pure Greatness,Veteran,CL 1,1,15000,15000,15000,{},1,1,[],0,,,high,80,AUCTION:FreeAgent,AUCTION:FreeAgent,[2022],ok,2026-03-11 14:14:13
QB,12141,5,"Mariota, Marcus",2025,2025,1,0009,C-Town Chivalry,WW,CL 1|,1,1000,1000,1000,{},1,1,[],0,,,high,80,AUCTION:FreeAgent,,[2025],ok,2026-03-11 14:14:13
QB,16580,1,"Maye, Drake",2024,2024,1,0002,CBP,Rookie,CL 3| TCV 24K| AAV 8K,3,8000,24000,8000,{},1,1,[],0,,,high,80,manual_review,ROLLOVER_BASELINE,[2024],needs_review,2026-03-11 14:14:13
QB,16580,2,"Maye, Drake",2025,2025,1,0004,Pure Greatness,Rookie,CL 3| TCV 24K| AAV 8K,3,8000,24000,8000,{},2,2,[],0,,,high,80,ROLLOVER_BASELINE,,[2025],ok,2026-03-11 14:14:13
QB,13590,1,"Mayfield, Baker",2018,2018,1,0001,Ulterior Warrior,Rookie,,3,2000,6000,2000,{},1,1,[],0,,,high,80,manual_review,ROLLOVER_BASELINE,[2018],needs_review,2026-03-11 14:14:13
QB,13590,2,"Mayfield, Baker",2019,2019,1,0011,Cleon Ca$h,Rookie GF,,2,2000,4000,2000,{},1,1,[],0,,,high,80,ROLLOVER_BASELINE,ROLLOVER_BASELINE,[2019],ok,2026-03-11 14:14:13
QB,13590,3,"Mayfield, Baker",2020,2020,1,0011,Cleon Ca$h,Rookie GF,,1,2000,2000,2000,{},1,1,[],0,,,high,80,ROLLOVER_BASELINE,ROLLOVER_BASELINE,[2020],ok,2026-03-11 14:14:13
QB,13590,4,"Mayfield, Baker",2021,2021,1,0011,Cleon Ca$h,Veteran,CL 2| TCV 28K,2,14000,28000,14000,{},1,1,[],0,,,high,80,ROLLOVER_BASELINE,AUCTION:FreeAgent,[2021],needs_review,2026-03-11 14:14:13
QB,13590,5,"Mayfield, Baker",2022,2022,1,0009,C-Town Chivalry,WW,CL 1,1,40000,40000,40000,{},1,1,[],0,,,high,80,AUCTION:FreeAgent,AUCTION:FreeAgent,[2022],ok,2026-03-11 14:14:13
QB,13590,6,"Mayfield, Baker",2023,2023,1,0006,The Main Event Mafia,Veteran,"CL 2| TCV 20K| AAV 5K, 15K|Y1-5 Y2-15|Ext: Blake",2,5000,20000,5000,"{""Y1"":5000,""Y2"":15000}",1,1,"[""Blake""]",1,0010,Blake Bombers,high,80,AUCTION:FreeAgent,ROLLOVER_BASELINE,[2023],ok,2026-03-11 14:14:13
QB,13590,7,"Mayfield, Baker",2024,2024,1,0010,Blake Bombers,Veteran,CL 2| TCV 20K| AAV 15K|Y1-5 Y2-15|Ext: Blake,2,15000,20000,15000,"{""Y1"":5000,""Y2"":15000}",2,2,"[""Blake""]",1,0010,Blake Bombers,high,80,ROLLOVER_BASELINE,AUCTION:FreeAgent,[2024],ok,2026-03-11 14:14:13
QB,13590,8,"Mayfield, Baker",2025,2025,1,0004,Pure Greatness,FL,"CL 2| TCV 62K| AAV 31K| Y1-36, Y2-26,",2,36000,62000,31000,"{""Y1"":36000,""Y2"":26000}",1,1,[],0,,,high,80,AUCTION:FreeAgent,,[2025],ok,2026-03-11 14:14:13
QB,16584,1,"McCarthy, J.J.",2024,2025,2,0011,Cleon Ca$h,Rookie,CL 3| TCV 33K| AAV 11K,3,11000,33000,11000,{},1,2,[],0,,,high,80,manual_review,,"[2024, 2025]",needs_review,2026-03-11 14:14:13
QB,9899,1,"McCoy, Colt",2011,2011,1,0004,Pure Greatness,Extension Available,,1,2000,2000,2000,{},1,1,[],0,,,high,80,manual_review,,[2011],needs_review,2026-03-11 14:14:13
QB,15702,1,"McKee, Tanner",2025,2025,1,0007,Sex Manther,Veteran,CL 3| TCV 3K| AAV 1K,3,1000,3000,1000,{},1,1,[],0,,,high,80,BBID_WAIVER,,[2025],ok,2026-03-11 14:14:13
QB,17240,1,"Miller, Cam",2025,2025,1,0003,Gride,WW,CL 1|,1,1000,1000,1000,{},1,1,[],0,,,high,80,AUCTION:FreeAgent,,[2025],ok,2026-03-11 14:14:13
QB,15252,1,"Mills, Davis",2021,2021,1,0002,The Bash Bros,Rookie,CL 3| TCV 6K,3,2000,6000,2000,{},1,1,[],0,,,high,80,manual_review,TRADE,[2021],needs_review,2026-03-11 14:14:13
QB,15252,2,"Mills, Davis",2022,2022,1,0005,Run CMC,Rookie,CL 3| TCV 6K,3,2000,6000,2000,{},2,2,[],0,,,high,80,TRADE,,[2022],ok,2026-03-11 14:14:13
QB,17033,1,"Milroe, Jalen",2025,2025,1,0009,C-Town Chivalry,Rookie,CL 3| TCV 15K| AAV 5K,3,5000,15000,5000,{},1,1,[],0,,,high,80,manual_review,,[2025],needs_review,2026-03-11 14:14:13
QB,16585,1,"Milton, Joe",2025,2025,1,0011,Cleon Ca$h,WW,CL 1|,1,1000,1000,1000,{},1,1,[],0,,,high,80,AUCTION:FreeAgent,,[2025],ok,2026-03-11 14:14:13
QB,14067,1,"Minshew, Gardner",2020,2020,1,0003,Gride,Rookie,TCV 3K,2,1000,3000,1500,{},1,1,[],0,,,high,80,ROLLOVER_BASELINE,week1_not_under_contract,[2020],ok,2026-03-11 14:14:13
QB,14067,2,"Minshew, Gardner",2021,2021,1,0003,Gride,WW,CL 1|,1,1000,1000,1000,{},1,1,[],0,,,high,80,week1_not_under_contract,AUCTION:FreeAgent,[2021],ok,2026-03-11 14:14:13
QB,14067,3,"Minshew, Gardner",2024,2024,1,0011,Cleon Ca$h,Veteran,CL 1|,1,5000,5000,5000,{},1,1,[],0,,,high,80,AUCTION:FreeAgent,,[2024],ok,2026-03-11 14:14:13
QB,15243,1,"Mond, Kellen",2021,2022,2,0001,Ulterior Warrior,Rookie,CL 3| TCV 6K,3,2000,6000,2000,{},1,2,[],0,,,high,80,manual_review,,"[2021, 2022]",needs_review,2026-03-11 14:14:13
QB,8944,1,"Moore, Matt",2011,2011,1,0008,Raining Bullets,Extension Available,,1,3000,3000,3000,{},1,1,[],0,,,high,80,manual_review,,[2011],needs_review,2026-03-11 14:14:13
QB,14056,1,"Murray, Kyler",2019,2019,1,0008,#BLM,Rookie GF,,3,5000,15000,5000,{},1,1,[],0,,,high,80,manual_review,ROLLOVER_BASELINE,[2019],needs_review,2026-03-11 14:14:13
QB,14056,2,"Murray, Kyler",2020,2020,1,0003,Gride,Rookie GF,,2,5000,10000,5000,{},1,1,[],0,,,high,80,ROLLOVER_BASELINE,TRADE,[2020],ok,2026-03-11 14:14:13
QB,14056,3,"Murray, Kyler",2021,2021,1,0004,Pure Greatness,Rookie/Veteran,"CL 3| TCV 55K| AAV 5K/25K| (5,25,25)",3,5000,55000,5000,{},1,1,[],0,,,high,80,TRADE,ROLLOVER_BASELINE,[2021],ok,2026-03-11 14:14:13
QB,14056,4,"Murray, Kyler",2022,2022,1,0004,Pure Greatness,Veteran,CL 3| TCV 55K| AAV 25K| Y1-5 Y2-25 Y3-25,3,25000,55000,25000,"{""Y1"":5000,""Y2"":25000,""Y3"":25000}",2,2,[],0,,,high,80,ROLLOVER_BASELINE,TRADE,[2022],ok,2026-03-11 14:14:13
QB,14056,5,"Murray, Kyler",2023,2023,1,0008,Real Deal Creel,Veteran,CL 3| TCV 115K| AAV 25K/45K |Y1-23 Y2-46 Y3-46| No Further Extension Allowed,3,23000,115000,25000,"{""Y1"":23000,""Y2"":46000,""Y3"":46000}",1,1,[],0,,,high,80,TRADE,ROLLOVER_BASELINE,[2023],needs_review,2026-03-11 14:14:13
QB,14056,6,"Murray, Kyler",2024,2024,1,0008,Real Deal Creel,BL,CL 2| TCV 92K| AAV 45K |Y1-39 Y2-53| No Further Extension Allowed,2,39000,92000,45000,"{""Y1"":39000,""Y2"":53000}",1,1,[],0,,,high,80,ROLLOVER_BASELINE,week1_not_under_contract,[2024],ok,2026-03-11 14:14:13
QB,14056,7,"Murray, Kyler",2025,2025,1,0008,Real Deal Creel,WW,CL 1|,1,8000,8000,8000,{},1,1,[],0,,,high,80,week1_not_under_contract,,[2025],ok,2026-03-11 14:14:13
QB,10273,1,"Newton, Cam",2011,2011,1,0006,Murray's Madmen,Extension Available,,2,5000,10000,5000,{},1,1,[],0,,,high,80,AUCTION:FreeAgent,AUCTION:FreeAgent,[2011],ok,2026-03-11 14:14:13
QB,10273,2,"Newton, Cam",2017,2017,1,0010,Blake Bombers,STANDARD,,3,17000,51000,17000,{},1,1,[],0,,,high,80,AUCTION:FreeAgent,TRADE,[2017],ok,2026-03-11 14:14:13
QB,10273,3,"Newton, Cam",2018,2018,1,0004,Pure Greatness,Veteran,,2,17000,34000,17000,{},1,1,[],0,,,high,80,TRADE,ROLLOVER_BASELINE,[2018],ok,2026-03-11 14:14:13
QB,10273,4,"Newton, Cam",2019,2019,1,0004,Pure Greatness,Veteran GF,,1,17000,17000,17000,{},1,1,[],0,,,high,80,ROLLOVER_BASELINE,AUCTION:FreeAgent,[2019],ok,2026-03-11 14:14:13
QB,10273,5,"Newton, Cam",2020,2020,1,0006,Good in Da Hood,Veteran,,1,6000,6000,6000,{},1,1,[],0,,,high,80,AUCTION:FreeAgent,,[2020],ok,2026-03-11 14:14:13
QB,16582,1,"Nix, Bo",2024,2025,2,0001,Ulterior Warrior,Rookie,CL 3| TCV 15K| AAV 5K,3,5000,15000,5000,{},1,2,[],0,,,high,80,manual_review,,"[2024, 2025]",needs_review,2026-03-11 14:14:13
QB,16159,1,"O'Connell, Aidan",2023,2023,1,0009,C-Town Chivalry,Rookie,CL 1| TCV 3K| AAV 1K,1,1000,3000,1000,{},1,1,[],0,,,high,80,BBID_WAIVER,week1_not_under_contract,[2023],ok,2026-03-11 14:14:13
QB,16159,2,"O'Connell, Aidan",2024,2024,1,0009,C-Town Chivalry,WW,CL 1|,1,25000,25000,25000,{},1,1,[],0,,,high,80,week1_not_under_contract,,[2024],ok,2026-03-11 14:14:13
QB,6929,1,"Palmer, Carson",2011,2011,1,0005,BTNH,Extension Available,,1,10000,10000,10000,{},1,1,[],0,,,high,80,manual_review,,[2011],needs_review,2026-03-11 14:14:13
QB,16583,1,"Penix Jr., Michael",2024,2024,1,0008,Real Deal Creel,Rookie,CL 3| TCV 15K| AAV 5K,3,5000,15000,5000,{},1,1,[],0,,,high,80,manual_review,TRADE,[2024],needs_review,2026-03-11 14:14:13
QB,16583,2,"Penix Jr., Michael",2025,2025,1,0005,HammerTime 🔨 ⏰,Rookie,CL 3| TCV 15K| AAV 5K,3,5000,15000,5000,{},2,2,[],0,,,high,80,TRADE,,[2025],ok,2026-03-11 14:14:13
QB,13127,1,"Peterman, Nathan",2017,2017,1,0011,Cleon Ca$h,Front Loaded,"[6K,4K,2K] avg. 4K",3,6000,12000,4000,"{""Y1"":6000,""Y2"":4000,""Y3"":2000}",1,1,[],0,,,high,80,manual_review,,[2017],needs_review,2026-03-11 14:14:13
QB,15692,1,"Pickett, Kenny",2022,2022,1,0005,Run CMC,Rookie,CL 3| TCV 15K| AAV 5K,3,5000,15000,5000,{},1,1,[],0,,,high,80,manual_review,TRADE,[2022],needs_review,2026-03-11 14:14:13
QB,15692,2,"Pickett, Kenny",2023,2023,1,0006,The Main Event Mafia,Rookie,CL 3| TCV 15K| AAV 5K,3,5000,15000,5000,{},2,2,[],0,,,high,80,TRADE,,[2023],ok,2026-03-11 14:14:13
QB,10296,1,"Ponder, Christian",2011,2011,1,0007,R-11,Extension Available,,1,5000,5000,5000,{},1,1,[],0,,,high,80,AUCTION:FreeAgent,,[2011],ok,2026-03-11 14:14:13
QB,12620,1,"Prescott, Dak",2017,2017,1,0008,Gordon Is The New Blackmon,ROOKIE,,2,2000,4000,2000,{},1,1,[],0,,,high,80,manual_review,TRADE,[2017],needs_review,2026-03-11 14:14:13
QB,12620,2,"Prescott, Dak",2018,2018,1,0010,Blake Bombers,Veteran,,1,4000,4000,4000,{},1,1,[],0,,,high,80,TRADE,AUCTION:FreeAgent,[2018],ok,2026-03-11 14:14:13
QB,12620,3,"Prescott, Dak",2019,2019,1,0007,Sex Manther,Veteran,,1,9000,9000,9000,{},1,1,[],0,,,high,80,AUCTION:FreeAgent,AUCTION:TagOrExpiredRookie,[2019],ok,2026-03-11 14:14:13
QB,12620,4,"Prescott, Dak",2020,2020,1,0001,Ulterior Warrior,Transition,Tag Manther '20,1,15000,15000,15000,{},1,1,[],0,,,high,80,AUCTION:TagOrExpiredRookie,AUCTION:FreeAgent,[2020],ok,2026-03-11 14:14:13
QB,12620,5,"Prescott, Dak",2021,2021,1,0005,Run CMC,Veteran,CL 3| TCV 135K| AAV 45K,3,45000,135000,45000,{},1,1,[],0,,,high,80,AUCTION:FreeAgent,TRADE,[2021],ok,2026-03-11 14:14:13
QB,12620,6,"Prescott, Dak",2022,2022,1,0006,Good in Da Hood,Veteran,CL 3| TCV 135K| AAV 45K,3,45000,135000,45000,{},2,2,[],0,,,high,80,TRADE,TRADE,[2022],ok,2026-03-11 14:14:13
QB,12620,7,"Prescott, Dak",2023,2023,1,0002,CBP,Veteran,CL 3| TCV 135K| AAV 45K,3,45000,135000,45000,{},3,3,[],0,,,high,80,TRADE,AUCTION:FreeAgent,[2023],ok,2026-03-11 14:14:13
QB,12620,8,"Prescott, Dak",2024,2025,2,0012,Hawks,Veteran,"CL 2| TCV 90K| AAV 45K| Y1-45, Y2-45,",2,45000,90000,45000,"{""Y1"":45000,""Y2"":45000}",1,2,[],0,,,high,80,AUCTION:FreeAgent,,"[2024, 2025]",ok,2026-03-11 14:14:13
QB,15698,1,"Purdy, Brock",2023,2023,1,0003,Gride,Veteran,CL 2| TCV 52K| AAV 26K,2,26000,52000,26000,{},1,1,[],0,,,high,80,AUCTION:TagOrExpiredRookie,ROLLOVER_BASELINE,[2023],ok,2026-03-11 14:14:13
QB,15698,2,"Purdy, Brock",2024,2024,1,0002,CBP,Veteran,CL 2| TCV 52K| AAV 26K,2,26000,52000,26000,{},2,2,[],0,,,high,80,ROLLOVER_BASELINE,AUCTION:FreeAgent,[2024],ok,2026-03-11 14:14:13
QB,15698,3,"Purdy, Brock",2025,2025,1,0010,Blake Bombers,FL,"CL 3| TCV 84K| AAV 28K| Y1-40K, Y2-22K, Y3-22K|",3,40000,84000,28000,"{""Y1"":40000,""Y2"":22000,""Y3"":22000}",1,1,[],0,,,high,80,AUCTION:FreeAgent,,[2025],ok,2026-03-11 14:14:13
QB,16586,1,"Rattler, Spencer",2024,2025,2,0011,Cleon Ca$h,Rookie,CL 3| TCV 6K| AAV 2K,3,2000,6000,2000,{},1,2,[],0,,,high,80,manual_review,,"[2024, 2025]",needs_review,2026-03-11 14:14:13
QB,16152,1,"Richardson, Anthony",2023,2023,1,0005,HammerTime 🔨 ⏰,Rookie,CL 3| TCV 42K| AAV 14K,3,14000,42000,14000,{},1,1,[],0,,,high,80,manual_review,ROLLOVER_BASELINE,[2023],needs_review,2026-03-11 14:14:13
QB,16152,2,"Richardson, Anthony",2024,2024,1,0003,Gride,Rookie,CL 3| TCV 42K| AAV 14K,3,14000,42000,14000,{},2,2,[],0,,,high,80,ROLLOVER_BASELINE,BBID_WAIVER,[2024],ok,2026-03-11 14:14:13
QB,16152,3,"Richardson, Anthony",2025,2025,1,0005,HammerTime 🔨 ⏰,Veteran,CL 3| TCV 33K| AAV 11K,3,11000,33000,11000,{},1,1,[],0,,,high,80,BBID_WAIVER,,[2025],ok,2026-03-11 14:14:13
QB,15697,1,"Ridder, Desmond",2022,2022,1,0001,Ulterior Warrior,Rookie,CL 3| TCV 15K| AAV 5K,3,5000,15000,5000,{},1,1,[],0,,,high,80,manual_review,TRADE,[2022],needs_review,2026-03-11 14:14:13
QB,15697,2,"Ridder, Desmond",2023,2023,1,0004,Pure Greatness,Rookie,CL 3| TCV 15K| AAV 5K,3,5000,15000,5000,{},2,2,[],0,,,high,80,TRADE,,[2023],ok,2026-03-11 14:14:13
QB,7394,1,"Rivers, Philip",2011,2011,1,0009,C-Town Chivalry,Extension Available,,2,40000,80000,40000,{},1,1,[],0,,,high,80,AUCTION:FreeAgent,manual_review,[2011],ok,2026-03-11 14:14:13
QB,7394,2,"Rivers, Philip",2017,2017,1,0006,Good in Da Hood,STANDARD,,1,6000,6000,6000,{},1,1,[],0,,,high,80,manual_review,AUCTION:FreeAgent,[2017],needs_review,2026-03-11 14:14:13
QB,7394,3,"Rivers, Philip",2018,2018,1,0008,Gordon Is The New Blackmon,BL,"[4,8,12] (AAV 8K)",3,4000,24000,8000,"{""Y1"":4000,""Y2"":8000,""Y3"":12000}",1,1,[],0,,,high,80,AUCTION:FreeAgent,TRADE,[2018],ok,2026-03-11 14:14:13
QB,7394,4,"Rivers, Philip",2019,2019,1,0002,The Bash Bros,BL GF,"[8K,12K] AAV 8K Underpay 4K",2,8000,20000,8000,"{""Y1"":8000,""Y2"":12000}",1,1,[],0,,,high,80,TRADE,ROLLOVER_BASELINE,[2019],ok,2026-03-11 14:14:13
QB,7394,5,"Rivers, Philip",2020,2020,1,0002,The Bash Bros,BL GF,AAV 8K Underpay 4K,1,12000,12000,8000,{},1,1,[],0,,,high,80,ROLLOVER_BASELINE,,[2020],ok,2026-03-11 14:14:13
QB,7836,1,"Rodgers, Aaron",2011,2011,1,0002,D-Town Diddlers,Extension Available,,2,55000,110000,55000,{},1,1,[],0,,,high,80,AUCTION:FreeAgent,manual_review,[2011],ok,2026-03-11 14:14:13
QB,7836,2,"Rodgers, Aaron",2017,2017,1,0011,Cleon Ca$h,FRONT LOAD,"[62K,44K,17K] Avg. 41K",2,44000,123000,61500,"{""Y1"":62000,""Y2"":44000,""Y3"":17000}",1,1,[],0,,,high,80,manual_review,TRADE,[2017],needs_review,2026-03-11 14:14:13
QB,7836,3,"Rodgers, Aaron",2018,2018,1,0009,C-Town Chivalry,FL,"[62K,44K,17K] (AAV $41K)",1,17000,123000,123000,"{""Y1"":62000,""Y2"":44000,""Y3"":17000}",1,1,[],0,,,high,80,TRADE,AUCTION:FreeAgent,[2018],ok,2026-03-11 14:14:13
QB,7836,4,"Rodgers, Aaron",2019,2019,1,0004,Pure Greatness,Veteran,TCV 36K,2,18000,36000,18000,{},1,1,[],0,,,high,80,AUCTION:FreeAgent,ROLLOVER_BASELINE,[2019],ok,2026-03-11 14:14:13
QB,7836,5,"Rodgers, Aaron",2020,2020,1,0004,Pure Greatness,Veteran,TCV 36K,1,18000,36000,36000,{},1,1,[],0,,,high,80,ROLLOVER_BASELINE,AUCTION:FreeAgent,[2020],ok,2026-03-11 14:14:13
QB,7836,6,"Rodgers, Aaron",2021,2021,1,0011,Cleon Ca$h,FL,"CL 2| TCV 78K| AAV 39K| (60,18)",2,60000,78000,39000,{},1,1,[],0,,,high,80,AUCTION:FreeAgent,ROLLOVER_BASELINE,[2021],ok,2026-03-11 14:14:13
QB,7836,7,"Rodgers, Aaron",2022,2022,1,0011,Cleon Ca$h,FL,CL 2| TCV 78K| AAV 39K| L 60K| Y1-60 Y2-18,2,18000,78000,39000,"{""Y1"":60000,""Y2"":18000}",2,2,[],0,,,high,80,ROLLOVER_BASELINE,AUCTION:FreeAgent,[2022],ok,2026-03-11 14:14:13
QB,7836,8,"Rodgers, Aaron",2023,2024,2,0011,Cleon Ca$h,Veteran,CL 3| TCV 27K| AAV 9K,3,9000,27000,9000,{},1,2,[],0,,,high,80,AUCTION:FreeAgent,AUCTION:FreeAgent,"[2023, 2024]",needs_review,2026-03-11 14:14:13
QB,7836,9,"Rodgers, Aaron",2025,2025,1,0004,Pure Greatness,Veteran,CL 1|,1,7000,7000,7000,{},1,1,[],0,,,high,80,AUCTION:FreeAgent,,[2025],ok,2026-03-11 14:14:13
QB,7401,1,"Roethlisberger, Ben",2011,2011,1,0008,Raining Bullets,Extension Available,,2,13000,26000,13000,{},1,1,[],0,,,high,80,AUCTION:FreeAgent,AUCTION:FreeAgent,[2011],ok,2026-03-11 14:14:13
QB,7401,2,"Roethlisberger, Ben",2017,2017,1,0009,C-Town Chivalry,STANDARD,,1,17000,17000,17000,{},1,1,[],0,,,high,80,AUCTION:FreeAgent,AUCTION:FreeAgent,[2017],ok,2026-03-11 14:14:13
QB,7401,3,"Roethlisberger, Ben",2018,2018,1,0001,Ulterior Warrior,Veteran,,2,10000,20000,10000,{},1,1,[],0,,,high,80,AUCTION:FreeAgent,ROLLOVER_BASELINE,[2018],ok,2026-03-11 14:14:13
QB,7401,4,"Roethlisberger, Ben",2019,2019,1,0001,Ulterior Warrior,Veteran GF,,1,10000,10000,10000,{},1,1,[],0,,,high,80,ROLLOVER_BASELINE,AUCTION:FreeAgent,[2019],ok,2026-03-11 14:14:13
QB,7401,5,"Roethlisberger, Ben",2020,2020,1,0007,Sex Manther,Veteran,,1,2000,2000,2000,{},1,1,[],0,,,high,80,AUCTION:FreeAgent,AUCTION:FreeAgent,[2020],ok,2026-03-11 14:14:13
QB,7401,6,"Roethlisberger, Ben",2021,2021,1,0004,Pure Greatness,WW,CL 1|,1,1000,1000,1000,{},1,1,[],0,,,high,80,AUCTION:FreeAgent,,[2021],ok,2026-03-11 14:14:13
QB,7260,1,"Romo, Tony",2011,2011,1,0005,BTNH,Extension Available,,2,27000,54000,27000,{},1,1,[],0,,,high,80,AUCTION:FreeAgent,,[2011],ok,2026-03-11 14:14:13
QB,13591,1,"Rosen, Josh",2018,2018,1,0004,Pure Greatness,Rookie,,3,2000,6000,2000,{},1,1,[],0,,,high,80,manual_review,ROLLOVER_BASELINE,[2018],needs_review,2026-03-11 14:14:13
QB,13591,2,"Rosen, Josh",2019,2019,1,0004,Pure Greatness,Rookie GF,,2,2000,4000,2000,{},1,1,[],0,,,high,80,ROLLOVER_BASELINE,ROLLOVER_BASELINE,[2019],ok,2026-03-11 14:14:13
QB,13591,3,"Rosen, Josh",2020,2020,1,0004,Pure Greatness,Rookie GF,,1,2000,2000,2000,{},1,1,[],0,,,high,80,ROLLOVER_BASELINE,,[2020],ok,2026-03-11 14:14:13
QB,13595,1,"Rudolph, Mason",2018,2018,1,0002,The Bash Bros,Rookie,,3,2000,6000,2000,{},1,1,[],0,,,high,80,manual_review,ROLLOVER_BASELINE,[2018],needs_review,2026-03-11 14:14:13
QB,13595,2,"Rudolph, Mason",2019,2019,1,0002,The Bash Bros,Rookie GF,,2,2000,4000,2000,{},1,1,[],0,,,high,80,ROLLOVER_BASELINE,,[2019],ok,2026-03-11 14:14:13
QB,9099,1,"Ryan, Matt",2011,2011,1,0006,Murray's Madmen,Extension Available,,2,31000,62000,31000,{},1,1,[],0,,,high,80,AUCTION:FreeAgent,manual_review,[2011],ok,2026-03-11 14:14:13
QB,9099,2,"Ryan, Matt",2017,2017,1,0001,Ulterior Warrior,RESTRUCTURED,"Ext UW '17 [22K, 12K]",1,12000,34000,34000,"{""Y1"":22000,""Y2"":12000}",1,1,[],0,,,high,80,manual_review,AUCTION:FreeAgent,[2017],needs_review,2026-03-11 14:14:13
QB,9099,3,"Ryan, Matt",2018,2018,1,0011,Cleon Ca$h,Veteran,,1,12000,12000,12000,{},1,1,[],0,,,high,80,AUCTION:FreeAgent,AUCTION:FreeAgent,[2018],ok,2026-03-11 14:14:13
QB,9099,4,"Ryan, Matt",2019,2019,1,0002,The Bash Bros,Veteran,TCV 30K,3,10000,30000,10000,{},1,1,[],0,,,high,80,AUCTION:FreeAgent,ROLLOVER_BASELINE,[2019],ok,2026-03-11 14:14:13
QB,9099,5,"Ryan, Matt",2020,2020,1,0002,The Bash Bros,Veteran,TCV 30K,2,10000,30000,15000,{},1,1,[],0,,,high,80,ROLLOVER_BASELINE,TRADE,[2020],ok,2026-03-11 14:14:13
QB,9099,6,"Ryan, Matt",2021,2021,1,0012,Hawks,Veteran,CL 3| TCV 30K,3,10000,30000,10000,{},3,3,[],0,,,high,80,TRADE,AUCTION:FreeAgent,[2021],ok,2026-03-11 14:14:13
QB,9099,7,"Ryan, Matt",2022,2022,1,0002,The Bash Bros,Veteran,CL 1,1,28000,28000,28000,{},1,1,[],0,,,high,80,AUCTION:FreeAgent,,[2022],ok,2026-03-11 14:14:13
QB,17031,1,"Sanders, Shedeur",2025,2025,1,0001,L.A. Looks,Rookie,CL 3| TCV 6K| AAV 2K,3,2000,6000,2000,{},1,1,[],0,,,high,80,manual_review,,[2025],needs_review,2026-03-11 14:14:13
QB,17039,1,"Shough, Tyler",2025,2025,1,0002,CBP,Rookie,CL 3| TCV 15K| AAV 5K,3,5000,15000,5000,{},1,1,[],0,,,high,80,manual_review,,[2025],needs_review,2026-03-11 14:14:13
QB,12381,1,"Siemian, Trevor",2017,2017,1,0009,C-Town Chivalry,STANDARD,,3,3000,9000,3000,{},1,1,[],0,,,high,80,manual_review,,[2017],needs_review,2026-03-11 14:14:13
QB,7813,1,"Smith, Alex",2011,2011,1,0003,The Fat Cat,Extension Available,,1,1000,1000,1000,{},1,1,[],0,,,high,80,AUCTION:FreeAgent,AUCTION:FreeAgent,[2011],ok,2026-03-11 14:14:13
QB,7813,2,"Smith, Alex",2017,2017,1,0001,Ulterior Warrior,RESTRUCTURE,"Ext UW '18 [7K, 1K]",2,7000,8000,4000,"{""Y1"":7000,""Y2"":1000}",1,1,[],0,,,high,80,AUCTION:FreeAgent,ROLLOVER_BASELINE,[2017],needs_review,2026-03-11 14:14:13
QB,7813,3,"Smith, Alex",2018,2018,1,0004,Pure Greatness,Veteran,,1,2000,2000,2000,{},1,1,[],0,,,high,80,ROLLOVER_BASELINE,,[2018],ok,2026-03-11 14:14:13
QB,11150,1,"Smith, Geno",2022,2022,1,0003,Gride,Veteran,CL 2| TCV 20K| AAV 5K/15K|  Y1-5 Y2-15,2,5000,20000,5000,"{""Y1"":5000,""Y2"":15000}",1,1,[],0,,,high,80,AUCTION:FreeAgent,ROLLOVER_BASELINE,[2022],ok,2026-03-11 14:14:13
QB,11150,2,"Smith, Geno",2023,2023,1,0001,Ulterior Warrior,Veteran,CL 2| TCV 20K| AAV 5K|  Y1-5 Y2-15| Ext: UW,2,15000,20000,5000,"{""Y1"":5000,""Y2"":15000}",2,2,"[""UW""]",1,0001,Ulterior Warrior,high,80,ROLLOVER_BASELINE,AUCTION:TagOrExpiredRookie,[2023],ok,2026-03-11 14:14:13
QB,11150,3,"Smith, Geno",2024,2024,1,0001,Ulterior Warrior,Tag,CL 1|,1,17000,17000,17000,{},1,1,[],0,,,high,80,AUCTION:TagOrExpiredRookie,AUCTION:FreeAgent,[2024],ok,2026-03-11 14:14:13
QB,11150,4,"Smith, Geno",2025,2025,1,0005,HammerTime 🔨 ⏰,BL,"CL 3| TCV 45K| AAV 15K| Y1-9K, Y2-1K, Y3-35K",3,9000,45000,15000,"{""Y1"":9000,""Y2"":1000,""Y3"":35000}",1,1,[],0,,,high,80,AUCTION:FreeAgent,,[2025],ok,2026-03-11 14:14:13
QB,9431,1,"Stafford, Matthew",2011,2011,1,0009,C-Town Chivalry,Extension Available,,2,12000,24000,12000,{},1,1,[],0,,,high,80,AUCTION:FreeAgent,manual_review,[2011],ok,2026-03-11 14:14:13
QB,9431,2,"Stafford, Matthew",2017,2017,1,0002,Crystal Blue Persuasian,STANDARD,,1,17000,17000,17000,{},1,1,[],0,,,high,80,manual_review,AUCTION:FreeAgent,[2017],needs_review,2026-03-11 14:14:13
QB,9431,3,"Stafford, Matthew",2018,2018,1,0006,Good in Da Hood,Veteran,,2,16000,32000,16000,{},1,1,[],0,,,high,80,AUCTION:FreeAgent,ROLLOVER_BASELINE,[2018],ok,2026-03-11 14:14:13
QB,9431,4,"Stafford, Matthew",2019,2019,1,0008,#BLM,Veteran,TCV 9K,3,3000,9000,3000,{},1,1,[],0,,,high,80,ROLLOVER_BASELINE,TRADE,[2019],needs_review,2026-03-11 14:14:13
QB,9431,5,"Stafford, Matthew",2020,2020,1,0010,Blake Bombers,Veteran,TCV 9K,2,3000,9000,4500,{},1,1,[],0,,,high,80,TRADE,TRADE,[2020],ok,2026-03-11 14:14:13
QB,9431,6,"Stafford, Matthew",2021,2021,1,0007,Sex Manther,FL,"CL 2| TCV 16K| AAV 3K/13K| (15,1)",2,15000,16000,3000,{},1,1,[],0,,,high,80,TRADE,ROLLOVER_BASELINE,[2021],needs_review,2026-03-11 14:14:13
QB,9431,7,"Stafford, Matthew",2022,2022,1,0007,Sex Manther,FL,CL 3| TCV 67K| AAV 15K/22K| Y1-14 Y2-26 Y3-27,3,14000,67000,15000,"{""Y1"":14000,""Y2"":26000,""Y3"":27000}",1,1,[],0,,,high,80,ROLLOVER_BASELINE,ROLLOVER_BASELINE,[2022],needs_review,2026-03-11 14:14:13
QB,9431,8,"Stafford, Matthew",2023,2023,1,0012,Hawks,FL,CL 3| TCV 67K| AAV 22K| Y1-14 Y2-26 Y3-27| No Further Extension Allowed,3,26000,67000,22000,"{""Y1"":14000,""Y2"":26000,""Y3"":27000}",2,2,[],0,,,high,80,ROLLOVER_BASELINE,ROLLOVER_BASELINE,[2023],ok,2026-03-11 14:14:13
QB,9431,9,"Stafford, Matthew",2024,2024,1,0012,Hawks,FL,CL 3| TCV 67K| AAV 22K| Y1-14 Y2-26 Y3-27| No Further Extension Allowed,3,27000,67000,22000,"{""Y1"":14000,""Y2"":26000,""Y3"":27000}",3,3,[],0,,,high,80,ROLLOVER_BASELINE,AUCTION:FreeAgent,[2024],ok,2026-03-11 14:14:13
QB,9431,10,"Stafford, Matthew",2025,2025,1,0001,L.A. Looks,Veteran,CL 1|,1,18000,18000,18000,{},1,1,[],0,,,high,80,AUCTION:FreeAgent,,[2025],ok,2026-03-11 14:14:13
QB,14063,1,"Stidham, Jarrett",2023,2023,1,0007,Sex Manther,WW,,1,38000,38000,38000,{},1,1,[],0,,,high,80,AUCTION:FreeAgent,,[2023],ok,2026-03-11 14:14:13
QB,15695,1,"Strong, Carson",2022,2022,1,0001,Ulterior Warrior,Rookie,CL 3| TCV 6K| AAV 2K,3,2000,6000,2000,{},1,1,[],0,,,high,80,manual_review,,[2022],needs_review,2026-03-11 14:14:13
QB,16150,1,"Stroud, C.J.",2023,2024,2,0005,HammerTime 🔨 ⏰,Rookie,CL 3| TCV 36K| AAV 12K,3,12000,36000,12000,{},1,2,[],0,,,high,80,manual_review,ROLLOVER_BASELINE,"[2023, 2024]",needs_review,2026-03-11 14:14:13
QB,16150,2,"Stroud, C.J.",2025,2025,1,0003,Gride,Rookie,CL 3| TCV 36K| AAV 12K,3,12000,36000,12000,{},3,3,[],0,,,high,80,ROLLOVER_BASELINE,,[2025],ok,2026-03-11 14:14:13
QB,14778,1,"Tagovailoa, Tua",2020,2021,2,0011,Cleon Ca$h,Rookie,TCV 15K,3,5000,15000,5000,{},1,2,[],0,,,high,80,manual_review,AUCTION:FreeAgent,"[2020, 2021]",needs_review,2026-03-11 14:14:13
QB,14778,2,"Tagovailoa, Tua",2022,2022,1,0002,The Bash Bros,FL,CL 3| TCV 87K| AAV 29K| Y1-40 Y2-29 Y3-18,3,40000,87000,29000,"{""Y1"":40000,""Y2"":29000,""Y3"":18000}",1,1,[],0,,,high,80,AUCTION:FreeAgent,TRADE,[2022],ok,2026-03-11 14:14:13
QB,14778,3,"Tagovailoa, Tua",2023,2023,1,0009,C-Town Chivalry,FL,CL 3| TCV 87K| AAV 29K| Y1-40 Y2-29 Y3-18,3,29000,87000,29000,"{""Y1"":40000,""Y2"":29000,""Y3"":18000}",2,2,[],0,,,high,80,TRADE,ROLLOVER_BASELINE,[2023],ok,2026-03-11 14:14:13
QB,14778,4,"Tagovailoa, Tua",2024,2024,1,0009,C-Town Chivalry,FL,"CL 3| TCV 116K| AAV 29K, 49K| Y1-86 Y2-15 Y3-15| Ext: C-Town",3,86000,116000,29000,"{""Y1"":86000,""Y2"":15000,""Y3"":15000}",1,1,"[""C-Town""]",1,0009,C-Town Chivalry,high,80,ROLLOVER_BASELINE,ROLLOVER_BASELINE,[2024],needs_review,2026-03-11 14:14:13
QB,14778,5,"Tagovailoa, Tua",2025,2025,1,0009,C-Town Chivalry,FL,CL 3| TCV 116K| AAV 49K| Y1-86 Y2-15 Y3-15| Ext: C-Town,3,15000,116000,49000,"{""Y1"":86000,""Y2"":15000,""Y3"":15000}",2,2,"[""C-Town""]",1,0009,C-Town Chivalry,high,80,ROLLOVER_BASELINE,,[2025],ok,2026-03-11 14:14:13
QB,10697,1,"Tannehill, Ryan",2017,2017,1,0008,Gordon Is The New Blackmon,STANDARD,,3,1000,3000,1000,{},1,1,[],0,,,high,80,AUCTION:FreeAgent,AUCTION:FreeAgent,[2017],ok,2026-03-11 14:14:13
QB,10697,2,"Tannehill, Ryan",2020,2020,1,0010,Blake Bombers,Veteran,TCV 6K,3,2000,6000,2000,{},1,1,[],0,,,high,80,AUCTION:FreeAgent,TRADE,[2020],ok,2026-03-11 14:14:13
QB,10697,3,"Tannehill, Ryan",2021,2021,1,0003,Gride,Veteran,CL 3| TCV 6K,3,2000,6000,2000,{},2,2,[],0,,,high,80,TRADE,AUCTION:FreeAgent,[2021],ok,2026-03-11 14:14:13
QB,10697,4,"Tannehill, Ryan",2022,2022,1,0012,Hawks,Veteran,CL 1,1,16000,16000,16000,{},1,1,[],0,,,high,80,AUCTION:FreeAgent,AUCTION:FreeAgent,[2022],ok,2026-03-11 14:14:13
QB,10697,5,"Tannehill, Ryan",2023,2023,1,0010,Blake Bombers,Veteran,CL 2| TCV 2K| AAV 1K,2,1000,2000,1000,{},1,1,[],0,,,high,80,AUCTION:FreeAgent,,[2023],needs_review,2026-03-11 14:14:13
QB,10413,1,"Taylor, Tyrod",2017,2017,1,0011,Cleon Ca$h,STANDARD,,1,1000,1000,1000,{},1,1,[],0,,,high,80,manual_review,manual_review,[2017],needs_review,2026-03-11 14:14:13
QB,10413,2,"Taylor, Tyrod",2021,2021,1,0010,Blake Bombers,Veteran,CL 1|,1,1000,1000,1000,{},1,1,[],0,,,high,80,manual_review,BBID_WAIVER,[2021],needs_review,2026-03-11 14:14:13
QB,10413,3,"Taylor, Tyrod",2022,2022,1,0012,Hawks,WW,CL 1,1,1000,1000,1000,{},1,1,[],0,,,high,80,BBID_WAIVER,,[2022],ok,2026-03-11 14:14:13
QB,9862,1,"Tebow, Tim",2011,2011,1,0010,Blake Bombers,Extension Available,,1,6000,6000,6000,{},1,1,[],0,,,high,80,manual_review,,[2011],needs_review,2026-03-11 14:14:13
QB,16158,1,"Thompson-Robinson, Dorian",2023,2023,1,0007,Sex Manther,Rookie,CL 3| TCV 3K| AAV 1K,3,1000,3000,1000,{},1,1,[],0,,,high,80,AUCTION:FreeAgent,,[2023],ok,2026-03-11 14:14:13
QB,15242,1,"Trask, Kyle",2021,2022,2,0008,#BLM,Rookie,CL 3| TCV 6K,3,2000,6000,2000,{},1,2,[],0,,,high,80,manual_review,ROLLOVER_BASELINE,"[2021, 2022]",needs_review,2026-03-11 14:14:13
QB,15242,2,"Trask, Kyle",2023,2023,1,0005,HammerTime 🔨 ⏰,Rookie,CL 3| TCV 6K,3,2000,6000,2000,{},3,3,[],0,,,high,80,ROLLOVER_BASELINE,,[2023],ok,2026-03-11 14:14:13
QB,16589,1,"Travis, Jordan",2024,2024,1,0003,Gride,Rookie,CL 3| TCV 6K| AAV 2K,3,2000,6000,2000,{},1,1,[],0,,,high,80,manual_review,,[2024],needs_review,2026-03-11 14:14:13
QB,13115,1,"Trubisky, Mitchell",2017,2017,1,0003,Gride,ROOKIE,,3,2000,6000,2000,{},1,1,[],0,,,high,80,manual_review,ROLLOVER_BASELINE,[2017],needs_review,2026-03-11 14:14:13
QB,13115,2,"Trubisky, Mitchell",2018,2018,1,0003,Gride,Rookie,,2,2000,4000,2000,{},1,1,[],0,,,high,80,ROLLOVER_BASELINE,week1_not_under_contract,[2018],ok,2026-03-11 14:14:13
QB,13115,3,"Trubisky, Mitchell",2019,2019,1,0003,Gride,WW,,1,1000,1000,1000,{},1,1,[],0,,,high,80,week1_not_under_contract,AUCTION:FreeAgent,[2019],ok,2026-03-11 14:14:13
QB,13115,4,"Trubisky, Mitchell",2022,2022,1,0009,C-Town Chivalry,WW,CL 1,1,1000,1000,1000,{},1,1,[],0,,,high,80,AUCTION:FreeAgent,AUCTION:FreeAgent,[2022],ok,2026-03-11 14:14:13
QB,13115,5,"Trubisky, Mitchell",2025,2025,1,0009,C-Town Chivalry,WW,CL 1|,1,1000,1000,1000,{},1,1,[],0,,,high,80,AUCTION:FreeAgent,,[2025],ok,2026-03-11 14:14:13
QB,4891,1,"Vick, Michael",2011,2011,1,0007,R-11,Extension Available,,1,53000,53000,53000,{},1,1,[],0,,,high,80,AUCTION:FreeAgent,,[2011],ok,2026-03-11 14:14:13
QB,17030,1,"Ward, Cam",2025,2025,1,0010,Blake Bombers,Rookie,CL 3| TCV 30K| AAV 10K | Option Eligible,3,10000,30000,10000,{},1,1,[],0,,,high,80,manual_review,,[2025],needs_review,2026-03-11 14:14:13
QB,13113,1,"Watson, Deshaun",2017,2017,1,0005,C'mon Son,ROOKIE,,3,2000,6000,2000,{},1,1,[],0,,,high,80,manual_review,ROLLOVER_BASELINE,[2017],needs_review,2026-03-11 14:14:13
QB,13113,2,"Watson, Deshaun",2018,2018,1,0005,C'mon Son,Rookie,,2,2000,4000,2000,{},1,1,[],0,,,high,80,ROLLOVER_BASELINE,TRADE,[2018],ok,2026-03-11 14:14:13
QB,13113,3,"Watson, Deshaun",2019,2019,1,0008,#BLM,Rookie/Veteran GF,"Ext. Rico '20/'21 [2K, 14K, 14K]",3,2000,30000,10000,"{""Y1"":2000,""Y2"":14000,""Y3"":14000}",1,1,[],0,,,high,80,TRADE,ROLLOVER_BASELINE,[2019],needs_review,2026-03-11 14:14:13
QB,13113,4,"Watson, Deshaun",2020,2020,1,0008,#BLM,Veteran GF,Ext. Rico '20/'21,2,14000,28000,14000,{},1,1,[],0,,,high,80,ROLLOVER_BASELINE,TRADE,[2020],ok,2026-03-11 14:14:13
QB,13113,5,"Watson, Deshaun",2021,2021,1,0010,Blake Bombers,FL,"CL 3| TCV 82K |AAV 14K/34K| (50K, 16K, 16K)",3,50000,82000,14000,{},1,1,[],0,,,high,80,TRADE,ROLLOVER_BASELINE,[2021],needs_review,2026-03-11 14:14:13
QB,13113,6,"Watson, Deshaun",2022,2022,1,0010,Blake Bombers,FL,CL 3| TCV 82K |AAV 34K| L 50K| Y1-50 Y2-16 Y3-16,3,16000,82000,34000,"{""Y1"":50000,""Y2"":16000,""Y3"":16000}",2,2,[],0,,,high,80,ROLLOVER_BASELINE,ROLLOVER_BASELINE,[2022],ok,2026-03-11 14:14:13
QB,13113,7,"Watson, Deshaun",2023,2023,1,0010,Blake Bombers,FL,"CL 2| TCV 60K |AAV 34K, 44K| Y1-16 Y2-44| No Further Extension Allowed",2,16000,60000,34000,"{""Y1"":16000,""Y2"":44000}",1,1,[],0,,,high,80,ROLLOVER_BASELINE,ROLLOVER_BASELINE,[2023],needs_review,2026-03-11 14:14:13
QB,13113,8,"Watson, Deshaun",2024,2024,1,0006,The Long Haulers,Veteran,CL 2| TCV 60K |AAV 44K| Y1-16 Y2-44| No Further Extension Allowed,2,44000,60000,44000,"{""Y1"":16000,""Y2"":44000}",2,2,[],0,,,high,80,ROLLOVER_BASELINE,AUCTION:FreeAgent,[2024],ok,2026-03-11 14:14:13
QB,13113,9,"Watson, Deshaun",2025,2025,1,0008,Real Deal Creel,Veteran,CL 3| TCV 3K| AAV 1K,3,1000,3000,1000,{},1,1,[],0,,,high,80,AUCTION:FreeAgent,,[2025],ok,2026-03-11 14:14:13
QB,12610,1,"Wentz, Carson",2017,2017,1,0012,White Power,ROOKIE,,2,2000,4000,2000,{},1,1,[],0,,,high,80,manual_review,TRADE,[2017],needs_review,2026-03-11 14:14:13
QB,12610,2,"Wentz, Carson",2018,2018,1,0010,Blake Bombers,Rookie,,1,2000,2000,2000,{},1,1,[],0,,,high,80,TRADE,ROLLOVER_BASELINE,[2018],ok,2026-03-11 14:14:13
QB,12610,3,"Wentz, Carson",2019,2019,1,0010,Blake Bombers,Veteran GF,Ext. Blake '19,1,8000,8000,8000,{},1,1,[],0,,,high,80,ROLLOVER_BASELINE,AUCTION:FreeAgent,[2019],ok,2026-03-11 14:14:13
QB,12610,4,"Wentz, Carson",2020,2020,1,0009,C-Town Chivalry,Veteran,TCV 15K,3,5000,15000,5000,{},1,1,[],0,,,high,80,AUCTION:FreeAgent,TRADE,[2020],ok,2026-03-11 14:14:13
QB,12610,5,"Wentz, Carson",2021,2021,1,0002,The Bash Bros,Veteran,CL 3| TCV 15K,3,5000,15000,5000,{},2,2,[],0,,,high,80,TRADE,AUCTION:FreeAgent,[2021],ok,2026-03-11 14:14:13
QB,12610,6,"Wentz, Carson",2022,2022,1,0011,Cleon Ca$h,WW,CL 1,1,1000,1000,1000,{},1,1,[],0,,,high,80,AUCTION:FreeAgent,,[2022],ok,2026-03-11 14:14:13
QB,13598,1,"White, Mike",2023,2023,1,0001,Ulterior Warrior,WW,,1,1000,1000,1000,{},1,1,[],0,,,high,80,AUCTION:FreeAgent,,[2023],ok,2026-03-11 14:14:13
QB,16579,1,"Williams, Caleb",2024,2025,2,0007,Sex Manther,Rookie,CL 3| TCV 45K| AAV 15K,3,15000,45000,15000,{},1,2,[],0,,,high,80,manual_review,,"[2024, 2025]",needs_review,2026-03-11 14:14:13
QB,15694,1,"Willis, Malik",2022,2024,3,0009,C-Town Chivalry,Rookie,CL 3| TCV 6K| AAV 2K,3,2000,6000,2000,{},1,3,[],0,,,high,80,manual_review,BBID_WAIVER,"[2022, 2023, 2024]",needs_review,2026-03-11 14:14:13
QB,15694,2,"Willis, Malik",2025,2025,1,0007,Sex Manther,WW,CL 1|,1,37000,37000,37000,{},1,1,[],0,,,high,80,BBID_WAIVER,,[2025],ok,2026-03-11 14:14:13
QB,10703,1,"Wilson, Russell",2017,2017,1,0007,Sex Manther,FRONT LOAD,"[40K, 22K] Avg. 31K",2,40000,62000,31000,"{""Y1"":40000,""Y2"":22000}",1,1,[],0,,,high,80,AUCTION:FreeAgent,ROLLOVER_BASELINE,[2017],ok,2026-03-11 14:14:13
QB,10703,2,"Wilson, Russell",2018,2018,1,0007,Sex Manther,FL,"[40K, 22K]  (AAV 31K)",1,22000,62000,31000,"{""Y1"":40000,""Y2"":22000}",1,1,[],0,,,high,80,ROLLOVER_BASELINE,AUCTION:FreeAgent,[2018],ok,2026-03-11 14:14:13
QB,10703,3,"Wilson, Russell",2019,2019,1,0009,C-Town Chivalry,FL,"TCV 30K [20K, 10K] AAV 15K",2,20000,30000,15000,"{""Y1"":20000,""Y2"":10000}",1,1,[],0,,,high,80,AUCTION:FreeAgent,ROLLOVER_BASELINE,[2019],ok,2026-03-11 14:14:13
QB,10703,4,"Wilson, Russell",2020,2020,1,0009,C-Town Chivalry,FL,TCV 30K AAV 15K,1,10000,30000,15000,{},1,1,[],0,,,high,80,ROLLOVER_BASELINE,AUCTION:FreeAgent,[2020],ok,2026-03-11 14:14:13
QB,10703,5,"Wilson, Russell",2021,2021,1,0008,#BLM,FL,"CL 3| TCV 84K| AAV 28K| (64,10,10)",3,64000,84000,28000,{},1,1,[],0,,,high,80,AUCTION:FreeAgent,ROLLOVER_BASELINE,[2021],ok,2026-03-11 14:14:13
QB,10703,6,"Wilson, Russell",2022,2022,1,0008,#BLM,FL,CL 3| TCV 84K| AAV 28K| L 64K| Y1-64 Y2-10 Y3-10,3,10000,84000,28000,"{""Y1"":64000,""Y2"":10000,""Y3"":10000}",2,2,[],0,,,high,80,ROLLOVER_BASELINE,TRADE,[2022],ok,2026-03-11 14:14:13
QB,10703,7,"Wilson, Russell",2023,2023,1,0011,Cleon Ca$h,FL,CL 3| TCV 84K| AAV 28K| L 64K| Y1-64 Y2-10 Y3-10,3,10000,84000,28000,"{""Y1"":64000,""Y2"":10000,""Y3"":10000}",3,3,[],0,,,high,80,TRADE,AUCTION:FreeAgent,[2023],ok,2026-03-11 14:14:13
QB,10703,8,"Wilson, Russell",2024,2024,1,0004,Pure Greatness,FL,"CL 2| TCV 14K| AAV 7K| Y1-10, Y2-4,",2,10000,14000,7000,"{""Y1"":10000,""Y2"":4000}",1,1,[],0,,,high,80,AUCTION:FreeAgent,week1_not_under_contract,[2024],ok,2026-03-11 14:14:13
QB,10703,9,"Wilson, Russell",2025,2025,1,0010,Blake Bombers,WW,CL 1|,1,1000,1000,1000,{},1,1,[],0,,,high,80,week1_not_under_contract,,[2025],ok,2026-03-11 14:14:13
QB,15239,1,"Wilson, Zach",2021,2021,1,0005,Run CMC,Rookie,CL 3| TCV 15K,3,5000,15000,5000,{},1,1,[],0,,,high,80,manual_review,TRADE,[2021],needs_review,2026-03-11 14:14:13
QB,15239,2,"Wilson, Zach",2022,2022,1,0002,The Bash Bros,Rookie,CL 3| TCV 15K,3,5000,15000,5000,{},2,2,[],0,,,high,80,TRADE,TRADE,[2022],ok,2026-03-11 14:14:13
QB,15239,3,"Wilson, Zach",2023,2023,1,0006,The Main Event Mafia,WW,,1,1000,1000,1000,{},1,1,[],0,,,high,80,TRADE,,[2023],ok,2026-03-11 14:14:13
QB,12140,1,"Winston, Jameis",2017,2017,1,0001,Ulterior Warrior,ROOKIE,,1,5000,5000,5000,{},1,1,[],0,,,high,80,manual_review,TRADE,[2017],needs_review,2026-03-11 14:14:13
QB,12140,2,"Winston, Jameis",2019,2019,1,0006,Good in Da Hood,Veteran GF,,2,1000,2000,1000,{},1,1,[],0,,,high,80,TRADE,AUCTION:FreeAgent,[2019],ok,2026-03-11 14:14:13
QB,12140,3,"Winston, Jameis",2020,2020,1,0012,Hawks,WW,,1,8000,8000,8000,{},1,1,[],0,,,high,80,AUCTION:FreeAgent,AUCTION:FreeAgent,[2020],ok,2026-03-11 14:14:13
QB,12140,4,"Winston, Jameis",2021,2021,1,0010,Blake Bombers,Veteran,CL 2| TCV 4K| AAV 2K,2,2000,4000,2000,{},1,1,[],0,,,high,80,AUCTION:FreeAgent,AUCTION:FreeAgent,[2021],ok,2026-03-11 14:14:13
QB,12140,5,"Winston, Jameis",2022,2022,1,0005,Run CMC,FL,CL 3| TCV 36K| AAV 12K| Y1-33 Y2-1 Y3-2,3,33000,36000,12000,"{""Y1"":33000,""Y2"":1000,""Y3"":2000}",1,1,[],0,,,high,80,AUCTION:FreeAgent,TRADE,[2022],ok,2026-03-11 14:14:13
QB,12140,6,"Winston, Jameis",2023,2023,1,0001,Ulterior Warrior,WW,,1,1000,1000,1000,{},1,1,[],0,,,high,80,TRADE,AUCTION:FreeAgent,[2023],ok,2026-03-11 14:14:13
QB,12140,7,"Winston, Jameis",2024,2024,1,0008,Real Deal Creel,WW,CL 1|,1,1000,1000,1000,{},1,1,[],0,,,high,80,AUCTION:FreeAgent,,[2024],ok,2026-03-11 14:14:13
QB,16148,1,"Young, Bryce",2023,2023,1,0002,CBP,Rookie,CL 3| TCV 39K| AAV 13K,3,13000,39000,13000,{},1,1,[],0,,,high,80,manual_review,ROLLOVER_BASELINE,[2023],needs_review,2026-03-11 14:14:13
QB,16148,2,"Young, Bryce",2024,2025,2,0003,Gride,Rookie,CL 3| TCV 39K| AAV 13K,3,13000,39000,13000,{},2,3,[],0,,,high,80,ROLLOVER_BASELINE,,"[2024, 2025]",ok,2026-03-11 14:14:13
