season,position_filter,player_id,player_name,nfl_team,lineage_seq,owner_franchise_id,owner_team_name,stint_start_date,stint_end_date,acquire_source,close_source,week1_owner_franchise_id,week1_owner_team_name,prior_owner_franchise_id,prior_owner_team_name,week1_contract_info,prior_contract_info,generated_at_utc
2017,PN,12844,,,1,0012,White Power,2017-08-11,2017-11-16,AUCTION:FreeAgent,ADDDROP:BBID,,,,,,,2026-04-21 22:10:02
2017,PN,10814,,,1,0009,C-Town Chivalry,2017-08-12,2017-09-20,AUCTION:FreeAgent,ADDDROP:BBID,,,,,,,2026-04-21 22:10:02
2017,PN,12842,,,1,0002,Crystal Blue Persuasian,2017-08-13,2017-10-08,AUCTION:FreeAgent,ADDDROP:FREE_AGENT,,,,,,,2026-04-21 22:10:02
2017,PN,9310,,,1,0003,Gride,2017-08-13,2017-10-05,AUCTION:FreeAgent,ADDDROP:BBID,,,,,,,2026-04-21 22:10:02
2017,PN,7578,,,1,0010,Blake Bombers,2017-08-15,2017-09-03,AUCTION:FreeAgent,ADDDROP:BBID,,,,,,,2026-04-21 22:10:02
2017,PN,7614,,,1,0011,Cleon Ca$h,2017-08-24,2017-10-07,ADDDROP:BBID,ADDDROP:BBID,,,,,,,2026-04-21 22:10:02
2017,PN,13051,,,1,0010,Blake Bombers,2017-09-03,2017-09-20,ADDDROP:BBID,ADDDROP:BBID,,,,,,,2026-04-21 22:10:02
2017,PN,9596,,,1,0009,C-Town Chivalry,2017-09-10,2017-09-12,ADDDROP:FREE_AGENT,ADDDROP:FREE_AGENT,,,,,,,2026-04-21 22:10:02
2017,PN,13431,,,1,0010,Blake Bombers,2017-09-20,2017-11-15,ADDDROP:BBID,ADDDROP:BBID,,,,,,,2026-04-21 22:10:02
2017,PN,12323,,,1,0003,Gride,2017-10-05,2017-11-15,ADDDROP:BBID,ADDDROP:BBID,,,,,,,2026-04-21 22:10:02
2017,PN,12808,,,1,0011,Cleon Ca$h,2017-10-07,2017-11-05,ADDDROP:BBID,ADDDROP:BBID,,,,,,,2026-04-21 22:10:02
2017,PN,11379,,,1,0002,Crystal Blue Persuasian,2017-10-08,2017-10-22,ADDDROP:FREE_AGENT,ADDDROP:FREE_AGENT,,,,,,,2026-04-21 22:10:02
2017,PN,11840,,,1,0008,Gordon Is The New Blackmon,2017-10-11,2017-10-25,ADDDROP:BBID,ADDDROP:BBID,,,,,,,2026-04-21 22:10:02
2017,PN,11383,,,1,0001,Ulterior Warrior,2017-10-29,2017-11-05,ADDDROP:FREE_AGENT,ADDDROP:FREE_AGENT,,,,,,,2026-04-21 22:10:02
2017,PN,13051,,,2,0001,Ulterior Warrior,2017-11-05,2017-11-18,ADDDROP:FREE_AGENT,ADDDROP:BBID,,,,,,,2026-04-21 22:10:02
2017,PN,11840,,,2,0009,C-Town Chivalry,2017-11-08,2017-11-15,ADDDROP:BBID,ADDDROP:BBID,,,,,,,2026-04-21 22:10:02
2017,PN,12808,,,2,0002,Crystal Blue Persuasian,2017-11-09,2017-11-15,ADDDROP:BBID,ADDDROP:BBID,,,,,,,2026-04-21 22:10:02
2017,PN,9310,,,2,0006,Good in Da Hood,2017-11-09,2017-11-22,ADDDROP:BBID,ADDDROP:BBID,,,,,,,2026-04-21 22:10:02
2017,PN,12844,,,2,0006,Good in Da Hood,2017-11-22,2017-12-14,ADDDROP:BBID,ADDDROP:BBID,,,,,,,2026-04-21 22:10:02
2017,PN,12323,,,2,0006,Good in Da Hood,2017-12-14,2017-12-20,ADDDROP:BBID,ADDDROP:BBID,,,,,,,2026-04-21 22:10:02
2018,PN,13844,,,1,0001,Ulterior Warrior,2018-09-12,2018-11-03,ADDDROP:BBID,ADDDROP:BBID,,,,,,,2026-04-21 22:10:05
2018,PN,13051,,,1,0010,Blake Bombers,2018-10-06,2018-12-24,ADDDROP:BBID,SEASON_END,,,,,,,2026-04-21 22:10:05
2018,PN,13908,,,1,0009,C-Town Chivalry,2018-10-24,2018-11-08,ADDDROP:BBID,ADDDROP:BBID,,,,,,,2026-04-21 22:10:05
2018,PN,12266,,,1,0001,Ulterior Warrior,2018-11-03,2018-11-18,ADDDROP:BBID,ADDDROP:BBID,,,,,,,2026-04-21 22:10:05
2018,PN,11383,,,1,0011,Cleon Ca$h,2018-11-04,2018-12-24,ADDDROP:BBID,SEASON_END,,,,,,,2026-04-21 22:10:05
2018,PN,13908,,,2,0002,The Bash Bros,2018-11-14,2018-11-20,ADDDROP:BBID,ADDDROP:FREE_AGENT,,,,,,,2026-04-21 22:10:05
2018,PN,13056,,,1,0008,Gordon Is The New Blackmon,2018-11-15,2018-11-20,ADDDROP:BBID,ADDDROP:FREE_AGENT,,,,,,,2026-04-21 22:10:05
2018,PN,13844,,,2,0012,White Power,2018-11-17,2018-12-24,ADDDROP:BBID,SEASON_END,,,,,,,2026-04-21 22:10:05
2018,PN,7614,,,1,0001,Ulterior Warrior,2018-11-18,2018-12-09,ADDDROP:BBID,ADDDROP:BBID,,,,,,,2026-04-21 22:10:05
2018,PN,13908,,,3,0008,Gordon Is The New Blackmon,2018-12-05,2018-12-24,ADDDROP:BBID,SEASON_END,,,,,,,2026-04-21 22:10:05
2018,PN,13056,,,2,0001,Ulterior Warrior,2018-12-09,2018-12-23,ADDDROP:BBID,ADDDROP:FREE_AGENT,,,,,,,2026-04-21 22:10:05
2018,PN,13848,,,1,0006,Good in Da Hood,2018-12-19,2018-12-24,ADDDROP:BBID,SEASON_END,,,,,,,2026-04-21 22:10:05
2018,PN,11500,,,1,0001,Ulterior Warrior,2018-12-23,2018-12-24,ADDDROP:FREE_AGENT,SEASON_END,,,,,,,2026-04-21 22:10:05
2019,PN,12842,,,1,0008,#BLM,2019-09-11,2019-09-18,ADDDROP:BBID,ADDDROP:BBID,,,,,,,2026-04-21 22:10:10
2019,PN,13791,,,1,0001,Ulterior Warrior,2019-09-15,2019-10-27,ADDDROP:BBID,ADDDROP:FREE_AGENT,,,,,,,2026-04-21 22:10:10
2019,PN,14489,,,1,0012,Hawks,2019-09-19,2019-10-16,ADDDROP:BBID,ADDDROP:BBID,,,,,,,2026-04-21 22:10:10
2019,PN,14190,,,1,0004,Pure Greatness,2019-09-26,2019-11-17,ADDDROP:BBID,ADDDROP:FREE_AGENT,,,,,,,2026-04-21 22:10:10
2019,PN,9596,,,1,0002,The Bash Bros,2019-10-02,2019-10-13,ADDDROP:BBID,ADDDROP:FREE_AGENT,,,,,,,2026-04-21 22:10:10
2019,PN,12266,,,1,0011,Cleon Ca$h,2019-10-12,2019-10-19,ADDDROP:BBID,ADDDROP:BBID,,,,,,,2026-04-21 22:10:10
2019,PN,9596,,,2,0012,Hawks,2019-10-16,2019-10-30,ADDDROP:BBID,ADDDROP:BBID,,,,,,,2026-04-21 22:10:10
2019,PN,14489,,,2,0010,Blake Bombers,2019-10-23,2019-12-05,ADDDROP:BBID,ADDDROP:BBID,,,,,,,2026-04-21 22:10:10
2019,PN,14630,,,1,0001,Ulterior Warrior,2019-10-27,2019-11-16,ADDDROP:FREE_AGENT,ADDDROP:BBID,,,,,,,2026-04-21 22:10:10
2019,PN,9596,,,3,0006,Good in Da Hood,2019-11-06,2019-11-13,ADDDROP:BBID,ADDDROP:BBID,,,,,,,2026-04-21 22:10:10
2019,PN,14227,,,1,0003,Gride,2019-11-09,2019-11-12,ADDDROP:BBID,ADDDROP:FREE_AGENT,,,,,,,2026-04-21 22:10:10
2019,PN,13791,,,2,0011,Cleon Ca$h,2019-11-10,2019-12-23,ADDDROP:FREE_AGENT,SEASON_END,,,,,,,2026-04-21 22:10:10
2019,PN,12323,,,1,0011,Cleon Ca$h,2019-11-17,2019-12-23,ADDDROP:FREE_AGENT,SEASON_END,,,,,,,2026-04-21 22:10:10
2019,PN,14630,,,2,0010,Blake Bombers,2019-12-05,2019-12-23,ADDDROP:BBID,SEASON_END,,,,,,,2026-04-21 22:10:10
2020,PN,9596,,,1,0004,Pure Greatness,2020-09-20,2020-10-03,ADDDROP:FREE_AGENT,ADDDROP:BBID,,,,,,,2026-04-21 22:10:15
2020,PN,14227,,,1,0003,Gride,2020-09-24,2020-10-14,ADDDROP:BBID,ADDDROP:FREE_AGENT,,,,,,,2026-04-21 22:10:15
2020,PN,13848,,,1,0001,Ulterior Warrior,2020-09-30,2020-10-21,ADDDROP:BBID,ADDDROP:BBID,,,,,,,2026-04-21 22:10:15
2020,PN,15032,,,1,0006,Good in Da Hood,2020-10-01,2020-10-11,ADDDROP:BBID,ADDDROP:BBID,,,,,,,2026-04-21 22:10:15
2020,PN,11840,,,1,0004,Pure Greatness,2020-10-03,2020-11-18,ADDDROP:BBID,ADDDROP:BBID,,,,,,,2026-04-21 22:10:15
2020,PN,12842,,,1,0005,Run CMC,2020-10-03,2020-10-06,ADDDROP:BBID,ADDDROP:FREE_AGENT,,,,,,,2026-04-21 22:10:15
2020,PN,13431,,,1,0010,Blake Bombers,2020-10-08,2020-10-21,ADDDROP:BBID,ADDDROP:BBID,,,,,,,2026-04-21 22:10:15
2020,PN,12842,,,2,0006,Good in Da Hood,2020-10-11,2020-10-14,ADDDROP:FREE_AGENT,ADDDROP:FREE_AGENT,,,,,,,2026-04-21 22:10:15
2020,PN,15032,,,2,0003,Gride,2020-10-11,2020-11-14,ADDDROP:BBID,ADDDROP:BBID,,,,,,,2026-04-21 22:10:15
2020,PN,9596,,,2,0005,Run CMC,2020-10-11,2020-10-15,ADDDROP:FREE_AGENT,ADDDROP:FREE_AGENT,,,,,,,2026-04-21 22:10:15
2020,PN,14227,,,2,0002,The Bash Bros,2020-10-18,2020-11-05,ADDDROP:FREE_AGENT,ADDDROP:BBID,,,,,,,2026-04-21 22:10:15
2020,PN,12842,,,3,0001,Ulterior Warrior,2020-10-21,2020-12-28,ADDDROP:BBID,SEASON_END,,,,,,,2026-04-21 22:10:15
2020,PN,9596,,,3,0011,Cleon Ca$h,2020-10-25,2020-12-28,ADDDROP:FREE_AGENT,SEASON_END,,,,,,,2026-04-21 22:10:15
2020,PN,12266,,,1,0008,#BLM,2020-10-28,2020-12-28,ADDDROP:BBID,SEASON_END,,,,,,,2026-04-21 22:10:15
2020,PN,13431,,,2,0009,C-Town Chivalry,2020-10-28,2020-12-06,ADDDROP:BBID,ADDDROP:BBID,,,,,,,2026-04-21 22:10:15
2020,PN,13848,,,2,0012,Hawks,2020-10-29,2020-11-05,ADDDROP:BBID,ADDDROP:BBID,,,,,,,2026-04-21 22:10:15
2020,PN,14227,,,3,0012,Hawks,2020-11-05,2020-11-18,ADDDROP:BBID,ADDDROP:BBID,,,,,,,2026-04-21 22:10:15
2020,PN,8444,,,1,0005,Run CMC,2020-11-07,2020-11-11,ADDDROP:BBID,ADDDROP:BBID,,,,,,,2026-04-21 22:10:15
2020,PN,13848,,,3,0005,Run CMC,2020-11-11,2020-11-25,ADDDROP:BBID,ADDDROP:BBID,,,,,,,2026-04-21 22:10:15
2020,PN,10814,,,1,0003,Gride,2020-11-14,2020-12-28,ADDDROP:BBID,SEASON_END,,,,,,,2026-04-21 22:10:15
2020,PN,8444,,,2,0012,Hawks,2020-11-18,2020-11-29,ADDDROP:BBID,ADDDROP:BBID,,,,,,,2026-04-21 22:10:15
2020,PN,11840,,,2,0004,Pure Greatness,2020-11-22,2020-12-28,ADDDROP:FREE_AGENT,SEASON_END,,,,,,,2026-04-21 22:10:15
2020,PN,13848,,,4,0012,Hawks,2020-11-29,2020-12-28,ADDDROP:BBID,SEASON_END,,,,,,,2026-04-21 22:10:15
2020,PN,15032,,,3,0002,The Bash Bros,2020-12-05,2020-12-10,ADDDROP:BBID,ADDDROP:BBID,,,,,,,2026-04-21 22:10:15
2020,PN,8444,,,3,0009,C-Town Chivalry,2020-12-06,2020-12-09,ADDDROP:BBID,ADDDROP:BBID,,,,,,,2026-04-21 22:10:15
2020,PN,15032,,,4,0005,Run CMC,2020-12-16,2020-12-28,ADDDROP:BBID,SEASON_END,,,,,,,2026-04-21 22:10:15
2021,PN,9577,,,1,0001,Ulterior Warrior,2021-09-16,2021-09-30,ADDDROP:BBID,ADDDROP:BBID,,,,,,,2026-04-21 22:10:22
2021,PN,15500,,,1,0011,Cleon Ca$h,2021-09-19,2021-11-18,ADDDROP:FREE_AGENT,ADDDROP:BBID,,,,,,,2026-04-21 22:10:22
2021,PN,15496,,,1,0003,Gride,2021-09-23,2021-10-07,ADDDROP:BBID,ADDDROP:BBID,,,,,,,2026-04-21 22:10:22
2021,PN,13844,,,1,0012,Hawks,2021-09-30,2021-10-21,ADDDROP:BBID,ADDDROP:BBID,,,,,,,2026-04-21 22:10:22
2021,PN,14658,,,1,0004,Pure Greatness,2021-10-01,2021-11-09,ADDDROP:BBID,ADDDROP:FREE_AGENT,,,,,,,2026-04-21 22:10:22
2021,PN,13051,,,1,0003,Gride,2021-10-07,2021-12-09,ADDDROP:BBID,ADDDROP:BBID,,,,,,,2026-04-21 22:10:22
2021,PN,9577,,,2,0004,Pure Greatness,2021-10-07,2021-11-18,ADDDROP:BBID,ADDDROP:BBID,,,,,,,2026-04-21 22:10:22
2021,PN,13431,,,1,0012,Hawks,2021-10-21,2021-11-18,ADDDROP:BBID,ADDDROP:BBID,,,,,,,2026-04-21 22:10:22
2021,PN,15499,,,1,0001,Ulterior Warrior,2021-10-22,2021-11-12,ADDDROP:BBID,ADDDROP:FREE_AGENT,,,,,,,2026-04-21 22:10:22
2021,PN,15496,,,2,0005,Run CMC,2021-10-28,2021-12-02,ADDDROP:BBID,ADDDROP:BBID,,,,,,,2026-04-21 22:10:22
2021,PN,13844,,,2,0008,#BLM,2021-10-29,2021-11-04,ADDDROP:BBID,ADDDROP:BBID,,,,,,,2026-04-21 22:10:22
2021,PN,13869,,,1,0004,Pure Greatness,2021-11-11,2021-11-14,ADDDROP:BBID,ADDDROP:FREE_AGENT,,,,,,,2026-04-21 22:10:22
2021,PN,15051,,,1,0002,The Bash Bros,2021-11-12,2021-11-18,ADDDROP:BBID,ADDDROP:BBID,,,,,,,2026-04-21 22:10:22
2021,PN,15499,,,2,0004,Pure Greatness,2021-11-14,2021-12-19,ADDDROP:FREE_AGENT,ADDDROP:FREE_AGENT,,,,,,,2026-04-21 22:10:22
2021,PN,13844,,,3,0012,Hawks,2021-11-18,2022-01-03,ADDDROP:BBID,SEASON_END,,,,,,,2026-04-21 22:10:22
2021,PN,9577,,,3,0010,Blake Bombers,2021-11-18,2022-01-03,ADDDROP:BBID,SEASON_END,,,,,,,2026-04-21 22:10:22
2021,PN,15051,,,2,0011,Cleon Ca$h,2021-11-20,2021-11-23,ADDDROP:BBID,ADDDROP:FREE_AGENT,,,,,,,2026-04-21 22:10:22
2021,PN,8444,,,1,0011,Cleon Ca$h,2021-12-12,2022-01-03,ADDDROP:BBID,SEASON_END,,,,,,,2026-04-21 22:10:22
2021,PN,13051,,,2,0004,Pure Greatness,2021-12-19,2022-01-03,ADDDROP:FREE_AGENT,SEASON_END,,,,,,,2026-04-21 22:10:22
2021,PN,15499,,,3,0003,Gride,2021-12-23,2022-01-03,ADDDROP:BBID,SEASON_END,,,,,,,2026-04-21 22:10:22
2022,PN,9310,,,1,0002,The Bash Bros,2022-08-05,2023-01-02,AUCTION:FreeAgent,SEASON_END,,,,,,,2026-04-21 22:10:28
2022,PN,16011,,,1,0010,Blake Bombers,2022-09-17,2022-10-14,ADDDROP:BBID,ADDDROP:BBID,,,,,,,2026-04-21 22:10:28
2022,PN,16010,,,1,0003,Gride,2022-09-22,2023-01-01,ADDDROP:BBID,ADDDROP:FREE_AGENT,,,,,,,2026-04-21 22:10:28
2022,PN,10945,,,1,0007,Sex Manther,2022-10-06,2023-01-01,ADDDROP:BBID,ADDDROP:FREE_AGENT,,,,,,,2026-04-21 22:10:28
2022,PN,13869,,,1,0001,Ulterior Warrior,2022-10-07,2022-10-30,ADDDROP:BBID,ADDDROP:BBID,,,,,,,2026-04-21 22:10:28
2022,PN,13430,,,1,0008,#BLM,2022-10-13,2022-12-04,ADDDROP:BBID,ADDDROP:BBID,,,,,,,2026-04-21 22:10:28
2022,PN,15668,,,1,0010,Blake Bombers,2022-10-14,2022-11-03,ADDDROP:BBID,ADDDROP:BBID,,,,,,,2026-04-21 22:10:28
2022,PN,14985,,,1,0011,Cleon Ca$h,2022-10-16,2022-10-19,ADDDROP:BBID,ADDDROP:FREE_AGENT,,,,,,,2026-04-21 22:10:28
2022,PN,15500,,,1,0011,Cleon Ca$h,2022-10-16,2022-10-23,ADDDROP:FREE_AGENT,ADDDROP:BBID,,,,,,,2026-04-21 22:10:28
2022,PN,16011,,,2,0005,Run CMC,2022-10-22,2023-01-02,ADDDROP:BBID,SEASON_END,,,,,,,2026-04-21 22:10:28
2022,PN,15500,,,2,0001,Ulterior Warrior,2022-10-30,2022-11-13,ADDDROP:BBID,ADDDROP:BBID,,,,,,,2026-04-21 22:10:28
2022,PN,15887,,,1,0010,Blake Bombers,2022-11-03,2022-11-17,ADDDROP:BBID,ADDDROP:BBID,,,,,,,2026-04-21 22:10:28
2022,PN,9596,,,1,0002,The Bash Bros,2022-11-03,2022-11-13,ADDDROP:BBID,ADDDROP:FREE_AGENT,,,,,,,2026-04-21 22:10:28
2022,PN,15668,,,2,0011,Cleon Ca$h,2022-11-10,2023-01-02,ADDDROP:BBID,SEASON_END,,,,,,,2026-04-21 22:10:28
2022,PN,15842,,,1,0001,Ulterior Warrior,2022-12-04,2022-12-10,ADDDROP:FREE_AGENT,ADDDROP:BBID,,,,,,,2026-04-21 22:10:28
2022,PN,15887,,,2,0008,#BLM,2022-12-04,2022-12-15,ADDDROP:BBID,ADDDROP:BBID,,,,,,,2026-04-21 22:10:28
2022,PN,13430,,,2,0006,Good in Da Hood,2022-12-25,2022-12-29,ADDDROP:BBID,ADDDROP:BBID,,,,,,,2026-04-21 22:10:28
2022,PN,13869,,,2,0001,Ulterior Warrior,2023-01-01,2023-01-02,ADDDROP:FREE_AGENT,SEASON_END,,,,,,,2026-04-21 22:10:28
2022,PN,9596,,,2,0003,Gride,2023-01-01,2023-01-02,ADDDROP:FREE_AGENT,SEASON_END,,,,,,,2026-04-21 22:10:28
2023,PN,13844,,,1,0001,Ulterior Warrior,2023-09-17,2023-12-31,ADDDROP:FREE_AGENT,SEASON_END,,,,,,,2026-04-21 22:10:33
2023,PN,15032,,,1,0012,Hawks,2023-09-28,2023-10-07,ADDDROP:BBID,ADDDROP:BBID,,,,,,,2026-04-21 22:10:33
2023,PN,12323,,,1,0003,Gride,2023-10-06,2023-11-17,ADDDROP:BBID,ADDDROP:BBID,,,,,,,2026-04-21 22:10:33
2023,PN,13431,,,1,0009,C-Town Chivalry,2023-10-20,2023-12-31,ADDDROP:BBID,SEASON_END,,,,,,,2026-04-21 22:10:33
2023,PN,15496,,,1,0005,HammerTime 🔨 ⏰,2023-10-20,2023-12-31,ADDDROP:BBID,SEASON_END,,,,,,,2026-04-21 22:10:33
2023,PN,12323,,,2,0008,Real Deal Creel,2023-12-14,2023-12-23,ADDDROP:BBID,ADDDROP:BBID,,,,,,,2026-04-21 22:10:33
2024,PN,15499,,,1,0004,Pure Greatness,2024-07-31,2024-09-05,AUCTION:FreeAgent,ADDDROP:BBID,,,,,,,2026-04-21 22:10:36
2024,PN,15032,,,1,0010,Blake Bombers,2024-09-26,2024-10-03,ADDDROP:BBID,ADDDROP:BBID,,,,,,,2026-04-21 22:10:36
2024,PN,16010,,,1,0010,Blake Bombers,2024-10-03,2024-10-10,ADDDROP:BBID,ADDDROP:BBID,,,,,,,2026-04-21 22:10:36
2024,PN,15884,,,1,0003,Gride,2024-10-04,2024-11-03,ADDDROP:BBID,ADDDROP:BBID,,,,,,,2026-04-21 22:10:36
2024,PN,11383,,,1,0010,Blake Bombers,2024-10-10,2024-10-25,ADDDROP:BBID,ADDDROP:BBID,,,,,,,2026-04-21 22:10:36
2024,PN,13782,,,1,0011,Cleon Ca$h,2024-10-10,2024-10-24,ADDDROP:BBID,ADDDROP:BBID,,,,,,,2026-04-21 22:10:36
2024,PN,13791,,,1,0001,Ulterior Warrior,2024-10-11,2024-10-27,ADDDROP:BBID,ADDDROP:FREE_AGENT,,,,,,,2026-04-21 22:10:36
2024,PN,15051,,,1,0002,CBP,2024-10-11,2024-12-30,ADDDROP:BBID,SEASON_END,,,,,,,2026-04-21 22:10:36
2024,PN,16886,,,1,0009,C-Town Chivalry,2024-10-17,2024-10-24,ADDDROP:BBID,ADDDROP:BBID,,,,,,,2026-04-21 22:10:36
2024,PN,15668,,,1,0008,Real Deal Creel,2024-10-24,2024-11-01,ADDDROP:BBID,ADDDROP:BBID,,,,,,,2026-04-21 22:10:36
2024,PN,16887,,,1,0010,Blake Bombers,2024-10-25,2024-11-14,ADDDROP:BBID,ADDDROP:BBID,,,,,,,2026-04-21 22:10:36
2024,PN,13430,,,1,0001,Ulterior Warrior,2024-10-27,2024-11-07,ADDDROP:FREE_AGENT,ADDDROP:BBID,,,,,,,2026-04-21 22:10:36
2024,PN,13782,,,2,0008,Real Deal Creel,2024-11-01,2024-11-09,ADDDROP:BBID,ADDDROP:BBID,,,,,,,2026-04-21 22:10:36
2024,PN,16886,,,2,0003,Gride,2024-11-03,2024-11-21,ADDDROP:BBID,ADDDROP:BBID,,,,,,,2026-04-21 22:10:36
2024,PN,15499,,,2,0001,Ulterior Warrior,2024-11-10,2024-11-14,ADDDROP:BBID,ADDDROP:BBID,,,,,,,2026-04-21 22:10:36
2024,PN,15668,,,2,0010,Blake Bombers,2024-11-14,2024-11-28,ADDDROP:BBID,ADDDROP:BBID,,,,,,,2026-04-21 22:10:36
2024,PN,13782,,,3,0001,Ulterior Warrior,2024-11-14,2024-12-06,ADDDROP:BBID,ADDDROP:BBID,,,,,,,2026-04-21 22:10:36
2024,PN,13791,,,2,0012,Hawks,2024-11-21,2024-11-26,ADDDROP:BBID,ADDDROP:FREE_AGENT,,,,,,,2026-04-21 22:10:36
2024,PN,16010,,,2,0003,Gride,2024-11-21,2024-12-30,ADDDROP:BBID,SEASON_END,,,,,,,2026-04-21 22:10:36
2024,PN,16886,,,3,0005,HammerTime 🔨 ⏰,2024-11-23,2024-12-30,ADDDROP:BBID,SEASON_END,,,,,,,2026-04-21 22:10:36
2024,PN,16887,,,2,0006,The Long Haulers,2024-12-05,2024-12-12,ADDDROP:BBID,ADDDROP:BBID,,,,,,,2026-04-21 22:10:36
2024,PN,10814,,,1,0001,Ulterior Warrior,2024-12-06,2024-12-30,ADDDROP:BBID,SEASON_END,,,,,,,2026-04-21 22:10:36
2025,PN,13848,,,1,0003,Gride,2025-08-06,2025-09-04,AUCTION:FreeAgent,ADDDROP:BBID,,,,,,,2026-04-21 22:10:39
2025,PN,11985,,,1,0004,Pure Greatness,2025-08-07,2025-08-21,AUCTION:FreeAgent,ADDDROP:BBID,,,,,,,2026-04-21 22:10:39
2025,PN,15668,,,1,0002,CBP,2025-09-14,2025-10-03,ADDDROP:FREE_AGENT,ADDDROP:BBID,,,,,,,2026-04-21 22:10:39
2025,PN,10945,,,1,0012,Hawks,2025-09-18,2025-10-16,ADDDROP:BBID,ADDDROP:BBID,,,,,,,2026-04-21 22:10:39
2025,PN,11985,,,2,0004,Pure Greatness,2025-09-19,2025-10-03,ADDDROP:BBID,ADDDROP:BBID,,,,,,,2026-04-21 22:10:39
2025,PN,16887,,,1,0009,C-Town Chivalry,2025-10-02,2025-10-24,ADDDROP:BBID,ADDDROP:BBID,,,,,,,2026-04-21 22:10:39
2025,PN,15499,,,1,0004,Pure Greatness,2025-10-03,2025-10-12,ADDDROP:BBID,ADDDROP:BBID,,,,,,,2026-04-21 22:10:39
2025,PN,15884,,,1,0002,CBP,2025-10-03,2025-10-19,ADDDROP:BBID,ADDDROP:FREE_AGENT,,,,,,,2026-04-21 22:10:39
2025,PN,14256,,,1,0006,The Long Haulers,2025-10-09,2025-11-20,ADDDROP:BBID,ADDDROP:BBID,,,,,,,2026-04-21 22:10:39
2025,PN,15032,,,1,0011,Cleon Ca$h,2025-10-10,2025-10-24,ADDDROP:BBID,ADDDROP:BBID,,,,,,,2026-04-21 22:10:39
2025,PN,11985,,,3,0004,Pure Greatness,2025-10-12,2025-10-16,ADDDROP:BBID,ADDDROP:BBID,,,,,,,2026-04-21 22:10:39
2025,PN,11383,,,1,0008,Real Deal Creel,2025-10-23,2025-11-23,ADDDROP:BBID,ADDDROP:BBID,,,,,,,2026-04-21 22:10:39
2025,PN,17339,,,1,0005,HammerTime 🔨 ⏰,2025-10-23,2025-10-30,ADDDROP:BBID,ADDDROP:BBID,,,,,,,2026-04-21 22:10:39
2025,PN,10945,,,2,0004,Pure Greatness,2025-10-23,2025-11-06,ADDDROP:BBID,ADDDROP:BBID,,,,,,,2026-04-21 22:10:39
2025,PN,11985,,,4,0012,Hawks,2025-10-23,2025-11-18,ADDDROP:BBID,ADDDROP:FREE_AGENT,,,,,,,2026-04-21 22:10:39
2025,PN,16887,,,2,0001,L.A. Looks,2025-10-26,2025-10-30,ADDDROP:BBID,ADDDROP:BBID,,,,,,,2026-04-21 22:10:39
2025,PN,14227,,,1,0001,L.A. Looks,2025-11-02,2025-12-04,ADDDROP:BBID,ADDDROP:BBID,,,,,,,2026-04-21 22:10:39
2025,PN,15884,,,2,0004,Pure Greatness,2025-11-06,2025-11-09,ADDDROP:BBID,ADDDROP:BBID,,,,,,,2026-04-21 22:10:39
2025,PN,15032,,,2,0003,Gride,2025-11-09,2025-12-29,ADDDROP:BBID,SEASON_END,,,,,,,2026-04-21 22:10:39
2025,PN,15884,,,3,0007,Sex Manther,2025-11-13,2025-12-14,ADDDROP:BBID,ADDDROP:FREE_AGENT,,,,,,,2026-04-21 22:10:39
2025,PN,12323,,,1,0006,The Long Haulers,2025-11-20,2025-12-29,ADDDROP:BBID,SEASON_END,,,,,,,2026-04-21 22:10:39
2025,PN,10945,,,3,0005,HammerTime 🔨 ⏰,2025-11-21,2025-11-27,ADDDROP:BBID,ADDDROP:BBID,,,,,,,2026-04-21 22:10:39
2025,PN,17339,,,2,0010,Blake Bombers,2025-11-28,2025-12-29,ADDDROP:BBID,SEASON_END,,,,,,,2026-04-21 22:10:39
2025,PN,11985,,,5,0002,CBP,2025-12-07,2025-12-29,ADDDROP:FREE_AGENT,SEASON_END,,,,,,,2026-04-21 22:10:39
2025,PN,13791,,,1,0008,Real Deal Creel,2025-12-11,2025-12-14,ADDDROP:BBID,ADDDROP:FREE_AGENT,,,,,,,2026-04-21 22:10:39
2025,PN,11383,,,2,0001,L.A. Looks,2025-12-11,2025-12-29,ADDDROP:BBID,SEASON_END,,,,,,,2026-04-21 22:10:39
2025,PN,10945,,,4,0008,Real Deal Creel,2025-12-14,2025-12-14,ADDDROP:FREE_AGENT,ADDDROP:FREE_AGENT,,,,,,,2026-04-21 22:10:39
2025,PN,13791,,,2,0008,Real Deal Creel,2025-12-19,2025-12-29,ADDDROP:BBID,SEASON_END,,,,,,,2026-04-21 22:10:39
2025,PN,16887,,,3,0004,Pure Greatness,2025-12-25,2025-12-29,ADDDROP:BBID,SEASON_END,,,,,,,2026-04-21 22:10:39
2019,PN,11500,"Allen, Ryan",NEP,1,0001,Ulterior Warrior,2019-03-01,2019-12-23,ROLLOVER_BASELINE,SEASON_END,,,0001,Ulterior Warrior,,,2026-04-21 22:10:10
2021,PN,10814,"Anger, Bryan",HOU,1,0003,Gride,2021-03-01,2021-05-07,ROLLOVER_BASELINE,ADDDROP:FREE_AGENT,,,0003,Gride,,,2026-04-21 22:10:22
2021,PN,10814,"Anger, Bryan",HOU,2,0001,Ulterior Warrior,2021-12-26,2022-01-02,ADDDROP:FREE_AGENT,ADDDROP:BBID,,,0003,Gride,,,2026-04-21 22:10:22
2022,PN,10814,"Anger, Bryan",DAL,1,0005,Run CMC,2022-03-01,2022-10-22,WEEK1_SNAPSHOT,ADDDROP:BBID,0005,Run CMC,,,CL 1,,2026-04-21 22:10:28
2022,PN,10814,"Anger, Bryan",DAL,2,0002,The Bash Bros,2022-10-29,2023-01-02,ADDDROP:BBID,SEASON_END,0005,Run CMC,,,CL 1,,2026-04-21 22:10:28
2023,PN,10814,"Anger, Bryan",DAL,1,0002,The Bash Bros,2023-03-01,2023-03-10,ROLLOVER_BASELINE,ADDDROP:FREE_AGENT,0012,Hawks,0002,The Bash Bros,,CL 1,2026-04-21 22:10:33
2023,PN,10814,"Anger, Bryan",DAL,2,0012,Hawks,2023-08-01,2023-09-28,AUCTION:FreeAgent,ADDDROP:BBID,0012,Hawks,0002,The Bash Bros,,CL 1,2026-04-21 22:10:33
2023,PN,10814,"Anger, Bryan",DAL,3,0012,Hawks,2023-10-07,2023-10-19,ADDDROP:BBID,ADDDROP:BBID,0012,Hawks,0002,The Bash Bros,,CL 1,2026-04-21 22:10:33
2025,PN,10814,"Anger, Bryan",DAL,1,0001,Ulterior Warrior,2025-03-01,2025-10-30,ROLLOVER_BASELINE,ADDDROP:BBID,,,0001,Ulterior Warrior,,CL 1|,2026-04-21 22:10:39
2025,PN,10814,"Anger, Bryan",DAL,2,0003,Gride,2025-10-30,2025-12-29,ADDDROP:BBID,SEASON_END,,,0001,Ulterior Warrior,,CL 1|,2026-04-21 22:10:39
2024,PN,15911,"Araiza, Matt",KCC,1,0011,Cleon Ca$h,2024-03-01,2024-12-30,WEEK1_SNAPSHOT,SEASON_END,0011,Cleon Ca$h,,,CL 1|,,2026-04-21 22:10:36
2025,PN,15911,"Araiza, Matt",KCC,1,0011,Cleon Ca$h,2025-03-01,2025-10-30,ROLLOVER_BASELINE,ADDDROP:BBID,,,0011,Cleon Ca$h,,CL 1|,2026-04-21 22:10:39
2025,PN,15911,"Araiza, Matt",KCC,2,0007,Sex Manther,2025-12-14,2025-12-29,ADDDROP:FREE_AGENT,SEASON_END,,,0011,Cleon Ca$h,,CL 1|,2026-04-21 22:10:39
2019,PN,14256,"Bailey, Jake",NEP,1,0006,Good in Da Hood,2019-03-01,2019-12-23,WEEK1_SNAPSHOT,SEASON_END,0006,Good in Da Hood,,,TCV 6K,,2026-04-21 22:10:10
2020,PN,14256,"Bailey, Jake",NEP,1,0006,Good in Da Hood,2020-03-01,2020-10-01,ROLLOVER_BASELINE,ADDDROP:BBID,0006,Good in Da Hood,0006,Good in Da Hood,,TCV 6K,2026-04-21 22:10:15
2020,PN,14256,"Bailey, Jake",NEP,2,0006,Good in Da Hood,2020-10-08,2020-12-28,ADDDROP:BBID,SEASON_END,0006,Good in Da Hood,0006,Good in Da Hood,,TCV 6K,2026-04-21 22:10:15
2021,PN,14256,"Bailey, Jake",NEP,1,0006,Good in Da Hood,2021-03-01,2021-08-01,ROLLOVER_BASELINE,AUCTION:FreeAgent,0001,Ulterior Warrior,0006,Good in Da Hood,CL 1|,,2026-04-21 22:10:22
2021,PN,14256,"Bailey, Jake",NEP,2,0001,Ulterior Warrior,2021-08-01,2021-09-16,AUCTION:FreeAgent,ADDDROP:BBID,0001,Ulterior Warrior,0006,Good in Da Hood,CL 1|,,2026-04-21 22:10:22
2021,PN,14256,"Bailey, Jake",NEP,3,0005,Run CMC,2021-09-23,2021-10-28,ADDDROP:BBID,ADDDROP:BBID,0001,Ulterior Warrior,0006,Good in Da Hood,CL 1|,,2026-04-21 22:10:22
2021,PN,14256,"Bailey, Jake",NEP,4,0011,Cleon Ca$h,2021-11-18,2021-12-12,ADDDROP:BBID,ADDDROP:BBID,0001,Ulterior Warrior,0006,Good in Da Hood,CL 1|,,2026-04-21 22:10:22
2022,PN,14256,"Bailey, Jake",NEP,1,0003,Gride,2022-03-01,2022-09-22,WEEK1_SNAPSHOT,ADDDROP:BBID,0003,Gride,,,CL 1,,2026-04-21 22:10:28
2022,PN,14256,"Bailey, Jake",NEP,2,0003,Gride,2022-10-20,2022-10-27,ADDDROP:BBID,ADDDROP:FREE_AGENT,0003,Gride,,,CL 1,,2026-04-21 22:10:28
2023,PN,16330,"Baringer, Bryce",NEP,1,0007,Sex Manther,2023-03-01,2023-12-31,WEEK1_SNAPSHOT,SEASON_END,0007,Sex Manther,,,CL 3| TCV 3K| AAV 1K,,2026-04-21 22:10:33
2024,PN,16330,"Baringer, Bryce",NEP,1,0007,Sex Manther,2024-03-01,2024-12-30,ROLLOVER_BASELINE,SEASON_END,0007,Sex Manther,0007,Sex Manther,CL 3| TCV 3K| AAV 1K,CL 3| TCV 3K| AAV 1K,2026-04-21 22:10:36
2025,PN,16330,"Baringer, Bryce",NEP,1,0007,Sex Manther,2025-03-01,2025-11-13,ROLLOVER_BASELINE,ADDDROP:BBID,0007,Sex Manther,0007,Sex Manther,CL 1|,CL 3| TCV 3K| AAV 1K,2026-04-21 22:10:39
2025,PN,16330,"Baringer, Bryce",NEP,2,0010,Blake Bombers,2025-11-20,2025-11-28,ADDDROP:BBID,ADDDROP:BBID,0007,Sex Manther,0007,Sex Manther,CL 1|,CL 3| TCV 3K| AAV 1K,2026-04-21 22:10:39
2021,PN,12266,"Berry, Jordan",PIT,1,0008,#BLM,2021-03-01,2021-08-02,ROLLOVER_BASELINE,AUCTION:FreeAgent,,,0008,#BLM,,,2026-04-21 22:10:22
2021,PN,12266,"Berry, Jordan",PIT,2,0012,Hawks,2021-08-02,2021-09-04,AUCTION:FreeAgent,ADDDROP:BBID,,,0008,#BLM,,,2026-04-21 22:10:22
2021,PN,12266,"Berry, Jordan",PIT,3,0006,Good in Da Hood,2021-11-04,2021-11-11,ADDDROP:BBID,ADDDROP:BBID,,,0008,#BLM,,,2026-04-21 22:10:22
2021,PN,12266,"Berry, Jordan",PIT,4,0001,Ulterior Warrior,2021-11-21,2021-12-26,ADDDROP:FREE_AGENT,ADDDROP:FREE_AGENT,,,0008,#BLM,,,2026-04-21 22:10:22
2021,PN,12266,"Berry, Jordan",PIT,5,0001,Ulterior Warrior,2022-01-02,2022-01-03,ADDDROP:BBID,SEASON_END,,,0008,#BLM,,,2026-04-21 22:10:22
2022,PN,12266,"Berry, Jordan",MIN,1,0001,Ulterior Warrior,2022-03-01,2023-01-02,ROLLOVER_BASELINE,SEASON_END,,,0001,Ulterior Warrior,,CL 1|,2026-04-21 22:10:28
2018,PN,13869,"Bojorquez, Corey",BUF,1,0004,Pure Greatness,2018-03-01,2018-12-24,WEEK1_SNAPSHOT,SEASON_END,0004,Pure Greatness,,,,,2026-04-21 22:10:05
2019,PN,13869,"Bojorquez, Corey",BUF,1,0004,Pure Greatness,2019-03-01,2019-11-03,ROLLOVER_BASELINE,ADDDROP:FREE_AGENT,,,0004,Pure Greatness,,,2026-04-21 22:10:10
2019,PN,13869,"Bojorquez, Corey",BUF,2,0008,#BLM,2019-11-03,2019-11-06,ADDDROP:FREE_AGENT,ADDDROP:BBID,,,0004,Pure Greatness,,,2026-04-21 22:10:10
2019,PN,13869,"Bojorquez, Corey",BUF,3,0007,Sex Manther,2019-11-13,2019-11-19,ADDDROP:BBID,ADDDROP:FREE_AGENT,,,0004,Pure Greatness,,,2026-04-21 22:10:10
2019,PN,13869,"Bojorquez, Corey",BUF,4,0004,Pure Greatness,2019-11-27,2019-12-23,ADDDROP:BBID,SEASON_END,,,0004,Pure Greatness,,,2026-04-21 22:10:10
2020,PN,13869,"Bojorquez, Corey",BUF,1,0004,Pure Greatness,2020-03-01,2020-09-20,ROLLOVER_BASELINE,ADDDROP:FREE_AGENT,0004,Pure Greatness,0004,Pure Greatness,,,2026-04-21 22:10:15
2020,PN,13869,"Bojorquez, Corey",BUF,2,0010,Blake Bombers,2020-10-21,2020-11-04,ADDDROP:BBID,ADDDROP:BBID,0004,Pure Greatness,0004,Pure Greatness,,,2026-04-21 22:10:15
2023,PN,13869,"Bojorquez, Corey",CLE,1,0001,Ulterior Warrior,2023-03-01,2023-08-31,ROLLOVER_BASELINE,ADDDROP:BBID,0004,Pure Greatness,0001,Ulterior Warrior,,CL 1,2026-04-21 22:10:33
2023,PN,13869,"Bojorquez, Corey",CLE,2,0004,Pure Greatness,2023-08-31,2023-10-05,ADDDROP:BBID,ADDDROP:BBID,0004,Pure Greatness,0001,Ulterior Warrior,,CL 1,2026-04-21 22:10:33
2023,PN,13869,"Bojorquez, Corey",CLE,3,0004,Pure Greatness,2023-10-19,2023-11-19,ADDDROP:BBID,ADDDROP:FREE_AGENT,0004,Pure Greatness,0001,Ulterior Warrior,,CL 1,2026-04-21 22:10:33
2023,PN,13869,"Bojorquez, Corey",CLE,4,0011,Cleon Ca$h,2023-12-02,2023-12-31,ADDDROP:BBID,SEASON_END,0004,Pure Greatness,0001,Ulterior Warrior,,CL 1,2026-04-21 22:10:33
2024,PN,13869,"Bojorquez, Corey",CLE,1,0011,Cleon Ca$h,2024-03-01,2024-09-05,ROLLOVER_BASELINE,ADDDROP:BBID,0004,Pure Greatness,0011,Cleon Ca$h,CL 1|,,2026-04-21 22:10:36
2024,PN,13869,"Bojorquez, Corey",CLE,2,0004,Pure Greatness,2024-09-05,2024-12-30,ADDDROP:BBID,SEASON_END,0004,Pure Greatness,0011,Cleon Ca$h,CL 1|,,2026-04-21 22:10:36
2025,PN,13869,"Bojorquez, Corey",CLE,1,0004,Pure Greatness,2025-03-01,2025-08-05,ROLLOVER_BASELINE,AUCTION:FreeAgent,0001,L.A. Looks,0004,Pure Greatness,CL 1|,CL 1|,2026-04-21 22:10:39
2025,PN,13869,"Bojorquez, Corey",CLE,2,0001,L.A. Looks,2025-08-05,2025-10-26,AUCTION:FreeAgent,ADDDROP:BBID,0001,L.A. Looks,0004,Pure Greatness,CL 1|,CL 1|,2026-04-21 22:10:39
2025,PN,13869,"Bojorquez, Corey",CLE,3,0004,Pure Greatness,2025-11-09,2025-12-05,ADDDROP:BBID,ADDDROP:BBID,0001,L.A. Looks,0004,Pure Greatness,CL 1|,CL 1|,2026-04-21 22:10:39
2023,PN,15887,"Camarda, Jake",TBB,1,0010,Blake Bombers,2023-03-01,2023-10-05,WEEK1_SNAPSHOT,ADDDROP:BBID,0010,Blake Bombers,,,,,2026-04-21 22:10:33
2023,PN,15887,"Camarda, Jake",TBB,2,0010,Blake Bombers,2023-10-08,2023-12-31,ADDDROP:BBID,SEASON_END,0010,Blake Bombers,,,,,2026-04-21 22:10:33
2024,PN,15887,"Camarda, Jake",BUF,1,0010,Blake Bombers,2024-03-01,2024-07-30,ROLLOVER_BASELINE,AUCTION:FreeAgent,0003,Gride,0010,Blake Bombers,CL 1|,,2026-04-21 22:10:36
2024,PN,15887,"Camarda, Jake",BUF,2,0003,Gride,2024-07-30,2024-10-03,AUCTION:FreeAgent,ADDDROP:FREE_AGENT,0003,Gride,0010,Blake Bombers,CL 1|,,2026-04-21 22:10:36
2020,PN,14630,"Cole, A.J.",LVR,1,0010,Blake Bombers,2020-03-01,2020-08-22,ROLLOVER_BASELINE,AUCTION:FreeAgent,0003,Gride,0010,Blake Bombers,,,2026-04-21 22:10:15
2020,PN,14630,"Cole, A.J.",LVR,2,0003,Gride,2020-08-22,2020-09-24,AUCTION:FreeAgent,ADDDROP:BBID,0003,Gride,0010,Blake Bombers,,,2026-04-21 22:10:15
2020,PN,14630,"Cole, A.J.",LVR,3,0001,Ulterior Warrior,2020-11-21,2020-11-25,ADDDROP:BBID,ADDDROP:FREE_AGENT,0003,Gride,0010,Blake Bombers,,,2026-04-21 22:10:15
2020,PN,14630,"Cole, A.J.",LVR,4,0009,C-Town Chivalry,2020-12-09,2020-12-28,ADDDROP:BBID,SEASON_END,0003,Gride,0010,Blake Bombers,,,2026-04-21 22:10:15
2021,PN,14630,"Cole, A.J.",LVR,1,0009,C-Town Chivalry,2021-03-01,2021-08-03,ROLLOVER_BASELINE,AUCTION:FreeAgent,0008,#BLM,0009,C-Town Chivalry,CL 1|,,2026-04-21 22:10:22
2021,PN,14630,"Cole, A.J.",LVR,2,0008,#BLM,2021-08-03,2022-01-03,AUCTION:FreeAgent,SEASON_END,0008,#BLM,0009,C-Town Chivalry,CL 1|,,2026-04-21 22:10:22
2022,PN,14630,"Cole, A.J.",LVR,1,0008,#BLM,2022-03-01,2022-08-05,ROLLOVER_BASELINE,AUCTION:FreeAgent,0006,Good in Da Hood,0008,#BLM,CL 1,CL 1|,2026-04-21 22:10:28
2022,PN,14630,"Cole, A.J.",LVR,2,0006,Good in Da Hood,2022-08-05,2022-09-29,AUCTION:FreeAgent,ADDDROP:BBID,0006,Good in Da Hood,0008,#BLM,CL 1,CL 1|,2026-04-21 22:10:28
2022,PN,14630,"Cole, A.J.",LVR,3,0001,Ulterior Warrior,2022-11-13,2022-12-04,ADDDROP:BBID,ADDDROP:FREE_AGENT,0006,Good in Da Hood,0008,#BLM,CL 1,CL 1|,2026-04-21 22:10:28
2022,PN,14630,"Cole, A.J.",LVR,4,0012,Hawks,2022-12-08,2023-01-02,ADDDROP:BBID,SEASON_END,0006,Good in Da Hood,0008,#BLM,CL 1,CL 1|,2026-04-21 22:10:28
2023,PN,14630,"Cole, A.J.",LVR,1,0012,Hawks,2023-03-01,2023-03-18,ROLLOVER_BASELINE,ADDDROP:FREE_AGENT,0006,The Main Event Mafia,0012,Hawks,,CL 1,2026-04-21 22:10:33
2023,PN,14630,"Cole, A.J.",LVR,2,0006,The Main Event Mafia,2023-08-01,2023-12-07,AUCTION:FreeAgent,ADDDROP:BBID,0006,The Main Event Mafia,0012,Hawks,,CL 1,2026-04-21 22:10:33
2023,PN,14630,"Cole, A.J.",LVR,3,0012,Hawks,2023-12-07,2023-12-31,ADDDROP:BBID,SEASON_END,0006,The Main Event Mafia,0012,Hawks,,CL 1,2026-04-21 22:10:33
2024,PN,14630,"Cole, A.J.",LVR,1,0012,Hawks,2024-03-01,2024-07-30,ROLLOVER_BASELINE,AUCTION:FreeAgent,0005,HammerTime 🔨 ⏰,0012,Hawks,CL 1|,,2026-04-21 22:10:36
2024,PN,14630,"Cole, A.J.",LVR,2,0005,HammerTime 🔨 ⏰,2024-07-30,2024-10-24,AUCTION:FreeAgent,ADDDROP:BBID,0005,HammerTime 🔨 ⏰,0012,Hawks,CL 1|,,2026-04-21 22:10:36
2024,PN,14630,"Cole, A.J.",LVR,3,0008,Real Deal Creel,2024-11-09,2024-12-05,ADDDROP:BBID,ADDDROP:BBID,0005,HammerTime 🔨 ⏰,0012,Hawks,CL 1|,,2026-04-21 22:10:36
2024,PN,14630,"Cole, A.J.",LVR,4,0002,CBP,2024-12-07,2024-12-10,ADDDROP:BBID,ADDDROP:FREE_AGENT,0005,HammerTime 🔨 ⏰,0012,Hawks,CL 1|,,2026-04-21 22:10:36
2025,PN,14630,"Cole, A.J.",LVR,1,0011,Cleon Ca$h,2025-03-01,2025-10-10,WEEK1_SNAPSHOT,ADDDROP:BBID,0011,Cleon Ca$h,,,CL 1|,,2026-04-21 22:10:39
2025,PN,14630,"Cole, A.J.",LVR,2,0001,L.A. Looks,2025-12-04,2025-12-11,ADDDROP:BBID,ADDDROP:BBID,0011,Cleon Ca$h,,,CL 1|,,2026-04-21 22:10:39
2017,PN,9712,"Colquitt, Britton",CLE,1,0012,White Power,2017-03-01,2017-08-08,WEEK1_SNAPSHOT,AUCTION:FreeAgent,0012,White Power,,,,,2026-04-21 22:10:02
2017,PN,9712,"Colquitt, Britton",CLE,2,0005,C'mon Son,2017-08-08,2017-11-05,AUCTION:FreeAgent,ADDDROP:FREE_AGENT,0012,White Power,,,,,2026-04-21 22:10:02
2017,PN,9712,"Colquitt, Britton",CLE,3,0012,White Power,2017-11-16,2017-12-25,ADDDROP:BBID,SEASON_END,0012,White Power,,,,,2026-04-21 22:10:02
2018,PN,9712,"Colquitt, Britton",CLE,1,0012,White Power,2018-03-01,2018-09-19,ROLLOVER_BASELINE,ADDDROP:BBID,,,0012,White Power,,,2026-04-21 22:10:05
2018,PN,9712,"Colquitt, Britton",CLE,2,0008,Gordon Is The New Blackmon,2018-09-19,2018-12-24,ADDDROP:BBID,SEASON_END,,,0012,White Power,,,2026-04-21 22:10:05
2019,PN,9712,"Colquitt, Britton",CLE,1,0008,Gordon Is The New Blackmon,2019-03-01,2019-12-11,ROLLOVER_BASELINE,ADDDROP:BBID,,,0008,Gordon Is The New Blackmon,,,2026-04-21 22:10:10
2019,PN,9712,"Colquitt, Britton",CLE,2,0009,C-Town Chivalry,2019-12-11,2019-12-23,ADDDROP:BBID,SEASON_END,,,0008,Gordon Is The New Blackmon,,,2026-04-21 22:10:10
2020,PN,9712,"Colquitt, Britton",MIN,1,0009,C-Town Chivalry,2020-03-01,2020-12-28,ROLLOVER_BASELINE,SEASON_END,,,0009,C-Town Chivalry,,,2026-04-21 22:10:15
2017,PN,7911,"Colquitt, Dustin",KCC,1,0001,Ulterior Warrior,2017-03-01,2017-10-11,WEEK1_SNAPSHOT,ADDDROP:BBID,0001,Ulterior Warrior,,,,,2026-04-21 22:10:02
2017,PN,7911,"Colquitt, Dustin",KCC,2,0009,C-Town Chivalry,2017-10-25,2017-11-08,ADDDROP:BBID,ADDDROP:BBID,0001,Ulterior Warrior,,,,,2026-04-21 22:10:02
2017,PN,7911,"Colquitt, Dustin",KCC,3,0001,Ulterior Warrior,2017-11-18,2017-12-25,ADDDROP:BBID,SEASON_END,0001,Ulterior Warrior,,,,,2026-04-21 22:10:02
2018,PN,7911,"Colquitt, Dustin",KCC,1,0001,Ulterior Warrior,2018-03-01,2018-09-01,ROLLOVER_BASELINE,ADDDROP:BBID,0009,C-Town Chivalry,0001,Ulterior Warrior,,,2026-04-21 22:10:05
2018,PN,7911,"Colquitt, Dustin",KCC,2,0009,C-Town Chivalry,2018-09-01,2018-09-27,ADDDROP:BBID,ADDDROP:BBID,0009,C-Town Chivalry,0001,Ulterior Warrior,,,2026-04-21 22:10:05
2019,PN,13844,"Cooke, Logan",JAC,1,0012,White Power,2019-03-01,2019-03-08,ROLLOVER_BASELINE,ADDDROP:FREE_AGENT,,,0012,White Power,,,2026-04-21 22:10:10
2019,PN,13844,"Cooke, Logan",JAC,2,0005,Run CMC,2019-08-22,2019-09-05,AUCTION:FreeAgent,ADDDROP:BBID,,,0012,White Power,,,2026-04-21 22:10:10
2019,PN,13844,"Cooke, Logan",JAC,3,0008,#BLM,2019-09-18,2019-11-02,ADDDROP:BBID,ADDDROP:BBID,,,0012,White Power,,,2026-04-21 22:10:10
2020,PN,13844,"Cooke, Logan",JAC,1,0012,Hawks,2020-03-01,2020-10-07,WEEK1_SNAPSHOT,ADDDROP:BBID,0012,Hawks,,,,,2026-04-21 22:10:15
2020,PN,13844,"Cooke, Logan",JAC,2,0004,Pure Greatness,2020-11-18,2020-11-25,ADDDROP:BBID,ADDDROP:BBID,0012,Hawks,,,,,2026-04-21 22:10:15
2020,PN,13844,"Cooke, Logan",JAC,3,0005,Run CMC,2020-11-25,2020-12-16,ADDDROP:BBID,ADDDROP:BBID,0012,Hawks,,,,,2026-04-21 22:10:15
2022,PN,13844,"Cooke, Logan",JAC,1,0012,Hawks,2022-03-01,2022-02-23,ROLLOVER_BASELINE,ADDDROP:FREE_AGENT,0001,Ulterior Warrior,0012,Hawks,CL 1,CL 1|,2026-04-21 22:10:28
2022,PN,13844,"Cooke, Logan",JAC,2,0001,Ulterior Warrior,2022-08-04,2022-10-07,AUCTION:FreeAgent,ADDDROP:BBID,0001,Ulterior Warrior,0012,Hawks,CL 1,CL 1|,2026-04-21 22:10:28
2022,PN,13844,"Cooke, Logan",JAC,3,0011,Cleon Ca$h,2022-11-03,2022-11-10,ADDDROP:BBID,ADDDROP:BBID,0001,Ulterior Warrior,0012,Hawks,CL 1,CL 1|,2026-04-21 22:10:28
2024,PN,13844,"Cooke, Logan",JAC,1,0001,Ulterior Warrior,2024-03-01,2024-08-02,ROLLOVER_BASELINE,AUCTION:FreeAgent,0010,Blake Bombers,0001,Ulterior Warrior,CL 1|,,2026-04-21 22:10:36
2024,PN,13844,"Cooke, Logan",JAC,2,0010,Blake Bombers,2024-08-02,2024-09-26,AUCTION:FreeAgent,ADDDROP:BBID,0010,Blake Bombers,0001,Ulterior Warrior,CL 1|,,2026-04-21 22:10:36
2024,PN,13844,"Cooke, Logan",JAC,3,0005,HammerTime 🔨 ⏰,2024-10-24,2024-10-31,ADDDROP:BBID,ADDDROP:BBID,0010,Blake Bombers,0001,Ulterior Warrior,CL 1|,,2026-04-21 22:10:36
2024,PN,13844,"Cooke, Logan",JAC,4,0004,Pure Greatness,2024-11-07,2024-11-14,ADDDROP:BBID,ADDDROP:BBID,0010,Blake Bombers,0001,Ulterior Warrior,CL 1|,,2026-04-21 22:10:36
2024,PN,13844,"Cooke, Logan",JAC,5,0007,Sex Manther,2024-11-21,2024-11-26,ADDDROP:BBID,ADDDROP:FREE_AGENT,0010,Blake Bombers,0001,Ulterior Warrior,CL 1|,,2026-04-21 22:10:36
2024,PN,13844,"Cooke, Logan",JAC,6,0010,Blake Bombers,2024-11-28,2024-12-30,ADDDROP:BBID,SEASON_END,0010,Blake Bombers,0001,Ulterior Warrior,CL 1|,,2026-04-21 22:10:36
2025,PN,13844,"Cooke, Logan",JAC,1,0010,Blake Bombers,2025-03-01,2025-08-21,ROLLOVER_BASELINE,ADDDROP:BBID,0004,Pure Greatness,0010,Blake Bombers,CL 1|,CL 1|,2026-04-21 22:10:39
2025,PN,13844,"Cooke, Logan",JAC,2,0004,Pure Greatness,2025-08-21,2025-09-19,ADDDROP:BBID,ADDDROP:BBID,0004,Pure Greatness,0010,Blake Bombers,CL 1|,CL 1|,2026-04-21 22:10:39
2025,PN,13844,"Cooke, Logan",JAC,3,0012,Hawks,2025-10-16,2025-10-23,ADDDROP:BBID,ADDDROP:BBID,0004,Pure Greatness,0010,Blake Bombers,CL 1|,CL 1|,2026-04-21 22:10:39
2025,PN,13844,"Cooke, Logan",JAC,4,0008,Real Deal Creel,2025-12-14,2025-12-19,ADDDROP:FREE_AGENT,ADDDROP:BBID,0004,Pure Greatness,0010,Blake Bombers,CL 1|,CL 1|,2026-04-21 22:10:39
2025,PN,17241,"Crawshaw, Jeremy",DEN,1,0010,Blake Bombers,2025-03-01,2025-11-20,WEEK1_SNAPSHOT,ADDDROP:BBID,0010,Blake Bombers,,,CL 1|,,2026-04-21 22:10:39
2025,PN,17241,"Crawshaw, Jeremy",DEN,2,0005,HammerTime 🔨 ⏰,2025-11-27,2025-12-29,ADDDROP:BBID,SEASON_END,0010,Blake Bombers,,,CL 1|,,2026-04-21 22:10:39
2019,PN,13908,"Daniel, Trevor",DEN,1,0012,Hawks,2019-03-01,2019-09-19,WEEK1_SNAPSHOT,ADDDROP:BBID,0012,Hawks,,,,,2026-04-21 22:10:10
2018,PN,13782,"Dickson, Michael",SEA,1,0007,Sex Manther,2018-03-01,2018-12-24,WEEK1_SNAPSHOT,SEASON_END,0007,Sex Manther,,,,,2026-04-21 22:10:05
2019,PN,13782,"Dickson, Michael",SEA,1,0007,Sex Manther,2019-03-01,2019-12-23,ROLLOVER_BASELINE,SEASON_END,0007,Sex Manther,0007,Sex Manther,,,2026-04-21 22:10:10
2020,PN,13782,"Dickson, Michael",SEA,1,0007,Sex Manther,2020-03-01,2020-12-28,ROLLOVER_BASELINE,SEASON_END,0007,Sex Manther,0007,Sex Manther,TCV 15K,,2026-04-21 22:10:15
2021,PN,13782,"Dickson, Michael",SEA,1,0007,Sex Manther,2021-03-01,2021-08-01,ROLLOVER_BASELINE,AUCTION:FreeAgent,0006,Good in Da Hood,0007,Sex Manther,CL 1|,TCV 15K,2026-04-21 22:10:22
2021,PN,13782,"Dickson, Michael",SEA,2,0006,Good in Da Hood,2021-08-01,2022-01-03,AUCTION:FreeAgent,SEASON_END,0006,Good in Da Hood,0007,Sex Manther,CL 1|,TCV 15K,2026-04-21 22:10:22
2022,PN,13782,"Dickson, Michael",SEA,1,0006,Good in Da Hood,2022-03-01,2022-07-31,ROLLOVER_BASELINE,AUCTION:FreeAgent,0007,Sex Manther,0006,Good in Da Hood,CL 3| TCV 9K| AAV 3K,CL 1|,2026-04-21 22:10:28
2022,PN,13782,"Dickson, Michael",SEA,2,0007,Sex Manther,2022-07-31,2023-01-02,AUCTION:FreeAgent,SEASON_END,0007,Sex Manther,0006,Good in Da Hood,CL 3| TCV 9K| AAV 3K,CL 1|,2026-04-21 22:10:28
2023,PN,13782,"Dickson, Michael",SEA,1,0007,Sex Manther,2023-03-01,2023-10-05,ROLLOVER_BASELINE,ADDDROP:BBID,0007,Sex Manther,0007,Sex Manther,,CL 3| TCV 9K| AAV 3K,2026-04-21 22:10:33
2023,PN,13782,"Dickson, Michael",SEA,2,0009,C-Town Chivalry,2023-11-16,2023-11-23,ADDDROP:BBID,ADDDROP:BBID,0007,Sex Manther,0007,Sex Manther,,CL 3| TCV 9K| AAV 3K,2026-04-21 22:10:33
2025,PN,13782,"Dickson, Michael",SEA,1,0005,HammerTime 🔨 ⏰,2025-03-01,2025-10-22,WEEK1_SNAPSHOT,ADDDROP:FREE_AGENT,0005,HammerTime 🔨 ⏰,,,CL 1|,,2026-04-21 22:10:39
2025,PN,13782,"Dickson, Michael",SEA,2,0005,HammerTime 🔨 ⏰,2025-10-30,2025-11-21,ADDDROP:BBID,ADDDROP:BBID,0005,HammerTime 🔨 ⏰,,,CL 1|,,2026-04-21 22:10:39
2025,PN,13782,"Dickson, Michael",SEA,3,0008,Real Deal Creel,2025-11-23,2025-12-11,ADDDROP:BBID,ADDDROP:BBID,0005,HammerTime 🔨 ⏰,,,CL 1|,,2026-04-21 22:10:39
2021,PN,12842,"Dixon, Riley",NYG,1,0001,Ulterior Warrior,2021-03-01,2021-08-02,ROLLOVER_BASELINE,AUCTION:FreeAgent,0005,Run CMC,0001,Ulterior Warrior,CL 1|,,2026-04-21 22:10:22
2021,PN,12842,"Dixon, Riley",NYG,2,0005,Run CMC,2021-08-02,2021-09-23,AUCTION:FreeAgent,ADDDROP:BBID,0005,Run CMC,0001,Ulterior Warrior,CL 1|,,2026-04-21 22:10:22
2021,PN,12842,"Dixon, Riley",NYG,3,0005,Run CMC,2021-12-17,2022-01-03,ADDDROP:BBID,SEASON_END,0005,Run CMC,0001,Ulterior Warrior,CL 1|,,2026-04-21 22:10:22
2022,PN,12842,"Dixon, Riley",NYG,1,0005,Run CMC,2022-03-01,2022-12-18,ROLLOVER_BASELINE,ADDDROP:BBID,,,0005,Run CMC,,CL 1|,2026-04-21 22:10:28
2022,PN,12842,"Dixon, Riley",NYG,2,0001,Ulterior Warrior,2022-12-18,2023-01-01,ADDDROP:BBID,ADDDROP:FREE_AGENT,,,0005,Run CMC,,CL 1|,2026-04-21 22:10:28
2023,PN,12842,"Dixon, Riley",DEN,1,0001,Ulterior Warrior,2023-03-01,2023-09-17,WEEK1_SNAPSHOT,ADDDROP:FREE_AGENT,0001,Ulterior Warrior,,,,,2026-04-21 22:10:33
2023,PN,12842,"Dixon, Riley",DEN,2,0008,Real Deal Creel,2023-12-23,2023-12-31,ADDDROP:BBID,SEASON_END,0001,Ulterior Warrior,,,,,2026-04-21 22:10:33
2024,PN,12842,"Dixon, Riley",DEN,1,0008,Real Deal Creel,2024-03-01,2024-10-26,ROLLOVER_BASELINE,ADDDROP:BBID,,,0008,Real Deal Creel,,,2026-04-21 22:10:36
2024,PN,12842,"Dixon, Riley",DEN,2,0005,HammerTime 🔨 ⏰,2024-10-31,2024-11-28,ADDDROP:BBID,ADDDROP:BBID,,,0008,Real Deal Creel,,,2026-04-21 22:10:36
2024,PN,12842,"Dixon, Riley",DEN,3,0006,The Long Haulers,2024-12-12,2024-12-30,ADDDROP:BBID,SEASON_END,,,0008,Real Deal Creel,,,2026-04-21 22:10:36
2025,PN,12842,"Dixon, Riley",DEN,1,0006,The Long Haulers,2025-03-01,2025-02-24,ROLLOVER_BASELINE,ADDDROP:FREE_AGENT,,,0006,The Long Haulers,,CL 1|,2026-04-21 22:10:39
2025,PN,12842,"Dixon, Riley",DEN,2,0003,Gride,2025-10-19,2025-10-30,ADDDROP:FREE_AGENT,ADDDROP:BBID,,,0006,The Long Haulers,,CL 1|,2026-04-21 22:10:39
2025,PN,12842,"Dixon, Riley",DEN,3,0012,Hawks,2025-11-20,2025-12-29,ADDDROP:BBID,SEASON_END,,,0006,The Long Haulers,,CL 1|,2026-04-21 22:10:39
2018,PN,12844,"Edwards, Lachlan",NYJ,1,0002,The Bash Bros,2018-03-01,2018-10-31,WEEK1_SNAPSHOT,ADDDROP:BBID,0002,The Bash Bros,,,,,2026-04-21 22:10:05
2019,PN,12844,"Edwards, Lachlan",NYJ,1,0009,C-Town Chivalry,2019-03-01,2019-09-25,WEEK1_SNAPSHOT,ADDDROP:BBID,0009,C-Town Chivalry,,,,,2026-04-21 22:10:10
2019,PN,12844,"Edwards, Lachlan",NYJ,2,0002,The Bash Bros,2019-10-13,2019-10-16,ADDDROP:FREE_AGENT,ADDDROP:BBID,0009,C-Town Chivalry,,,,,2026-04-21 22:10:10
2019,PN,12844,"Edwards, Lachlan",NYJ,3,0009,C-Town Chivalry,2019-10-31,2019-12-11,ADDDROP:BBID,ADDDROP:BBID,0009,C-Town Chivalry,,,,,2026-04-21 22:10:10
2025,PN,16351,"Evans, Ethan",LAR,1,0008,Real Deal Creel,2025-03-01,2025-09-26,WEEK1_SNAPSHOT,ADDDROP:BBID,0008,Real Deal Creel,,,CL 1|,,2026-04-21 22:10:39
2025,PN,16351,"Evans, Ethan",LAR,2,0008,Real Deal Creel,2025-10-16,2025-10-23,ADDDROP:BBID,ADDDROP:BBID,0008,Real Deal Creel,,,CL 1|,,2026-04-21 22:10:39
2021,PN,15032,"Fox, Jack",DET,1,0005,Run CMC,2021-03-01,2021-08-02,ROLLOVER_BASELINE,AUCTION:FreeAgent,0002,The Bash Bros,0005,Run CMC,CL 1|,,2026-04-21 22:10:22
2021,PN,15032,"Fox, Jack",DET,2,0002,The Bash Bros,2021-08-02,2021-09-19,AUCTION:FreeAgent,ADDDROP:FREE_AGENT,0002,The Bash Bros,0005,Run CMC,CL 1|,,2026-04-21 22:10:22
2021,PN,15032,"Fox, Jack",DET,3,0001,Ulterior Warrior,2021-09-30,2021-11-21,ADDDROP:BBID,ADDDROP:FREE_AGENT,0002,The Bash Bros,0005,Run CMC,CL 1|,,2026-04-21 22:10:22
2021,PN,15032,"Fox, Jack",DET,4,0005,Run CMC,2021-12-02,2021-12-17,ADDDROP:BBID,ADDDROP:BBID,0002,The Bash Bros,0005,Run CMC,CL 1|,,2026-04-21 22:10:22
2022,PN,14489,"Gillan, Jamie",NYG,1,0002,The Bash Bros,2022-03-01,2022-08-03,WEEK1_SNAPSHOT,AUCTION:FreeAgent,0002,The Bash Bros,,,CL 1,,2026-04-21 22:10:28
2022,PN,14489,"Gillan, Jamie",NYG,2,0005,Run CMC,2022-08-03,2022-12-08,AUCTION:FreeAgent,ADDDROP:BBID,0002,The Bash Bros,,,CL 1,,2026-04-21 22:10:28
2022,PN,14489,"Gillan, Jamie",NYG,3,0009,C-Town Chivalry,2022-12-08,2023-01-02,ADDDROP:BBID,SEASON_END,0002,The Bash Bros,,,CL 1,,2026-04-21 22:10:28
2023,PN,14489,"Gillan, Jamie",NYG,1,0009,C-Town Chivalry,2023-03-01,2023-08-02,ROLLOVER_BASELINE,AUCTION:FreeAgent,0002,CBP,0009,C-Town Chivalry,CL 1| TCV K| AAV K,CL 1,2026-04-21 22:10:33
2023,PN,14489,"Gillan, Jamie",NYG,2,0002,CBP,2023-08-02,2023-12-31,AUCTION:FreeAgent,SEASON_END,0002,CBP,0009,C-Town Chivalry,CL 1| TCV K| AAV K,CL 1,2026-04-21 22:10:33
2024,PN,14489,"Gillan, Jamie",NYG,1,0002,CBP,2024-03-01,2024-03-07,ROLLOVER_BASELINE,ADDDROP:FREE_AGENT,0001,Ulterior Warrior,0002,CBP,CL 1|,CL 1| TCV K| AAV K,2026-04-21 22:10:36
2024,PN,14489,"Gillan, Jamie",NYG,2,0001,Ulterior Warrior,2024-07-28,2024-10-11,AUCTION:FreeAgent,ADDDROP:BBID,0001,Ulterior Warrior,0002,CBP,CL 1|,CL 1| TCV K| AAV K,2026-04-21 22:10:36
2024,PN,14489,"Gillan, Jamie",NYG,3,0008,Real Deal Creel,2024-12-05,2024-12-30,ADDDROP:BBID,SEASON_END,0001,Ulterior Warrior,0002,CBP,CL 1|,CL 1| TCV K| AAV K,2026-04-21 22:10:36
2025,PN,14489,"Gillan, Jamie",NYG,1,0008,Real Deal Creel,2025-03-01,2025-08-05,ROLLOVER_BASELINE,AUCTION:FreeAgent,0012,Hawks,0008,Real Deal Creel,CL 1|,CL 1|,2026-04-21 22:10:39
2025,PN,14489,"Gillan, Jamie",NYG,2,0012,Hawks,2025-08-05,2025-09-18,AUCTION:FreeAgent,ADDDROP:BBID,0012,Hawks,0008,Real Deal Creel,CL 1|,CL 1|,2026-04-21 22:10:39
2025,PN,14489,"Gillan, Jamie",NYG,3,0008,Real Deal Creel,2025-09-26,2025-10-16,ADDDROP:BBID,ADDDROP:BBID,0012,Hawks,0008,Real Deal Creel,CL 1|,CL 1|,2026-04-21 22:10:39
2025,PN,14489,"Gillan, Jamie",NYG,4,0002,CBP,2025-10-19,2025-12-29,ADDDROP:FREE_AGENT,SEASON_END,0012,Hawks,0008,Real Deal Creel,CL 1|,CL 1|,2026-04-21 22:10:39
2022,PN,15499,"Gillikin, Blake",NOS,1,0003,Gride,2022-03-01,2022-08-05,ROLLOVER_BASELINE,AUCTION:FreeAgent,,,0003,Gride,,CL 1|,2026-04-21 22:10:28
2022,PN,15499,"Gillikin, Blake",NOS,2,0008,#BLM,2022-08-05,2022-09-01,AUCTION:FreeAgent,ADDDROP:BBID,,,0003,Gride,,CL 1|,2026-04-21 22:10:28
2022,PN,15499,"Gillikin, Blake",NOS,3,0010,Blake Bombers,2022-11-17,2022-12-08,ADDDROP:BBID,ADDDROP:BBID,,,0003,Gride,,CL 1|,2026-04-21 22:10:28
2022,PN,15499,"Gillikin, Blake",NOS,4,0006,Good in Da Hood,2022-12-16,2023-01-02,ADDDROP:BBID,SEASON_END,,,0003,Gride,,CL 1|,2026-04-21 22:10:28
2023,PN,15499,"Gillikin, Blake",NOS,1,0006,Good in Da Hood,2023-03-01,2023-08-01,ROLLOVER_BASELINE,AUCTION:FreeAgent,,,0006,Good in Da Hood,,CL 1,2026-04-21 22:10:33
2023,PN,15499,"Gillikin, Blake",NOS,2,0004,Pure Greatness,2023-08-01,2023-08-31,AUCTION:FreeAgent,ADDDROP:BBID,,,0006,Good in Da Hood,,CL 1,2026-04-21 22:10:33
2017,PN,13430,"Haack, Matt",MIA,1,0005,C'mon Son,2017-03-01,2017-12-25,WEEK1_SNAPSHOT,SEASON_END,0005,C'mon Son,,,,,2026-04-21 22:10:02
2018,PN,13430,"Haack, Matt",MIA,1,0005,C'mon Son,2018-03-01,2018-09-27,ROLLOVER_BASELINE,ADDDROP:BBID,,,0005,C'mon Son,,,2026-04-21 22:10:05
2018,PN,13430,"Haack, Matt",MIA,2,0009,C-Town Chivalry,2018-09-27,2018-10-03,ADDDROP:BBID,ADDDROP:BBID,,,0005,C'mon Son,,,2026-04-21 22:10:05
2018,PN,13430,"Haack, Matt",MIA,3,0007,Sex Manther,2018-10-17,2018-10-23,ADDDROP:BBID,ADDDROP:FREE_AGENT,,,0005,C'mon Son,,,2026-04-21 22:10:05
2018,PN,13430,"Haack, Matt",MIA,4,0002,The Bash Bros,2018-10-31,2018-12-24,ADDDROP:BBID,SEASON_END,,,0005,C'mon Son,,,2026-04-21 22:10:05
2019,PN,13430,"Haack, Matt",MIA,1,0002,The Bash Bros,2019-03-01,2019-12-23,ROLLOVER_BASELINE,SEASON_END,0002,The Bash Bros,0002,The Bash Bros,TCV 2K,,2026-04-21 22:10:10
2020,PN,13430,"Haack, Matt",MIA,1,0002,The Bash Bros,2020-03-01,2020-12-28,ROLLOVER_BASELINE,SEASON_END,0002,The Bash Bros,0002,The Bash Bros,TCV 2K,TCV 2K,2026-04-21 22:10:15
2021,PN,13430,"Haack, Matt",MIA,1,0002,The Bash Bros,2021-03-01,2022-01-03,ROLLOVER_BASELINE,SEASON_END,,,0002,The Bash Bros,,TCV 2K,2026-04-21 22:10:22
2022,PN,15496,"Harvin, Pressley",PIT,1,0008,#BLM,2022-03-01,2022-10-13,WEEK1_SNAPSHOT,ADDDROP:BBID,0008,#BLM,,,CL 1,,2026-04-21 22:10:28
2022,PN,15496,"Harvin, Pressley",PIT,2,0001,Ulterior Warrior,2022-12-10,2022-12-18,ADDDROP:BBID,ADDDROP:BBID,0008,#BLM,,,CL 1,,2026-04-21 22:10:28
2024,PN,15496,"Harvin, Pressley",PIT,1,0005,HammerTime 🔨 ⏰,2024-03-01,2024-03-06,ROLLOVER_BASELINE,ADDDROP:FREE_AGENT,,,0005,HammerTime 🔨 ⏰,,,2026-04-21 22:10:36
2025,PN,16886,"Hayball, Matthew",NOS,1,0005,HammerTime 🔨 ⏰,2025-03-01,2025-02-18,ROLLOVER_BASELINE,ADDDROP:FREE_AGENT,,,0005,HammerTime 🔨 ⏰,,CL 1|,2026-04-21 22:10:39
2025,PN,16886,"Hayball, Matthew",NOS,2,0006,The Long Haulers,2025-05-27,2025-12-29,AUCTION:TagOrExpiredRookie,SEASON_END,,,0005,HammerTime 🔨 ⏰,,CL 1|,2026-04-21 22:10:39
2023,PN,16458,"Hedley, Lou",NOS,1,0003,Gride,2023-03-01,2023-09-28,WEEK1_SNAPSHOT,ADDDROP:BBID,0003,Gride,,,,,2026-04-21 22:10:33
2023,PN,16458,"Hedley, Lou",NOS,2,0002,CBP,2023-12-03,2023-12-05,ADDDROP:FREE_AGENT,ADDDROP:FREE_AGENT,0003,Gride,,,,,2026-04-21 22:10:33
2023,PN,16458,"Hedley, Lou",NOS,3,0008,Real Deal Creel,2023-12-07,2023-12-14,ADDDROP:BBID,ADDDROP:BBID,0003,Gride,,,,,2026-04-21 22:10:33
2017,PN,10945,"Hekker, Johnny",LAR,1,0007,Sex Manther,2017-03-01,2017-12-25,WEEK1_SNAPSHOT,SEASON_END,0007,Sex Manther,,,,,2026-04-21 22:10:02
2018,PN,10945,"Hekker, Johnny",LAR,1,0007,Sex Manther,2018-03-01,2018-03-16,ROLLOVER_BASELINE,ADDDROP:FREE_AGENT,0003,Gride,0007,Sex Manther,,,2026-04-21 22:10:05
2018,PN,10945,"Hekker, Johnny",LAR,2,0003,Gride,2018-08-06,2018-11-24,AUCTION:FreeAgent,ADDDROP:BBID,0003,Gride,0007,Sex Manther,,,2026-04-21 22:10:05
2020,PN,10945,"Hekker, Johnny",LAR,1,0010,Blake Bombers,2020-03-01,2020-10-08,WEEK1_SNAPSHOT,ADDDROP:BBID,0010,Blake Bombers,,,,,2026-04-21 22:10:15
2020,PN,10945,"Hekker, Johnny",LAR,2,0007,Sex Manther,2020-10-14,2020-12-28,ADDDROP:BBID,SEASON_END,0010,Blake Bombers,,,,,2026-04-21 22:10:15
2021,PN,10945,"Hekker, Johnny",LAR,1,0007,Sex Manther,2021-03-01,2021-08-01,ROLLOVER_BASELINE,AUCTION:FreeAgent,0012,Hawks,0007,Sex Manther,CL 1|,,2026-04-21 22:10:22
2021,PN,10945,"Hekker, Johnny",LAR,2,0009,C-Town Chivalry,2021-08-01,2021-09-02,AUCTION:FreeAgent,ADDDROP:BBID,0012,Hawks,0007,Sex Manther,CL 1|,,2026-04-21 22:10:22
2021,PN,10945,"Hekker, Johnny",LAR,3,0012,Hawks,2021-09-04,2021-09-30,ADDDROP:BBID,ADDDROP:BBID,0012,Hawks,0007,Sex Manther,CL 1|,,2026-04-21 22:10:22
2021,PN,10945,"Hekker, Johnny",LAR,4,0007,Sex Manther,2021-10-14,2021-11-30,ADDDROP:BBID,ADDDROP:FREE_AGENT,0012,Hawks,0007,Sex Manther,CL 1|,,2026-04-21 22:10:22
2023,PN,10945,"Hekker, Johnny",CAR,1,0009,C-Town Chivalry,2023-03-01,2023-10-20,WEEK1_SNAPSHOT,ADDDROP:BBID,0009,C-Town Chivalry,,,,,2026-04-21 22:10:33
2023,PN,10945,"Hekker, Johnny",CAR,2,0003,Gride,2023-11-17,2023-12-31,ADDDROP:BBID,SEASON_END,0009,C-Town Chivalry,,,,,2026-04-21 22:10:33
2024,PN,10945,"Hekker, Johnny",CAR,1,0003,Gride,2024-03-01,2024-03-21,ROLLOVER_BASELINE,ADDDROP:FREE_AGENT,,,0003,Gride,,,2026-04-21 22:10:36
2024,PN,10945,"Hekker, Johnny",CAR,2,0007,Sex Manther,2024-12-05,2024-12-10,ADDDROP:BBID,ADDDROP:FREE_AGENT,,,0003,Gride,,,2026-04-21 22:10:36
2017,PN,9577,"Huber, Kevin",CIN,1,0004,Pure Greatness,2017-03-01,2017-12-25,WEEK1_SNAPSHOT,SEASON_END,0004,Pure Greatness,,,,,2026-04-21 22:10:02
2018,PN,9577,"Huber, Kevin",CIN,1,0004,Pure Greatness,2018-03-01,2018-08-10,ROLLOVER_BASELINE,AUCTION:FreeAgent,0005,C'mon Son,0004,Pure Greatness,,,2026-04-21 22:10:05
2018,PN,9577,"Huber, Kevin",CIN,2,0005,C'mon Son,2018-08-10,2018-11-04,AUCTION:FreeAgent,ADDDROP:FREE_AGENT,0005,C'mon Son,0004,Pure Greatness,,,2026-04-21 22:10:05
2018,PN,9577,"Huber, Kevin",CIN,3,0006,Good in Da Hood,2018-11-07,2018-11-13,ADDDROP:BBID,ADDDROP:FREE_AGENT,0005,C'mon Son,0004,Pure Greatness,,,2026-04-21 22:10:05
2018,PN,9577,"Huber, Kevin",CIN,4,0003,Gride,2018-11-24,2018-12-24,ADDDROP:BBID,SEASON_END,0005,C'mon Son,0004,Pure Greatness,,,2026-04-21 22:10:05
2019,PN,9577,"Huber, Kevin",CIN,1,0003,Gride,2019-03-01,2019-04-15,ROLLOVER_BASELINE,ADDDROP:FREE_AGENT,,,0003,Gride,,,2026-04-21 22:10:10
2019,PN,9577,"Huber, Kevin",CIN,2,0008,#BLM,2019-11-02,2019-11-03,ADDDROP:BBID,ADDDROP:FREE_AGENT,,,0003,Gride,,,2026-04-21 22:10:10
2019,PN,9577,"Huber, Kevin",CIN,3,0008,#BLM,2019-11-06,2019-12-22,ADDDROP:BBID,ADDDROP:FREE_AGENT,,,0003,Gride,,,2026-04-21 22:10:10
2020,PN,9577,"Huber, Kevin",CIN,1,0011,Cleon Ca$h,2020-03-01,2020-10-25,WEEK1_SNAPSHOT,ADDDROP:FREE_AGENT,0011,Cleon Ca$h,,,,,2026-04-21 22:10:15
2022,PN,9577,"Huber, Kevin",CIN,1,0010,Blake Bombers,2022-03-01,2023-01-02,ROLLOVER_BASELINE,SEASON_END,,,0010,Blake Bombers,,CL 1|,2026-04-21 22:10:28
2019,PN,13848,"Johnston, Cam",PHI,1,0006,Good in Da Hood,2019-03-01,2019-03-04,ROLLOVER_BASELINE,ADDDROP:FREE_AGENT,,,0006,Good in Da Hood,,,2026-04-21 22:10:10
2019,PN,13848,"Johnston, Cam",PHI,2,0011,Cleon Ca$h,2019-10-19,2019-11-10,ADDDROP:BBID,ADDDROP:FREE_AGENT,,,0006,Good in Da Hood,,,2026-04-21 22:10:10
2019,PN,13848,"Johnston, Cam",PHI,3,0004,Pure Greatness,2019-11-17,2019-11-27,ADDDROP:FREE_AGENT,ADDDROP:BBID,,,0006,Good in Da Hood,,,2026-04-21 22:10:10
2021,PN,13848,"Johnston, Cam",PHI,1,0012,Hawks,2021-03-01,2021-09-19,ROLLOVER_BASELINE,ADDDROP:FREE_AGENT,,,0012,Hawks,,,2026-04-21 22:10:22
2021,PN,13848,"Johnston, Cam",PHI,2,0002,The Bash Bros,2021-09-19,2022-01-03,ADDDROP:FREE_AGENT,SEASON_END,,,0012,Hawks,,,2026-04-21 22:10:22
2022,PN,13848,"Johnston, Cam",HOU,1,0002,The Bash Bros,2022-03-01,2022-08-01,ROLLOVER_BASELINE,AUCTION:FreeAgent,0004,Pure Greatness,0002,The Bash Bros,CL 1,CL 1|,2026-04-21 22:10:28
2022,PN,13848,"Johnston, Cam",HOU,2,0004,Pure Greatness,2022-08-01,2023-01-02,AUCTION:FreeAgent,SEASON_END,0004,Pure Greatness,0002,The Bash Bros,CL 1,CL 1|,2026-04-21 22:10:28
2023,PN,13848,"Johnston, Cam",HOU,1,0004,Pure Greatness,2023-03-01,2023-07-31,ROLLOVER_BASELINE,AUCTION:FreeAgent,,,0004,Pure Greatness,,CL 1,2026-04-21 22:10:33
2023,PN,13848,"Johnston, Cam",HOU,2,0003,Gride,2023-07-31,2023-08-31,AUCTION:FreeAgent,ADDDROP:FREE_AGENT,,,0004,Pure Greatness,,CL 1,2026-04-21 22:10:33
2024,PN,13848,"Johnston, Cam",PIT,1,0008,Real Deal Creel,2024-03-01,2024-09-12,WEEK1_SNAPSHOT,ADDDROP:BBID,0008,Real Deal Creel,,,CL 1|,,2026-04-21 22:10:36
2017,PN,10642,"Jones, Chris",DAL,1,0009,C-Town Chivalry,2017-03-01,2017-09-27,WEEK1_SNAPSHOT,ADDDROP:BBID,0009,C-Town Chivalry,,,,,2026-04-21 22:10:02
2017,PN,10642,"Jones, Chris",DAL,2,0008,Gordon Is The New Blackmon,2017-09-27,2017-10-11,ADDDROP:BBID,ADDDROP:BBID,0009,C-Town Chivalry,,,,,2026-04-21 22:10:02
2017,PN,10642,"Jones, Chris",DAL,3,0007,Sex Manther,2017-10-26,2017-10-31,ADDDROP:BBID,ADDDROP:FREE_AGENT,0009,C-Town Chivalry,,,,,2026-04-21 22:10:02
2017,PN,10642,"Jones, Chris",DAL,4,0009,C-Town Chivalry,2017-11-15,2017-12-25,ADDDROP:BBID,SEASON_END,0009,C-Town Chivalry,,,,,2026-04-21 22:10:02
2018,PN,10642,"Jones, Chris",DAL,1,0009,C-Town Chivalry,2018-03-01,2018-08-10,ROLLOVER_BASELINE,AUCTION:FreeAgent,0008,Gordon Is The New Blackmon,0009,C-Town Chivalry,,,2026-04-21 22:10:05
2018,PN,10642,"Jones, Chris",DAL,2,0008,Gordon Is The New Blackmon,2018-08-10,2018-09-19,AUCTION:FreeAgent,ADDDROP:BBID,0008,Gordon Is The New Blackmon,0009,C-Town Chivalry,,,2026-04-21 22:10:05
2018,PN,9310,"Kern, Brett",TEN,1,0001,Ulterior Warrior,2018-03-01,2018-09-12,WEEK1_SNAPSHOT,ADDDROP:BBID,0001,Ulterior Warrior,,,,,2026-04-21 22:10:05
2018,PN,9310,"Kern, Brett",TEN,2,0009,C-Town Chivalry,2018-10-03,2018-10-24,ADDDROP:BBID,ADDDROP:BBID,0001,Ulterior Warrior,,,,,2026-04-21 22:10:05
2018,PN,9310,"Kern, Brett",TEN,3,0005,C'mon Son,2018-11-04,2018-12-24,ADDDROP:FREE_AGENT,SEASON_END,0001,Ulterior Warrior,,,,,2026-04-21 22:10:05
2019,PN,9310,"Kern, Brett",TEN,1,0005,C'mon Son,2019-03-01,2019-12-23,ROLLOVER_BASELINE,SEASON_END,0005,Run CMC,0005,C'mon Son,TCV 2K,,2026-04-21 22:10:10
2020,PN,9310,"Kern, Brett",TEN,1,0005,Run CMC,2020-03-01,2020-11-07,ROLLOVER_BASELINE,ADDDROP:BBID,0005,Run CMC,0005,Run CMC,,TCV 2K,2026-04-21 22:10:15
2021,PN,9310,"Kern, Brett",TEN,1,0003,Gride,2021-03-01,2021-09-23,WEEK1_SNAPSHOT,ADDDROP:BBID,0003,Gride,,,CL 1|,,2026-04-21 22:10:22
2021,PN,9310,"Kern, Brett",TEN,2,0009,C-Town Chivalry,2021-11-12,2021-12-03,ADDDROP:BBID,ADDDROP:BBID,0003,Gride,,,CL 1|,,2026-04-21 22:10:22
2017,PN,11345,"King, Marquette",OAK,1,0010,Blake Bombers,2017-03-01,2017-12-25,WEEK1_SNAPSHOT,SEASON_END,0010,Blake Bombers,,,,,2026-04-21 22:10:02
2018,PN,11345,"King, Marquette",FA,1,0010,Blake Bombers,2018-03-01,2018-10-06,ROLLOVER_BASELINE,ADDDROP:BBID,0010,Blake Bombers,0010,Blake Bombers,,,2026-04-21 22:10:05
2017,PN,8444,"Koch, Sam",BAL,1,0002,Crystal Blue Persuasian,2017-03-01,2017-08-11,WEEK1_SNAPSHOT,AUCTION:FreeAgent,0002,Crystal Blue Persuasian,,,,,2026-04-21 22:10:02
2017,PN,8444,"Koch, Sam",BAL,2,0008,Gordon Is The New Blackmon,2017-08-11,2017-09-27,AUCTION:FreeAgent,ADDDROP:BBID,0002,Crystal Blue Persuasian,,,,,2026-04-21 22:10:02
2017,PN,8444,"Koch, Sam",BAL,3,0002,Crystal Blue Persuasian,2017-10-22,2017-12-25,ADDDROP:FREE_AGENT,SEASON_END,0002,Crystal Blue Persuasian,,,,,2026-04-21 22:10:02
2018,PN,8444,"Koch, Sam",BAL,1,0002,Crystal Blue Persuasian,2018-03-01,2018-03-15,ROLLOVER_BASELINE,ADDDROP:FREE_AGENT,0006,Good in Da Hood,0002,Crystal Blue Persuasian,,,2026-04-21 22:10:05
2018,PN,8444,"Koch, Sam",BAL,2,0006,Good in Da Hood,2018-08-09,2018-12-19,AUCTION:FreeAgent,ADDDROP:BBID,0006,Good in Da Hood,0002,Crystal Blue Persuasian,,,2026-04-21 22:10:05
2019,PN,8444,"Koch, Sam",BAL,1,0001,Ulterior Warrior,2019-03-01,2019-09-15,WEEK1_SNAPSHOT,ADDDROP:BBID,0001,Ulterior Warrior,,,,,2026-04-21 22:10:10
2019,PN,8444,"Koch, Sam",BAL,2,0009,C-Town Chivalry,2019-09-25,2019-10-24,ADDDROP:BBID,ADDDROP:BBID,0001,Ulterior Warrior,,,,,2026-04-21 22:10:10
2022,PN,8444,"Koch, Sam",BAL,1,0011,Cleon Ca$h,2022-03-01,2023-01-02,ROLLOVER_BASELINE,SEASON_END,,,0011,Cleon Ca$h,,CL 1|,2026-04-21 22:10:28
2025,PN,17352,"Kroeger, Kai",NOS,1,0003,Gride,2025-03-01,2025-10-19,WEEK1_SNAPSHOT,ADDDROP:FREE_AGENT,0003,Gride,,,CL 1|,,2026-04-21 22:10:39
2017,PN,5791,"Lechler, Shane",HOU,1,0011,Cleon Ca$h,2017-03-01,2017-10-12,WEEK1_SNAPSHOT,ADDDROP:BBID,0011,Cleon Ca$h,,,,,2026-04-21 22:10:02
2017,PN,5791,"Lechler, Shane",HOU,2,0004,Pure Greatness,2017-10-12,2017-10-18,ADDDROP:BBID,ADDDROP:BBID,0011,Cleon Ca$h,,,,,2026-04-21 22:10:02
2017,PN,5791,"Lechler, Shane",HOU,3,0011,Cleon Ca$h,2017-11-05,2017-12-25,ADDDROP:BBID,SEASON_END,0011,Cleon Ca$h,,,,,2026-04-21 22:10:02
2018,PN,5791,"Lechler, Shane",HOU,1,0011,Cleon Ca$h,2018-03-01,2018-06-06,ROLLOVER_BASELINE,ADDDROP:FREE_AGENT,,,0011,Cleon Ca$h,,,2026-04-21 22:10:05
2018,PN,5791,"Lechler, Shane",HOU,2,0009,C-Town Chivalry,2018-08-09,2018-09-01,AUCTION:FreeAgent,ADDDROP:BBID,,,0011,Cleon Ca$h,,,2026-04-21 22:10:05
2018,PN,7578,"Lee, Andy",ARI,1,0004,Pure Greatness,2018-03-01,2018-09-27,WEEK1_SNAPSHOT,ADDDROP:BBID,0004,Pure Greatness,,,,,2026-04-21 22:10:05
2018,PN,7578,"Lee, Andy",ARI,2,0011,Cleon Ca$h,2018-10-07,2018-11-04,ADDDROP:FREE_AGENT,ADDDROP:BBID,0004,Pure Greatness,,,,,2026-04-21 22:10:05
2018,PN,7578,"Lee, Andy",ARI,3,0009,C-Town Chivalry,2018-11-08,2018-12-24,ADDDROP:BBID,SEASON_END,0004,Pure Greatness,,,,,2026-04-21 22:10:05
2019,PN,7578,"Lee, Andy",ARI,1,0009,C-Town Chivalry,2019-03-01,2019-08-19,ROLLOVER_BASELINE,AUCTION:FreeAgent,0004,Pure Greatness,0009,C-Town Chivalry,,,2026-04-21 22:10:10
2019,PN,7578,"Lee, Andy",ARI,2,0004,Pure Greatness,2019-08-19,2019-09-26,AUCTION:FreeAgent,ADDDROP:BBID,0004,Pure Greatness,0009,C-Town Chivalry,,,2026-04-21 22:10:10
2019,PN,7578,"Lee, Andy",ARI,3,0001,Ulterior Warrior,2019-12-07,2019-12-23,ADDDROP:BBID,SEASON_END,0004,Pure Greatness,0009,C-Town Chivalry,,,2026-04-21 22:10:10
2020,PN,7578,"Lee, Andy",ARI,1,0001,Ulterior Warrior,2020-03-01,2020-08-23,ROLLOVER_BASELINE,AUCTION:FreeAgent,0009,C-Town Chivalry,0001,Ulterior Warrior,,,2026-04-21 22:10:15
2020,PN,7578,"Lee, Andy",ARI,2,0009,C-Town Chivalry,2020-08-23,2020-10-28,AUCTION:FreeAgent,ADDDROP:BBID,0009,C-Town Chivalry,0001,Ulterior Warrior,,,2026-04-21 22:10:15
2021,PN,14985,"Mann, Braden",NYJ,1,0011,Cleon Ca$h,2021-03-01,2021-09-19,WEEK1_SNAPSHOT,ADDDROP:FREE_AGENT,0011,Cleon Ca$h,,,CL 1|,,2026-04-21 22:10:22
2019,PN,11383,"Martin, Sam",DET,1,0011,Cleon Ca$h,2019-03-01,2019-11-14,ROLLOVER_BASELINE,ADDDROP:BBID,,,0011,Cleon Ca$h,,,2026-04-21 22:10:10
2019,PN,11383,"Martin, Sam",DET,2,0002,The Bash Bros,2019-11-14,2019-12-23,ADDDROP:BBID,SEASON_END,,,0011,Cleon Ca$h,,,2026-04-21 22:10:10
2020,PN,11383,"Martin, Sam",DET,1,0002,The Bash Bros,2020-03-01,2020-12-28,ROLLOVER_BASELINE,SEASON_END,,,0002,The Bash Bros,,,2026-04-21 22:10:15
2021,PN,11383,"Martin, Sam",DEN,1,0010,Blake Bombers,2021-03-01,2021-11-18,WEEK1_SNAPSHOT,ADDDROP:BBID,0010,Blake Bombers,,,CL 1|,,2026-04-21 22:10:22
2021,PN,11383,"Martin, Sam",DEN,2,0007,Sex Manther,2022-01-01,2022-01-03,ADDDROP:BBID,SEASON_END,0010,Blake Bombers,,,CL 1|,,2026-04-21 22:10:22
2022,PN,11383,"Martin, Sam",BUF,1,0007,Sex Manther,2022-03-01,2022-08-06,ROLLOVER_BASELINE,AUCTION:FreeAgent,0010,Blake Bombers,0007,Sex Manther,CL 1,CL 1|,2026-04-21 22:10:28
2022,PN,11383,"Martin, Sam",BUF,2,0010,Blake Bombers,2022-08-06,2022-09-17,AUCTION:FreeAgent,ADDDROP:BBID,0010,Blake Bombers,0007,Sex Manther,CL 1,CL 1|,2026-04-21 22:10:28
2021,PN,9596,"Morstead, Thomas",NOS,1,0011,Cleon Ca$h,2021-03-01,2022-01-03,ROLLOVER_BASELINE,SEASON_END,,,0011,Cleon Ca$h,,,2026-04-21 22:10:22
2023,PN,9596,"Morstead, Thomas",MIA,1,0003,Gride,2023-03-01,2023-04-30,ROLLOVER_BASELINE,ADDDROP:FREE_AGENT,,,0003,Gride,,CL 1,2026-04-21 22:10:33
2023,PN,9596,"Morstead, Thomas",MIA,2,0004,Pure Greatness,2023-10-05,2023-10-19,ADDDROP:BBID,ADDDROP:BBID,,,0003,Gride,,CL 1,2026-04-21 22:10:33
2023,PN,9596,"Morstead, Thomas",MIA,3,0007,Sex Manther,2023-11-12,2023-11-21,ADDDROP:FREE_AGENT,ADDDROP:FREE_AGENT,,,0003,Gride,,CL 1,2026-04-21 22:10:33
2023,PN,9596,"Morstead, Thomas",MIA,4,0006,The Main Event Mafia,2023-11-30,2023-12-31,ADDDROP:BBID,SEASON_END,,,0003,Gride,,CL 1,2026-04-21 22:10:33
2024,PN,9596,"Morstead, Thomas",NYJ,1,0006,The Main Event Mafia,2024-03-01,2024-03-20,ROLLOVER_BASELINE,ADDDROP:FREE_AGENT,0012,Hawks,0006,The Main Event Mafia,CL 1| TCV 1K| AAV 1K,,2026-04-21 22:10:36
2024,PN,9596,"Morstead, Thomas",NYJ,2,0012,Hawks,2024-07-28,2024-12-30,AUCTION:FreeAgent,SEASON_END,0012,Hawks,0006,The Main Event Mafia,CL 1| TCV 1K| AAV 1K,,2026-04-21 22:10:36
2025,PN,9596,"Morstead, Thomas",NYJ,1,0012,Hawks,2025-03-01,2025-02-18,ROLLOVER_BASELINE,ADDDROP:FREE_AGENT,,,0012,Hawks,,CL 1| TCV 1K| AAV 1K,2026-04-21 22:10:39
2025,PN,9596,"Morstead, Thomas",NYJ,2,0002,CBP,2025-08-07,2025-08-21,AUCTION:FreeAgent,ADDDROP:FREE_AGENT,,,0012,Hawks,,CL 1| TCV 1K| AAV 1K,2026-04-21 22:10:39
2017,PN,10890,"Nortman, Brad",JAC,1,0003,Gride,2017-03-01,2017-10-11,WEEK1_SNAPSHOT,ADDDROP:BBID,0003,Gride,,,,,2026-04-21 22:10:02
2017,PN,10890,"Nortman, Brad",JAC,2,0009,C-Town Chivalry,2017-10-11,2017-10-25,ADDDROP:BBID,ADDDROP:BBID,0003,Gride,,,,,2026-04-21 22:10:02
2017,PN,10890,"Nortman, Brad",JAC,3,0003,Gride,2017-11-15,2017-12-25,ADDDROP:BBID,SEASON_END,0003,Gride,,,,,2026-04-21 22:10:02
2018,PN,10890,"Nortman, Brad",JAC,1,0003,Gride,2018-03-01,2018-12-24,ROLLOVER_BASELINE,SEASON_END,,,0003,Gride,,,2026-04-21 22:10:05
2018,PN,11840,"O'Donnell, Pat",CHI,1,0011,Cleon Ca$h,2018-03-01,2018-10-07,WEEK1_SNAPSHOT,ADDDROP:FREE_AGENT,0011,Cleon Ca$h,,,,,2026-04-21 22:10:05
2019,PN,11840,"O'Donnell, Pat",CHI,1,0011,Cleon Ca$h,2019-03-01,2019-10-12,WEEK1_SNAPSHOT,ADDDROP:BBID,0011,Cleon Ca$h,,,,,2026-04-21 22:10:10
2019,PN,11840,"O'Donnell, Pat",CHI,2,0001,Ulterior Warrior,2019-11-16,2019-12-05,ADDDROP:BBID,ADDDROP:FREE_AGENT,0011,Cleon Ca$h,,,,,2026-04-21 22:10:10
2021,PN,11840,"O'Donnell, Pat",CHI,1,0004,Pure Greatness,2021-03-01,2021-09-02,ROLLOVER_BASELINE,ADDDROP:BBID,0009,C-Town Chivalry,0004,Pure Greatness,CL 1|,,2026-04-21 22:10:22
2021,PN,11840,"O'Donnell, Pat",CHI,2,0009,C-Town Chivalry,2021-09-02,2021-11-12,ADDDROP:BBID,ADDDROP:BBID,0009,C-Town Chivalry,0004,Pure Greatness,CL 1|,,2026-04-21 22:10:22
2021,PN,11840,"O'Donnell, Pat",CHI,3,0009,C-Town Chivalry,2021-12-03,2022-01-03,ADDDROP:BBID,SEASON_END,0009,C-Town Chivalry,0004,Pure Greatness,CL 1|,,2026-04-21 22:10:22
2022,PN,11840,"O'Donnell, Pat",CHI,1,0009,C-Town Chivalry,2022-03-01,2022-09-29,ROLLOVER_BASELINE,ADDDROP:BBID,,,0009,C-Town Chivalry,,CL 1|,2026-04-21 22:10:28
2022,PN,11840,"O'Donnell, Pat",CHI,2,0006,Good in Da Hood,2022-09-29,2022-11-13,ADDDROP:BBID,ADDDROP:FREE_AGENT,,,0009,C-Town Chivalry,,CL 1|,2026-04-21 22:10:28
2022,PN,11840,"O'Donnell, Pat",CHI,3,0006,Good in Da Hood,2022-11-17,2022-12-09,ADDDROP:BBID,ADDDROP:BBID,,,0009,C-Town Chivalry,,CL 1|,2026-04-21 22:10:28
2019,PN,13051,"Palardy, Michael",CAR,1,0010,Blake Bombers,2019-03-01,2019-10-24,ROLLOVER_BASELINE,ADDDROP:BBID,,,0010,Blake Bombers,,,2026-04-21 22:10:10
2019,PN,13051,"Palardy, Michael",CAR,2,0009,C-Town Chivalry,2019-10-24,2019-10-31,ADDDROP:BBID,ADDDROP:BBID,,,0010,Blake Bombers,,,2026-04-21 22:10:10
2019,PN,13051,"Palardy, Michael",CAR,3,0012,Hawks,2019-11-06,2019-12-23,ADDDROP:BBID,SEASON_END,,,0010,Blake Bombers,,,2026-04-21 22:10:10
2020,PN,13051,"Palardy, Michael",CAR,1,0012,Hawks,2020-03-01,2020-03-17,ROLLOVER_BASELINE,ADDDROP:FREE_AGENT,,,0012,Hawks,,,2026-04-21 22:10:15
2022,PN,13051,"Palardy, Michael",MIA,1,0004,Pure Greatness,2022-03-01,2023-01-02,ROLLOVER_BASELINE,SEASON_END,,,0004,Pure Greatness,,CL 1|,2026-04-21 22:10:28
2018,PN,12323,"Pinion, Bradley",SFO,1,0012,White Power,2018-03-01,2018-11-17,WEEK1_SNAPSHOT,ADDDROP:BBID,0012,White Power,,,,,2026-04-21 22:10:05
2020,PN,12323,"Pinion, Bradley",TBB,1,0011,Cleon Ca$h,2020-03-01,2020-10-07,ROLLOVER_BASELINE,ADDDROP:BBID,,,0011,Cleon Ca$h,,,2026-04-21 22:10:15
2020,PN,12323,"Pinion, Bradley",TBB,2,0012,Hawks,2020-10-07,2020-10-29,ADDDROP:BBID,ADDDROP:BBID,,,0011,Cleon Ca$h,,,2026-04-21 22:10:15
2022,PN,12323,"Pinion, Bradley",ATL,1,0012,Hawks,2022-03-01,2022-12-08,WEEK1_SNAPSHOT,ADDDROP:BBID,0012,Hawks,,,CL 1,,2026-04-21 22:10:28
2017,PN,8501,"Ryan, Jon",SEA,1,0008,Gordon Is The New Blackmon,2017-03-01,2017-09-20,WEEK1_SNAPSHOT,ADDDROP:BBID,0008,Gordon Is The New Blackmon,,,,,2026-04-21 22:10:02
2017,PN,8501,"Ryan, Jon",SEA,2,0009,C-Town Chivalry,2017-09-20,2017-10-11,ADDDROP:BBID,ADDDROP:BBID,0008,Gordon Is The New Blackmon,,,,,2026-04-21 22:10:02
2017,PN,8501,"Ryan, Jon",SEA,3,0008,Gordon Is The New Blackmon,2017-10-25,2017-12-25,ADDDROP:BBID,SEASON_END,0008,Gordon Is The New Blackmon,,,,,2026-04-21 22:10:02
2018,PN,8501,"Ryan, Jon",SEA,1,0008,Gordon Is The New Blackmon,2018-03-01,2018-08-07,ROLLOVER_BASELINE,AUCTION:FreeAgent,,,0008,Gordon Is The New Blackmon,,,2026-04-21 22:10:05
2018,PN,8501,"Ryan, Jon",SEA,2,0009,C-Town Chivalry,2018-08-07,2018-08-19,AUCTION:FreeAgent,ADDDROP:FREE_AGENT,,,0008,Gordon Is The New Blackmon,,,2026-04-21 22:10:05
2019,PN,13431,"Sanchez, Rigoberto",IND,1,0008,#BLM,2019-03-01,2019-09-11,WEEK1_SNAPSHOT,ADDDROP:BBID,0008,#BLM,,,,,2026-04-21 22:10:10
2024,PN,13431,"Sanchez, Rigoberto",IND,1,0009,C-Town Chivalry,2024-03-01,2024-09-19,ROLLOVER_BASELINE,ADDDROP:BBID,,,0009,C-Town Chivalry,,,2026-04-21 22:10:36
2024,PN,13431,"Sanchez, Rigoberto",IND,2,0006,The Long Haulers,2024-09-19,2024-12-05,ADDDROP:BBID,ADDDROP:BBID,,,0009,C-Town Chivalry,,,2026-04-21 22:10:36
2020,PN,13791,"Scott, J.K.",GBP,1,0001,Ulterior Warrior,2020-03-01,2020-09-30,WEEK1_SNAPSHOT,ADDDROP:BBID,0001,Ulterior Warrior,,,,,2026-04-21 22:10:15
2023,PN,16011,"Stonehouse, Ryan",TEN,1,0005,Run CMC,2023-03-01,2023-10-20,ROLLOVER_BASELINE,ADDDROP:BBID,0005,HammerTime 🔨 ⏰,0005,Run CMC,,CL 1,2026-04-21 22:10:33
2023,PN,16011,"Stonehouse, Ryan",TEN,2,0012,Hawks,2023-11-02,2023-12-07,ADDDROP:BBID,ADDDROP:BBID,0005,HammerTime 🔨 ⏰,0005,Run CMC,,CL 1,2026-04-21 22:10:33
2023,PN,16011,"Stonehouse, Ryan",TEN,3,0002,CBP,2023-12-11,2023-12-12,ADDDROP:FREE_AGENT,ADDDROP:FREE_AGENT,0005,HammerTime 🔨 ⏰,0005,Run CMC,,CL 1,2026-04-21 22:10:33
2024,PN,16011,"Stonehouse, Ryan",TEN,1,0002,CBP,2024-03-01,2024-10-06,WEEK1_SNAPSHOT,ADDDROP:FREE_AGENT,0002,CBP,,,CL 1|,,2026-04-21 22:10:36
2024,PN,16011,"Stonehouse, Ryan",TEN,2,0008,Real Deal Creel,2024-11-08,2024-11-14,ADDDROP:BBID,ADDDROP:BBID,0002,CBP,,,CL 1|,,2026-04-21 22:10:36
2022,PN,15884,"Stout, Jordan",BAL,1,0011,Cleon Ca$h,2022-03-01,2022-10-16,WEEK1_SNAPSHOT,ADDDROP:BBID,0011,Cleon Ca$h,,,CL 1,,2026-04-21 22:10:28
2022,PN,15884,"Stout, Jordan",BAL,2,0006,Good in Da Hood,2022-12-09,2022-12-16,ADDDROP:BBID,ADDDROP:BBID,0011,Cleon Ca$h,,,CL 1,,2026-04-21 22:10:28
2023,PN,15884,"Stout, Jordan",BAL,1,0011,Cleon Ca$h,2023-03-01,2023-12-02,WEEK1_SNAPSHOT,ADDDROP:BBID,0011,Cleon Ca$h,,,,,2026-04-21 22:10:33
2024,PN,16724,"Taylor, Tory",CHI,1,0009,C-Town Chivalry,2024-03-01,2024-12-30,WEEK1_SNAPSHOT,SEASON_END,0009,C-Town Chivalry,,,CL 3| TCV 3K| AAV 1K,,2026-04-21 22:10:36
2025,PN,16724,"Taylor, Tory",CHI,1,0009,C-Town Chivalry,2025-03-01,2025-12-29,ROLLOVER_BASELINE,SEASON_END,0009,C-Town Chivalry,0009,C-Town Chivalry,CL 3| TCV 3K| AAV 1K,CL 3| TCV 3K| AAV 1K,2026-04-21 22:10:39
2025,PN,15051,"Townsend, Tommy",HOU,1,0002,CBP,2025-03-01,2025-03-07,ROLLOVER_BASELINE,ADDDROP:FREE_AGENT,0006,The Long Haulers,0002,CBP,CL 1|,CL 1|,2026-04-21 22:10:39
2025,PN,15051,"Townsend, Tommy",HOU,2,0006,The Long Haulers,2025-08-07,2025-10-09,AUCTION:FreeAgent,ADDDROP:BBID,0006,The Long Haulers,0002,CBP,CL 1|,CL 1|,2026-04-21 22:10:39
2025,PN,15051,"Townsend, Tommy",HOU,3,0004,Pure Greatness,2025-10-16,2025-10-23,ADDDROP:BBID,ADDDROP:BBID,0006,The Long Haulers,0002,CBP,CL 1|,CL 1|,2026-04-21 22:10:39
2025,PN,15051,"Townsend, Tommy",HOU,4,0011,Cleon Ca$h,2025-10-30,2025-12-29,ADDDROP:BBID,SEASON_END,0006,The Long Haulers,0002,CBP,CL 1|,CL 1|,2026-04-21 22:10:39
2019,PN,13732,"Wadman, Colby",DEN,1,0010,Blake Bombers,2019-03-01,2019-10-23,WEEK1_SNAPSHOT,ADDDROP:BBID,0010,Blake Bombers,,,,,2026-04-21 22:10:10
2019,PN,13732,"Wadman, Colby",DEN,2,0012,Hawks,2019-10-30,2019-11-06,ADDDROP:BBID,ADDDROP:BBID,0010,Blake Bombers,,,,,2026-04-21 22:10:10
2019,PN,13732,"Wadman, Colby",DEN,3,0005,Run CMC,2019-11-13,2019-12-22,ADDDROP:BBID,ADDDROP:FREE_AGENT,0010,Blake Bombers,,,,,2026-04-21 22:10:10
2019,PN,13732,"Wadman, Colby",DEN,4,0008,#BLM,2019-12-22,2019-12-23,ADDDROP:FREE_AGENT,SEASON_END,0010,Blake Bombers,,,,,2026-04-21 22:10:10
2020,PN,13732,"Wadman, Colby",DEN,1,0008,#BLM,2020-03-01,2020-12-28,ROLLOVER_BASELINE,SEASON_END,,,0008,#BLM,,,2026-04-21 22:10:15
2023,PN,15668,"Waitman, Corliss",DEN,1,0011,Cleon Ca$h,2023-03-01,2023-12-31,ROLLOVER_BASELINE,SEASON_END,,,0011,Cleon Ca$h,,CL 1,2026-04-21 22:10:33
2017,PN,11985,"Way, Tress",WAS,1,0006,Good in Da Hood,2017-03-01,2017-10-11,WEEK1_SNAPSHOT,ADDDROP:BBID,0006,Good in Da Hood,,,,,2026-04-21 22:10:02
2017,PN,11985,"Way, Tress",WAS,2,0001,Ulterior Warrior,2017-10-11,2017-10-29,ADDDROP:BBID,ADDDROP:FREE_AGENT,0006,Good in Da Hood,,,,,2026-04-21 22:10:02
2017,PN,11985,"Way, Tress",WAS,3,0006,Good in Da Hood,2017-12-20,2017-12-25,ADDDROP:BBID,SEASON_END,0006,Good in Da Hood,,,,,2026-04-21 22:10:02
2018,PN,11985,"Way, Tress",WAS,1,0006,Good in Da Hood,2018-03-01,2018-11-01,ROLLOVER_BASELINE,ADDDROP:BBID,,,0006,Good in Da Hood,,,2026-04-21 22:10:05
2018,PN,11985,"Way, Tress",WAS,2,0004,Pure Greatness,2018-11-01,2018-12-24,ADDDROP:BBID,SEASON_END,,,0006,Good in Da Hood,,,2026-04-21 22:10:05
2019,PN,11985,"Way, Tress",WAS,1,0004,Pure Greatness,2019-03-01,2019-08-19,ROLLOVER_BASELINE,AUCTION:FreeAgent,0003,Gride,0004,Pure Greatness,,,2026-04-21 22:10:10
2019,PN,11985,"Way, Tress",WAS,2,0003,Gride,2019-08-19,2019-12-23,AUCTION:FreeAgent,SEASON_END,0003,Gride,0004,Pure Greatness,,,2026-04-21 22:10:10
2020,PN,11985,"Way, Tress",WAS,1,0003,Gride,2020-03-01,2020-05-10,ROLLOVER_BASELINE,ADDDROP:FREE_AGENT,0008,#BLM,0003,Gride,,,2026-04-21 22:10:15
2020,PN,11985,"Way, Tress",WAS,2,0008,#BLM,2020-08-21,2020-10-28,AUCTION:FreeAgent,ADDDROP:BBID,0008,#BLM,0003,Gride,,,2026-04-21 22:10:15
2020,PN,11985,"Way, Tress",WAS,3,0010,Blake Bombers,2020-11-04,2020-12-28,ADDDROP:BBID,SEASON_END,0008,#BLM,0003,Gride,,,2026-04-21 22:10:15
2021,PN,11985,"Way, Tress",WAS,1,0010,Blake Bombers,2021-03-01,2021-08-03,ROLLOVER_BASELINE,AUCTION:FreeAgent,0004,Pure Greatness,0010,Blake Bombers,CL 1|,,2026-04-21 22:10:22
2021,PN,11985,"Way, Tress",WAS,2,0004,Pure Greatness,2021-08-03,2021-10-01,AUCTION:FreeAgent,ADDDROP:BBID,0004,Pure Greatness,0010,Blake Bombers,CL 1|,,2026-04-21 22:10:22
2021,PN,11985,"Way, Tress",WAS,3,0003,Gride,2021-12-09,2021-12-23,ADDDROP:BBID,ADDDROP:BBID,0004,Pure Greatness,0010,Blake Bombers,CL 1|,,2026-04-21 22:10:22
2021,PN,11985,"Way, Tress",WAS,4,0001,Ulterior Warrior,2021-12-31,2022-01-03,ADDDROP:BBID,SEASON_END,0004,Pure Greatness,0010,Blake Bombers,CL 1|,,2026-04-21 22:10:22
2022,PN,11985,"Way, Tress",WAS,1,0001,Ulterior Warrior,2022-03-01,2022-09-01,ROLLOVER_BASELINE,ADDDROP:BBID,0009,C-Town Chivalry,0001,Ulterior Warrior,CL 1,CL 1|,2026-04-21 22:10:28
2022,PN,11985,"Way, Tress",WAS,2,0009,C-Town Chivalry,2022-09-01,2022-12-08,ADDDROP:BBID,ADDDROP:BBID,0009,C-Town Chivalry,0001,Ulterior Warrior,CL 1,CL 1|,2026-04-21 22:10:28
2022,PN,11985,"Way, Tress",WAS,3,0006,Good in Da Hood,2022-12-10,2022-12-11,ADDDROP:BBID,ADDDROP:FREE_AGENT,0009,C-Town Chivalry,0001,Ulterior Warrior,CL 1,CL 1|,2026-04-21 22:10:28
2022,PN,11985,"Way, Tress",WAS,4,0008,#BLM,2022-12-15,2023-01-02,ADDDROP:BBID,SEASON_END,0009,C-Town Chivalry,0001,Ulterior Warrior,CL 1,CL 1|,2026-04-21 22:10:28
2023,PN,11985,"Way, Tress",WAS,1,0008,#BLM,2023-03-01,2023-12-17,ROLLOVER_BASELINE,ADDDROP:FREE_AGENT,0008,Real Deal Creel,0008,#BLM,,CL 1,2026-04-21 22:10:33
2024,PN,11985,"Way, Tress",WAS,1,0006,The Long Haulers,2024-03-01,2024-09-19,WEEK1_SNAPSHOT,ADDDROP:BBID,0006,The Long Haulers,,,CL 1|,,2026-04-21 22:10:36
2024,PN,11985,"Way, Tress",WAS,2,0002,CBP,2024-10-06,2024-10-11,ADDDROP:BBID,ADDDROP:BBID,0006,The Long Haulers,,,CL 1|,,2026-04-21 22:10:36
2025,PN,16452,"Whelan, Daniel",GBP,1,0002,CBP,2025-03-01,2025-09-21,WEEK1_SNAPSHOT,ADDDROP:FREE_AGENT,0002,CBP,,,CL 1|,,2026-04-21 22:10:39
2021,PN,14227,"Wishnowsky, Mitch",SFO,1,0007,Sex Manther,2021-03-01,2022-01-03,WEEK1_SNAPSHOT,SEASON_END,0007,Sex Manther,,,CL 1|,,2026-04-21 22:10:22
2022,PN,14227,"Wishnowsky, Mitch",SFO,1,0007,Sex Manther,2022-03-01,2022-10-16,ROLLOVER_BASELINE,ADDDROP:BBID,,,0007,Sex Manther,,CL 1|,2026-04-21 22:10:28
2022,PN,14227,"Wishnowsky, Mitch",SFO,2,0004,Pure Greatness,2022-10-16,2022-10-18,ADDDROP:BBID,ADDDROP:FREE_AGENT,,,0007,Sex Manther,,CL 1|,2026-04-21 22:10:28
2022,PN,14227,"Wishnowsky, Mitch",SFO,3,0011,Cleon Ca$h,2022-10-23,2022-11-03,ADDDROP:BBID,ADDDROP:BBID,,,0007,Sex Manther,,CL 1|,2026-04-21 22:10:28
2022,PN,14227,"Wishnowsky, Mitch",SFO,4,0006,Good in Da Hood,2022-11-13,2022-11-17,ADDDROP:FREE_AGENT,ADDDROP:BBID,,,0007,Sex Manther,,CL 1|,2026-04-21 22:10:28
2022,PN,14227,"Wishnowsky, Mitch",SFO,5,0010,Blake Bombers,2022-12-08,2023-01-02,ADDDROP:BBID,SEASON_END,,,0007,Sex Manther,,CL 1|,2026-04-21 22:10:28
2023,PN,14227,"Wishnowsky, Mitch",SFO,1,0010,Blake Bombers,2023-03-01,2023-10-10,ROLLOVER_BASELINE,ADDDROP:FREE_AGENT,,,0010,Blake Bombers,,CL 1,2026-04-21 22:10:33
2023,PN,14227,"Wishnowsky, Mitch",SFO,2,0012,Hawks,2023-10-19,2023-11-02,ADDDROP:BBID,ADDDROP:BBID,,,0010,Blake Bombers,,CL 1,2026-04-21 22:10:33
2023,PN,14227,"Wishnowsky, Mitch",SFO,3,0004,Pure Greatness,2023-11-19,2023-12-31,ADDDROP:FREE_AGENT,SEASON_END,,,0010,Blake Bombers,,CL 1,2026-04-21 22:10:33
2024,PN,14227,"Wishnowsky, Mitch",SFO,1,0004,Pure Greatness,2024-03-01,2024-12-30,ROLLOVER_BASELINE,SEASON_END,,,0004,Pure Greatness,,,2026-04-21 22:10:36
2025,PN,16010,"Wright, Ryan",MIN,1,0003,Gride,2025-03-01,2025-02-26,ROLLOVER_BASELINE,ADDDROP:FREE_AGENT,,,0003,Gride,,CL 1|,2026-04-21 22:10:39
2025,PN,16010,"Wright, Ryan",MIN,2,0004,Pure Greatness,2025-12-05,2025-12-25,ADDDROP:BBID,ADDDROP:BBID,,,0003,Gride,,CL 1|,2026-04-21 22:10:39
