season,position_filter,player_id,player_name,nfl_team,event_seq,event_type,event_source,event_date,event_time,franchise_id,team_name,detail,generated_at_utc
2017,DT,10265,,,1,DROP,ADDDROP:FREE_AGENT,2017-03-08,11:22:03,0009,C-Town Chivalry,,2026-04-21 22:11:44
2017,DT,10265,,,2,DROP,FREE_AGENT,2017-03-08,11:22:03,0009,C-Town Chivalry,,2026-04-21 22:11:44
2017,DT,12688,,,1,ACQUIRE,AUCTION:FreeAgent,2017-08-15,06:31:45,0007,Sex Manther,bid=1000,2026-04-21 22:11:44
2017,DT,13041,,,1,ACQUIRE,AUCTION:FreeAgent,2017-08-15,17:53:36,0002,Crystal Blue Persuasian,bid=1000,2026-04-21 22:11:44
2017,DT,12688,,,2,DROP,ADDDROP:FREE_AGENT,2017-09-12,21:09:29,0007,Sex Manther,,2026-04-21 22:11:44
2017,DT,12688,,,3,DROP,FREE_AGENT,2017-09-12,21:09:29,0007,Sex Manther,,2026-04-21 22:11:44
2017,DT,10762,,,1,ACQUIRE,ADDDROP:BBID,2017-09-13,09:00:00,0008,Gordon Is The New Blackmon,salary=3000,2026-04-21 22:11:44
2017,DT,10762,,,2,DROP,ADDDROP:BBID,2017-09-30,09:00:00,0008,Gordon Is The New Blackmon,,2026-04-21 22:11:44
2017,DT,12688,,,4,ACQUIRE,ADDDROP:BBID,2017-10-07,09:00:00,0009,C-Town Chivalry,salary=2000,2026-04-21 22:11:44
2017,DT,13041,,,2,DROP,ADDDROP:FREE_AGENT,2017-10-22,09:05:16,0002,Crystal Blue Persuasian,,2026-04-21 22:11:44
2017,DT,13041,,,3,DROP,FREE_AGENT,2017-10-22,09:05:16,0002,Crystal Blue Persuasion,,2026-04-21 22:11:44
2017,DT,12688,,,5,DROP,ADDDROP:BBID,2017-10-25,09:00:00,0009,C-Town Chivalry,,2026-04-21 22:11:44
2017,DT,12536,,,1,ACQUIRE,ADDDROP:BBID,2017-11-01,09:00:00,0006,Good in Da Hood,salary=4000,2026-04-21 22:11:44
2017,DT,9815,,,1,DROP,ADDDROP:BBID,2017-11-02,09:00:00,0002,Crystal Blue Persuasian,,2026-04-21 22:11:44
2017,DT,9819,,,1,ACQUIRE,ADDDROP:FREE_AGENT,2017-11-26,11:11:49,0006,Good in Da Hood,salary=1000,2026-04-21 22:11:44
2017,DT,9819,,,2,DROP,ADDDROP:FREE_AGENT,2017-11-29,07:44:53,0006,Good in Da Hood,,2026-04-21 22:11:44
2017,DT,9819,,,3,DROP,FREE_AGENT,2017-11-29,07:44:53,0006,Good in Da Hood,,2026-04-21 22:11:44
2017,DT,12536,,,2,DROP,ADDDROP:BBID,2017-11-30,09:00:00,0006,Good in Da Hood,,2026-04-21 22:11:44
2018,DT,12688,,,1,ACQUIRE,AUCTION:FreeAgent,2018-08-17,06:18:53,0006,Good in Da Hood,bid=1000,2026-04-21 22:11:53
2018,DT,12688,,,2,DROP,ADDDROP:BBID,2018-09-05,09:00:00,0006,Good in Da Hood,,2026-04-21 22:11:53
2018,DT,12688,,,3,ACQUIRE,ADDDROP:BBID,2018-09-12,09:00:00,0003,Gride,salary=6000,2026-04-21 22:11:53
2018,DT,13265,,,1,ACQUIRE,ADDDROP:BBID,2018-09-13,09:00:00,0006,Good in Da Hood,salary=1000,2026-04-21 22:11:53
2018,DT,11045,,,1,ACQUIRE,ADDDROP:FREE_AGENT,2018-09-16,10:27:33,0002,The Bash Bros,salary=1000,2026-04-21 22:11:53
2018,DT,11045,,,2,DROP,ADDDROP:FREE_AGENT,2018-09-18,16:55:19,0002,The Bash Bros,,2026-04-21 22:11:53
2018,DT,11045,,,3,DROP,FREE_AGENT,2018-09-18,16:55:19,0002,The Bash Bros,,2026-04-21 22:11:53
2018,DT,11333,,,1,ACQUIRE,ADDDROP:BBID,2018-09-20,09:00:00,0004,Pure Greatness,salary=1000,2026-04-21 22:11:53
2018,DT,10762,,,1,ACQUIRE,ADDDROP:BBID,2018-09-22,09:00:00,0002,The Bash Bros,salary=2000,2026-04-21 22:11:53
2018,DT,12688,,,4,ACQUIRE,TRADE,2018-09-23,09:51:47,0002,The Bash Bros,trade2018_46,2026-04-21 22:11:53
2018,DT,11274,,,1,ACQUIRE,ADDDROP:BBID,2018-09-26,09:00:00,0001,Ulterior Warrior,salary=4000,2026-04-21 22:11:53
2018,DT,12739,,,1,ACQUIRE,ADDDROP:BBID,2018-09-27,09:00:00,0004,Pure Greatness,salary=1000,2026-04-21 22:11:53
2018,DT,13692,,,1,ACQUIRE,ADDDROP:BBID,2018-09-29,09:00:00,0007,Sex Manther,salary=1000,2026-04-21 22:11:53
2018,DT,13692,,,2,DROP,ADDDROP:FREE_AGENT,2018-10-02,13:49:58,0007,Sex Manther,,2026-04-21 22:11:53
2018,DT,13692,,,3,DROP,FREE_AGENT,2018-10-02,13:49:58,0007,Sex Manther,,2026-04-21 22:11:53
2018,DT,12083,,,1,ACQUIRE,ADDDROP:BBID,2018-10-03,09:00:00,0010,Blake Bombers,salary=1000,2026-04-21 22:11:53
2018,DT,12698,,,1,ACQUIRE,ADDDROP:BBID,2018-10-03,09:00:00,0003,Gride,salary=1000,2026-04-21 22:11:53
2018,DT,12739,,,2,DROP,ADDDROP:BBID,2018-10-03,09:00:00,0004,Pure Greatness,,2026-04-21 22:11:53
2018,DT,11283,,,1,ACQUIRE,ADDDROP:FREE_AGENT,2018-10-07,10:12:40,0012,White Power,salary=1000,2026-04-21 22:11:53
2018,DT,11283,,,2,DROP,ADDDROP:BBID,2018-10-10,09:00:00,0012,White Power,,2026-04-21 22:11:53
2018,DT,11333,,,2,DROP,ADDDROP:BBID,2018-10-10,09:00:00,0004,Pure Greatness,,2026-04-21 22:11:53
2018,DT,10762,,,2,DROP,ADDDROP:BBID,2018-10-11,09:00:00,0002,The Bash Bros,,2026-04-21 22:11:53
2018,DT,12739,,,3,ACQUIRE,ADDDROP:BBID,2018-10-11,09:00:00,0006,Good in Da Hood,salary=1000,2026-04-21 22:11:53
2018,DT,12083,,,2,DROP,ADDDROP:FREE_AGENT,2018-10-14,11:11:43,0010,Blake Bombers,,2026-04-21 22:11:53
2018,DT,12083,,,3,DROP,FREE_AGENT,2018-10-14,11:11:43,0010,Blake Bombers,,2026-04-21 22:11:53
2018,DT,11274,,,2,DROP,ADDDROP:FREE_AGENT,2018-10-28,12:39:46,0001,Ulterior Warrior,,2026-04-21 22:11:53
2018,DT,11274,,,3,DROP,FREE_AGENT,2018-10-28,12:39:46,0001,Ulterior Warrior,,2026-04-21 22:11:53
2018,DT,13265,,,2,DROP,ADDDROP:BBID,2018-10-31,09:00:00,0006,Good in Da Hood,,2026-04-21 22:11:53
2018,DT,11045,,,4,ACQUIRE,ADDDROP:BBID,2018-10-31,09:00:00,0010,Blake Bombers,salary=1000,2026-04-21 22:11:53
2018,DT,9904,,,1,ACQUIRE,ADDDROP:BBID,2018-11-01,09:00:00,0007,Sex Manther,salary=1000,2026-04-21 22:11:53
2018,DT,9904,,,2,DROP,ADDDROP:FREE_AGENT,2018-11-06,14:17:00,0007,Sex Manther,,2026-04-21 22:11:53
2018,DT,9904,,,3,DROP,FREE_AGENT,2018-11-06,14:17:00,0007,Sex Manther,,2026-04-21 22:11:53
2018,DT,11274,,,4,ACQUIRE,ADDDROP:BBID,2018-11-08,09:00:00,0007,Sex Manther,salary=1000,2026-04-21 22:11:53
2018,DT,10762,,,3,ACQUIRE,ADDDROP:BBID,2018-11-10,09:00:00,0007,Sex Manther,salary=1000,2026-04-21 22:11:53
2018,DT,11274,,,5,DROP,ADDDROP:FREE_AGENT,2018-11-11,09:27:24,0007,Sex Manther,,2026-04-21 22:11:53
2018,DT,11274,,,6,DROP,FREE_AGENT,2018-11-11,09:27:24,0007,Sex Manther,,2026-04-21 22:11:53
2018,DT,10762,,,4,DROP,ADDDROP:FREE_AGENT,2018-11-13,07:27:56,0007,Sex Manther,,2026-04-21 22:11:53
2018,DT,10762,,,5,DROP,FREE_AGENT,2018-11-13,07:27:56,0007,Sex Manther,,2026-04-21 22:11:53
2018,DT,11045,,,5,DROP,ADDDROP:BBID,2018-11-17,09:00:00,0010,Blake Bombers,,2026-04-21 22:11:53
2018,DT,9904,,,4,ACQUIRE,ADDDROP:FREE_AGENT,2018-11-18,11:24:41,0005,C'mon Son,salary=1000,2026-04-21 22:11:53
2018,DT,12764,,,1,ACQUIRE,ADDDROP:BBID,2018-11-21,09:00:00,0012,White Power,salary=1000,2026-04-21 22:11:53
2018,DT,12698,,,2,DROP,ADDDROP:BBID,2018-11-21,09:00:00,0003,Gride,,2026-04-21 22:11:53
2018,DT,12739,,,4,ACQUIRE,TRADE,2018-11-21,23:42:41,0001,Ulterior Warrior,trade2018_74,2026-04-21 22:11:53
2018,DT,11045,,,6,ACQUIRE,ADDDROP:BBID,2018-11-22,09:00:00,0001,Ulterior Warrior,salary=4000,2026-04-21 22:11:53
2018,DT,11274,,,7,ACQUIRE,ADDDROP:BBID,2018-11-22,09:00:00,0004,Pure Greatness,salary=1000,2026-04-21 22:11:53
2018,DT,12298,,,1,ACQUIRE,ADDDROP:BBID,2018-11-29,09:00:00,0003,Gride,salary=1000,2026-04-21 22:11:53
2018,DT,12696,,,1,ACQUIRE,ADDDROP:BBID,2018-11-29,09:00:00,0001,Ulterior Warrior,salary=1000,2026-04-21 22:11:53
2018,DT,11274,,,8,DROP,ADDDROP:BBID,2018-12-01,09:00:00,0004,Pure Greatness,,2026-04-21 22:11:53
2018,DT,12696,,,2,DROP,ADDDROP:BBID,2018-12-05,09:00:00,0001,Ulterior Warrior,,2026-04-21 22:11:53
2018,DT,12083,,,4,ACQUIRE,ADDDROP:BBID,2018-12-05,09:00:00,0010,Blake Bombers,salary=4000,2026-04-21 22:11:53
2019,DT,12305,,,1,ACQUIRE,ADDDROP:BBID,2019-09-18,09:00:00,0009,C-Town Chivalry,salary=2000,2026-04-21 22:11:56
2019,DT,12305,,,2,DROP,ADDDROP:BBID,2019-10-05,09:00:00,0009,C-Town Chivalry,,2026-04-21 22:11:56
2019,DT,12305,,,3,ACQUIRE,ADDDROP:BBID,2019-10-09,09:00:00,0003,Gride,salary=1000,2026-04-21 22:11:56
2019,DT,13265,,,1,ACQUIRE,ADDDROP:BBID,2019-10-12,09:00:00,0006,Good in Da Hood,salary=1000,2026-04-21 22:11:56
2019,DT,12229,,,1,ACQUIRE,ADDDROP:BBID,2019-10-16,09:00:00,0003,Gride,salary=1000,2026-04-21 22:11:56
2019,DT,14163,,,1,ACQUIRE,ADDDROP:FREE_AGENT,2019-10-20,12:45:32,0001,Ulterior Warrior,salary=1000,2026-04-21 22:11:56
2019,DT,13265,,,2,DROP,ADDDROP:FREE_AGENT,2019-10-29,18:53:11,0006,Good in Da Hood,,2026-04-21 22:11:56
2019,DT,13265,,,3,DROP,FREE_AGENT,2019-10-29,18:53:11,0006,Good in Da Hood,,2026-04-21 22:11:56
2019,DT,12305,,,4,DROP,ADDDROP:BBID,2019-10-30,09:00:00,0003,Gride,,2026-04-21 22:11:56
2019,DT,12305,,,5,ACQUIRE,ADDDROP:BBID,2019-11-10,09:00:00,0002,The Bash Bros,salary=4000,2026-04-21 22:11:56
2019,DT,12229,,,2,DROP,ADDDROP:BBID,2019-11-13,09:00:00,0003,Gride,,2026-04-21 22:11:56
2019,DT,12740,,,1,ACQUIRE,ADDDROP:BBID,2019-11-16,09:00:00,0010,Blake Bombers,salary=1000,2026-04-21 22:11:56
2019,DT,11872,,,1,ACQUIRE,ADDDROP:BBID,2019-11-20,09:00:00,0008,#BLM,salary=1000,2026-04-21 22:11:56
2019,DT,12740,,,2,DROP,ADDDROP:BBID,2019-11-21,09:00:00,0010,Blake Bombers,,2026-04-21 22:11:56
2019,DT,11872,,,2,DROP,ADDDROP:BBID,2019-11-27,09:00:00,0008,#BLM,,2026-04-21 22:11:56
2019,DT,12305,,,6,DROP,ADDDROP:BBID,2019-11-27,09:00:00,0002,The Bash Bros,,2026-04-21 22:11:56
2019,DT,11283,,,1,ACQUIRE,ADDDROP:FREE_AGENT,2019-12-01,10:53:03,0005,Run CMC,salary=1000,2026-04-21 22:11:56
2019,DT,11283,,,2,DROP,ADDDROP:FREE_AGENT,2019-12-03,10:58:45,0005,Run CMC,,2026-04-21 22:11:56
2019,DT,11283,,,3,DROP,FREE_AGENT,2019-12-03,10:58:45,0005,Run CMC,,2026-04-21 22:11:56
2019,DT,12305,,,7,ACQUIRE,ADDDROP:BBID,2019-12-04,09:00:00,0005,Run CMC,salary=3000,2026-04-21 22:11:56
2019,DT,12305,,,8,DROP,FREE_AGENT,2019-12-10,09:42:35,0005,Run CMC,,2026-04-21 22:11:56
2019,DT,11283,,,4,ACQUIRE,ADDDROP:BBID,2019-12-11,09:00:00,0009,C-Town Chivalry,salary=3000,2026-04-21 22:11:56
2019,DT,13265,,,4,ACQUIRE,ADDDROP:BBID,2019-12-14,09:00:00,0002,The Bash Bros,salary=1000,2026-04-21 22:11:56
2019,DT,13265,,,5,DROP,ADDDROP:BBID,2019-12-18,09:00:00,0002,The Bash Bros,,2026-04-21 22:11:56
2020,DT,13208,,,1,DROP,FREE_AGENT,2020-03-24,16:54:25,0004,Pure Greatness,,2026-04-21 22:12:04
2020,DT,13208,,,2,ACQUIRE,AUCTION:FreeAgent,2020-08-25,09:01:18,0004,Pure Greatness,bid=1000,2026-04-21 22:12:04
2020,DT,13208,,,3,ACQUIRE,TRADE,2020-09-02,19:16:36,0002,The Bash Bros,trade2020_46,2026-04-21 22:12:04
2020,DT,13208,,,4,DROP,ADDDROP:BBID,2020-09-05,09:00:00,0002,The Bash Bros,,2026-04-21 22:12:04
2020,DT,13208,,,5,ACQUIRE,ADDDROP:FREE_AGENT,2020-10-04,12:33:24,0009,C-Town Chivalry,salary=1000,2026-04-21 22:12:04
2020,DT,9815,,,1,ACQUIRE,ADDDROP:BBID,2020-10-08,09:00:00,0004,Pure Greatness,salary=1000,2026-04-21 22:12:04
2020,DT,13208,,,6,DROP,ADDDROP:BBID,2020-10-10,09:00:00,0009,C-Town Chivalry,,2026-04-21 22:12:04
2020,DT,9815,,,2,DROP,ADDDROP:BBID,2020-10-14,09:00:00,0004,Pure Greatness,,2026-04-21 22:12:04
2020,DT,13208,,,7,ACQUIRE,ADDDROP:BBID,2020-10-14,09:00:00,0004,Pure Greatness,salary=1000,2026-04-21 22:12:04
2020,DT,9815,,,3,ACQUIRE,ADDDROP:BBID,2020-10-28,09:00:00,0002,The Bash Bros,salary=1000,2026-04-21 22:12:04
2020,DT,13208,,,8,DROP,ADDDROP:BBID,2020-10-28,09:00:00,0004,Pure Greatness,,2026-04-21 22:12:04
2020,DT,13208,,,9,ACQUIRE,ADDDROP:FREE_AGENT,2020-11-08,12:52:43,0002,The Bash Bros,salary=1000,2026-04-21 22:12:04
2020,DT,9815,,,4,DROP,ADDDROP:FREE_AGENT,2020-11-08,12:54:08,0002,The Bash Bros,,2026-04-21 22:12:04
2020,DT,9815,,,5,DROP,FREE_AGENT,2020-11-08,12:54:08,0002,The Bash Bros,,2026-04-21 22:12:04
2020,DT,10762,,,1,ACQUIRE,ADDDROP:BBID,2020-11-11,09:00:00,0009,C-Town Chivalry,salary=1000,2026-04-21 22:12:04
2020,DT,13208,,,10,DROP,ADDDROP:FREE_AGENT,2020-11-13,20:26:05,0002,The Bash Bros,,2026-04-21 22:12:04
2020,DT,13208,,,11,DROP,FREE_AGENT,2020-11-13,20:26:05,0002,The Bash Bros,,2026-04-21 22:12:04
2020,DT,11793,,,1,ACQUIRE,ADDDROP:BBID,2020-11-18,09:00:00,0003,Gride,salary=1000,2026-04-21 22:12:04
2020,DT,13208,,,12,ACQUIRE,ADDDROP:FREE_AGENT,2020-11-22,09:03:33,0004,Pure Greatness,salary=1000,2026-04-21 22:12:04
2020,DT,12782,,,1,ACQUIRE,ADDDROP:BBID,2020-11-25,09:00:00,0006,Good in Da Hood,salary=1000,2026-04-21 22:12:04
2020,DT,12083,,,1,ACQUIRE,ADDDROP:BBID,2020-12-02,20:25:00,0008,#BLM,salary=1000,2026-04-21 22:12:04
2020,DT,12782,,,2,DROP,ADDDROP:BBID,2020-12-02,20:25:00,0006,Good in Da Hood,,2026-04-21 22:12:04
2020,DT,12083,,,2,STATUS,TAXI_DEMOTE,2020-12-02,21:20:45,0008,#BLM,,2026-04-21 22:12:04
2020,DT,11793,,,2,DROP,ADDDROP:BBID,2020-12-03,09:00:00,0003,Gride,,2026-04-21 22:12:04
2020,DT,10762,,,2,DROP,ADDDROP:BBID,2020-12-06,09:00:00,0009,C-Town Chivalry,,2026-04-21 22:12:04
2020,DT,12083,,,3,STATUS,TAXI_PROMOTE,2020-12-06,12:14:06,0008,#BLM,,2026-04-21 22:12:04
2020,DT,12083,,,4,DROP,ADDDROP:FREE_AGENT,2020-12-06,12:19:54,0008,#BLM,,2026-04-21 22:12:04
2020,DT,12083,,,5,DROP,FREE_AGENT,2020-12-06,12:19:54,0008,#BLM,,2026-04-21 22:12:04
2020,DT,13208,,,13,DROP,ADDDROP:FREE_AGENT,2020-12-20,09:13:36,0004,Pure Greatness,,2026-04-21 22:12:04
2020,DT,13208,,,14,DROP,FREE_AGENT,2020-12-20,09:13:36,0004,Pure Greatness,,2026-04-21 22:12:04
2020,DT,13723,,,1,ACQUIRE,ADDDROP:BBID,2020-12-24,09:00:00,0006,Good in Da Hood,salary=1000,2026-04-21 22:12:04
2021,DT,12952,,,1,ACQUIRE,ADDDROP:BBID,2021-09-16,09:00:00,0004,Pure Greatness,salary=1000,2026-04-21 22:12:17
2021,DT,12764,,,1,ACQUIRE,ADDDROP:BBID,2021-09-23,09:00:00,0003,Gride,salary=3000,2026-04-21 22:12:17
2021,DT,12952,,,2,DROP,ADDDROP:BBID,2021-09-25,09:00:00,0004,Pure Greatness,,2026-04-21 22:12:17
2021,DT,12700,,,1,ACQUIRE,ADDDROP:BBID,2021-10-14,09:00:00,0004,Pure Greatness,salary=1000,2026-04-21 22:12:17
2021,DT,13810,,,1,ACQUIRE,ADDDROP:BBID,2021-10-15,09:00:00,0006,Good in Da Hood,salary=1000,2026-04-21 22:12:17
2021,DT,13265,,,1,ACQUIRE,ADDDROP:BBID,2021-11-04,09:00:00,0008,#BLM,salary=1000,2026-04-21 22:12:17
2021,DT,12700,,,2,DROP,ADDDROP:BBID,2021-11-07,09:00:00,0004,Pure Greatness,,2026-04-21 22:12:17
2021,DT,13265,,,2,DROP,ADDDROP:BBID,2021-11-11,09:00:00,0008,#BLM,,2026-04-21 22:12:17
2021,DT,13265,,,3,ACQUIRE,ADDDROP:BBID,2021-11-18,09:00:00,0002,The Bash Bros,salary=1000,2026-04-21 22:12:17
2021,DT,13265,,,4,DROP,FREE_AGENT,2021-11-24,11:05:48,0002,The Bash Bros,,2026-04-21 22:12:17
2021,DT,13265,,,5,ACQUIRE,ADDDROP:BBID,2021-12-04,09:00:00,0012,Hawks,salary=1000,2026-04-21 22:12:17
2021,DT,13332,,,1,ACQUIRE,ADDDROP:BBID,2021-12-09,09:00:00,0003,Gride,salary=3000,2026-04-21 22:12:17
2021,DT,12764,,,2,DROP,ADDDROP:BBID,2021-12-09,09:00:00,0003,Gride,,2026-04-21 22:12:17
2021,DT,13317,,,1,ACQUIRE,ADDDROP:BBID,2021-12-23,09:00:00,0001,Ulterior Warrior,salary=4000,2026-04-21 22:12:17
2021,DT,12764,,,3,ACQUIRE,ADDDROP:BBID,2021-12-23,09:00:00,0010,Blake Bombers,salary=3000,2026-04-21 22:12:17
2021,DT,13810,,,2,DROP,FREE_AGENT,2021-12-29,10:23:44,0006,Good in Da Hood,,2026-04-21 22:12:17
2021,DT,13317,,,2,DROP,ADDDROP:BBID,2021-12-30,09:00:00,0001,Ulterior Warrior,,2026-04-21 22:12:17
2022,DT,14237,,,1,DROP,FREE_AGENT,2022-05-02,17:04:19,0001,Ulterior Warrior,,2026-04-21 22:12:23
2022,DT,13208,,,1,ACQUIRE,ADDDROP:BBID,2022-09-15,09:00:00,0006,Good in Da Hood,salary=1000,2026-04-21 22:12:23
2022,DT,12305,,,1,ACQUIRE,ADDDROP:FREE_AGENT,2022-10-09,12:45:09,0010,Blake Bombers,salary=1000,2026-04-21 22:12:23
2022,DT,13748,,,1,ACQUIRE,ADDDROP:BBID,2022-10-13,09:00:00,0012,Hawks,salary=1000,2026-04-21 22:12:23
2022,DT,14153,,,1,ACQUIRE,ADDDROP:BBID,2022-10-14,09:00:00,0003,Gride,salary=1000,2026-04-21 22:12:23
2022,DT,14159,,,1,ACQUIRE,ADDDROP:BBID,2022-10-16,09:00:00,0004,Pure Greatness,salary=1000,2026-04-21 22:12:23
2022,DT,14159,,,2,DROP,ADDDROP:FREE_AGENT,2022-10-16,10:41:20,0004,Pure Greatness,,2026-04-21 22:12:23
2022,DT,14159,,,3,DROP,FREE_AGENT,2022-10-16,10:41:20,0004,Pure Greatness,,2026-04-21 22:12:23
2022,DT,13748,,,2,DROP,ADDDROP:FREE_AGENT,2022-10-18,10:02:16,0012,Hawks,,2026-04-21 22:12:23
2022,DT,13748,,,3,DROP,FREE_AGENT,2022-10-18,10:02:16,0012,Hawks,,2026-04-21 22:12:23
2022,DT,14159,,,4,ACQUIRE,ADDDROP:BBID,2022-10-20,09:00:00,0012,Hawks,salary=1000,2026-04-21 22:12:23
2022,DT,13742,,,1,ACQUIRE,ADDDROP:BBID,2022-10-21,09:00:00,0008,#BLM,salary=1000,2026-04-21 22:12:23
2022,DT,14897,,,1,ACQUIRE,ADDDROP:BBID,2022-10-21,09:00:00,0007,Sex Manther,salary=1000,2026-04-21 22:12:23
2022,DT,13742,,,2,DROP,ADDDROP:BBID,2022-10-27,09:00:00,0008,#BLM,,2026-04-21 22:12:23
2022,DT,14159,,,5,DROP,ADDDROP:BBID,2022-10-27,09:00:00,0012,Hawks,,2026-04-21 22:12:23
2022,DT,13298,,,1,ACQUIRE,ADDDROP:BBID,2022-10-28,09:00:00,0004,Pure Greatness,salary=1000,2026-04-21 22:12:23
2022,DT,13748,,,4,ACQUIRE,ADDDROP:BBID,2022-10-29,09:00:00,0002,The Bash Bros,salary=1000,2026-04-21 22:12:23
2022,DT,13748,,,5,DROP,ADDDROP:FREE_AGENT,2022-10-29,18:28:08,0002,The Bash Bros,,2026-04-21 22:12:23
2022,DT,13748,,,6,DROP,FREE_AGENT,2022-10-29,18:28:08,0002,The Bash Bros,,2026-04-21 22:12:23
2022,DT,14153,,,2,DROP,ADDDROP:BBID,2022-11-03,09:00:00,0003,Gride,,2026-04-21 22:12:23
2022,DT,14153,,,3,ACQUIRE,ADDDROP:FREE_AGENT,2022-11-06,12:51:09,0001,Ulterior Warrior,salary=1000,2026-04-21 22:12:23
2022,DT,14153,,,4,DROP,ADDDROP:BBID,2022-11-10,09:00:00,0001,Ulterior Warrior,,2026-04-21 22:12:23
2022,DT,14153,,,5,ACQUIRE,ADDDROP:BBID,2022-11-12,09:00:00,0011,Cleon Ca$h,salary=1000,2026-04-21 22:12:23
2022,DT,14159,,,6,ACQUIRE,ADDDROP:BBID,2022-12-01,09:00:00,0004,Pure Greatness,salary=1000,2026-04-21 22:12:23
2022,DT,14897,,,2,DROP,FREE_AGENT,2022-12-03,17:20:11,0007,Sex Manther,,2026-04-21 22:12:23
2022,DT,13692,,,1,ACQUIRE,ADDDROP:BBID,2022-12-11,09:00:00,0011,Cleon Ca$h,salary=1000,2026-04-21 22:12:23
2022,DT,13298,,,2,DROP,ADDDROP:FREE_AGENT,2022-12-11,09:18:19,0004,Pure Greatness,,2026-04-21 22:12:23
2022,DT,13298,,,3,DROP,FREE_AGENT,2022-12-11,09:18:19,0004,Pure Greatness,,2026-04-21 22:12:23
2022,DT,13298,,,4,ACQUIRE,ADDDROP:BBID,2022-12-16,09:00:00,0005,Run CMC,salary=3000,2026-04-21 22:12:23
2022,DT,13692,,,2,DROP,ADDDROP:FREE_AGENT,2022-12-17,11:08:14,0011,Cleon Ca$h,,2026-04-21 22:12:23
2022,DT,13692,,,3,DROP,FREE_AGENT,2022-12-17,11:08:14,0011,Cleon Ca$h,,2026-04-21 22:12:23
2023,DT,10272,,,1,DROP,FREE_AGENT,2023-02-19,19:23:14,0009,C-Town Chivalry,,2026-04-21 22:12:30
2023,DT,13296,,,1,DROP,ADDDROP:FREE_AGENT,2023-03-10,10:29:41,0002,CBP,,2026-04-21 22:12:30
2023,DT,13296,,,2,DROP,FREE_AGENT,2023-03-10,10:29:41,0002,CBP,,2026-04-21 22:12:30
2023,DT,14897,,,1,ACQUIRE,ADDDROP:BBID,2023-09-14,09:00:00,0003,Gride,salary=2000,2026-04-21 22:12:30
2023,DT,14158,,,1,ACQUIRE,ADDDROP:BBID,2023-10-06,09:00:00,0002,CBP,salary=1000,2026-04-21 22:12:30
2023,DT,14897,,,2,DROP,ADDDROP:BBID,2023-10-12,09:00:00,0003,Gride,,2026-04-21 22:12:30
2023,DT,14158,,,2,DROP,ADDDROP:FREE_AGENT,2023-10-22,09:57:16,0002,CBP,,2026-04-21 22:12:30
2023,DT,14158,,,3,DROP,FREE_AGENT,2023-10-22,09:57:16,0002,CBP,,2026-04-21 22:12:30
2023,DT,12698,,,1,ACQUIRE,ADDDROP:BBID,2023-10-27,09:00:00,0010,Blake Bombers,salary=1000,2026-04-21 22:12:30
2023,DT,12698,,,2,DROP,ADDDROP:BBID,2023-10-29,09:00:00,0010,Blake Bombers,,2026-04-21 22:12:30
2023,DT,14900,,,1,ACQUIRE,ADDDROP:FREE_AGENT,2023-10-29,09:05:02,0010,Blake Bombers,salary=1000,2026-04-21 22:12:30
2023,DT,14900,,,2,DROP,ADDDROP:BBID,2023-11-02,09:00:00,0010,Blake Bombers,,2026-04-21 22:12:30
2023,DT,12698,,,3,ACQUIRE,ADDDROP:BBID,2023-11-05,09:00:00,0006,The Main Event Mafia,salary=1000,2026-04-21 22:12:30
2023,DT,12698,,,4,DROP,ADDDROP:FREE_AGENT,2023-11-08,09:27:42,0006,The Main Event Mafia,,2026-04-21 22:12:30
2023,DT,12698,,,5,DROP,FREE_AGENT,2023-11-08,09:27:42,0006,The Main Event Mafia,,2026-04-21 22:12:30
2023,DT,14900,,,3,ACQUIRE,ADDDROP:BBID,2023-11-09,09:00:00,0010,Blake Bombers,salary=2000,2026-04-21 22:12:30
2023,DT,12083,,,1,ACQUIRE,ADDDROP:BBID,2023-11-10,09:00:00,0006,The Main Event Mafia,salary=1000,2026-04-21 22:12:30
2023,DT,12083,,,2,DROP,ADDDROP:FREE_AGENT,2023-11-15,10:03:17,0006,The Main Event Mafia,,2026-04-21 22:12:30
2023,DT,12083,,,3,DROP,FREE_AGENT,2023-11-15,10:03:17,0006,The Main Event Mafia,,2026-04-21 22:12:30
2023,DT,14900,,,4,DROP,ADDDROP:FREE_AGENT,2023-11-26,10:11:48,0010,Blake Bombers,,2026-04-21 22:12:30
2023,DT,14900,,,5,DROP,FREE_AGENT,2023-11-26,10:11:48,0010,Blake Bombers,,2026-04-21 22:12:30
2023,DT,12083,,,4,ACQUIRE,ADDDROP:FREE_AGENT,2023-12-03,10:18:48,0006,The Main Event Mafia,salary=1000,2026-04-21 22:12:30
2023,DT,16282,,,1,ACQUIRE,ADDDROP:BBID,2023-12-10,09:00:00,0003,Gride,salary=1000,2026-04-21 22:12:30
2023,DT,16282,,,2,DROP,ADDDROP:BBID,2023-12-14,09:00:00,0003,Gride,,2026-04-21 22:12:30
2023,DT,14900,,,6,ACQUIRE,ADDDROP:BBID,2023-12-14,09:00:00,0003,Gride,salary=3000,2026-04-21 22:12:30
2023,DT,14897,,,3,ACQUIRE,ADDDROP:FREE_AGENT,2023-12-17,09:56:57,0006,The Main Event Mafia,salary=1000,2026-04-21 22:12:30
2023,DT,14900,,,7,DROP,ADDDROP:BBID,2023-12-28,09:00:00,0003,Gride,,2026-04-21 22:12:30
2023,DT,13839,,,1,ACQUIRE,ADDDROP:BBID,2023-12-29,09:00:00,0005,HammerTime 🔨 ⏰,salary=3000,2026-04-21 22:12:30
2023,DT,14900,,,8,ACQUIRE,ADDDROP:BBID,2023-12-30,09:00:00,0005,HammerTime 🔨 ⏰,salary=4000,2026-04-21 22:12:30
2023,DT,13839,,,2,DROP,ADDDROP:BBID,2023-12-31,09:00:00,0005,HammerTime 🔨 ⏰,,2026-04-21 22:12:30
2023,DT,14158,,,4,ACQUIRE,ADDDROP:FREE_AGENT,2023-12-31,09:35:52,0002,CBP,salary=1000,2026-04-21 22:12:30
2024,DT,16262,,,1,ACQUIRE,ADDDROP:BBID,2024-09-12,09:00:00,0011,Cleon Ca$h,salary=4000,2026-04-21 22:12:36
2024,DT,14159,,,1,ACQUIRE,ADDDROP:BBID,2024-09-15,09:00:00,0002,CBP,salary=1000,2026-04-21 22:12:36
2024,DT,14159,,,2,DROP,ADDDROP:BBID,2024-09-19,09:00:00,0002,CBP,,2026-04-21 22:12:36
2024,DT,14159,,,3,ACQUIRE,ADDDROP:BBID,2024-09-26,09:00:00,0005,HammerTime 🔨 ⏰,salary=2000,2026-04-21 22:12:36
2024,DT,15819,,,1,ACQUIRE,ADDDROP:BBID,2024-09-27,09:00:00,0006,The Long Haulers,salary=1000,2026-04-21 22:12:36
2024,DT,10266,,,1,ACQUIRE,ADDDROP:BBID,2024-10-03,09:00:00,0006,The Long Haulers,salary=1000,2026-04-21 22:12:36
2024,DT,14153,,,1,ACQUIRE,ADDDROP:BBID,2024-10-03,09:00:00,0006,The Long Haulers,salary=1000,2026-04-21 22:12:36
2024,DT,15819,,,2,DROP,ADDDROP:BBID,2024-10-03,09:00:00,0006,The Long Haulers,,2026-04-21 22:12:36
2024,DT,12754,,,1,ACQUIRE,ADDDROP:FREE_AGENT,2024-10-06,10:01:09,0003,Gride,salary=1000,2026-04-21 22:12:36
2024,DT,10266,,,2,DROP,ADDDROP:BBID,2024-10-10,09:00:00,0006,The Long Haulers,,2026-04-21 22:12:36
2024,DT,15812,,,1,ACQUIRE,ADDDROP:BBID,2024-10-11,09:00:00,0003,Gride,salary=1000,2026-04-21 22:12:36
2024,DT,16254,,,1,ACQUIRE,ADDDROP:BBID,2024-10-17,09:00:00,0005,HammerTime 🔨 ⏰,salary=1000,2026-04-21 22:12:36
2024,DT,10266,,,3,ACQUIRE,ADDDROP:BBID,2024-10-17,09:00:00,0009,C-Town Chivalry,salary=1000,2026-04-21 22:12:36
2024,DT,12691,,,1,ACQUIRE,ADDDROP:BBID,2024-10-20,09:00:00,0001,Ulterior Warrior,salary=1000,2026-04-21 22:12:36
2024,DT,16282,,,1,ACQUIRE,ADDDROP:FREE_AGENT,2024-10-20,12:58:07,0001,Ulterior Warrior,salary=1000,2026-04-21 22:12:36
2024,DT,12691,,,2,DROP,ADDDROP:FREE_AGENT,2024-10-20,12:58:07,0001,Ulterior Warrior,,2026-04-21 22:12:36
2024,DT,12691,,,3,DROP,FREE_AGENT,2024-10-20,12:58:07,0001,Ulterior Warrior,,2026-04-21 22:12:36
2024,DT,15812,,,2,DROP,ADDDROP:BBID,2024-10-26,09:00:00,0003,Gride,,2026-04-21 22:12:36
2024,DT,16254,,,2,DROP,ADDDROP:BBID,2024-10-31,09:00:00,0005,HammerTime 🔨 ⏰,,2026-04-21 22:12:36
2024,DT,12754,,,2,DROP,ADDDROP:BBID,2024-11-03,09:00:00,0003,Gride,,2026-04-21 22:12:36
2024,DT,16282,,,2,DROP,ADDDROP:BBID,2024-11-03,09:00:00,0001,Ulterior Warrior,,2026-04-21 22:12:36
2024,DT,14153,,,2,DROP,ADDDROP:BBID,2024-11-07,09:00:00,0006,The Long Haulers,,2026-04-21 22:12:36
2024,DT,14153,,,3,ACQUIRE,ADDDROP:BBID,2024-11-09,09:00:00,0008,Real Deal Creel,salary=1000,2026-04-21 22:12:36
2024,DT,13692,,,1,ACQUIRE,ADDDROP:FREE_AGENT,2024-11-10,12:49:14,0002,CBP,salary=1000,2026-04-21 22:12:36
2024,DT,13692,,,2,DROP,ADDDROP:FREE_AGENT,2024-11-12,10:41:46,0002,CBP,,2026-04-21 22:12:36
2024,DT,13692,,,3,DROP,FREE_AGENT,2024-11-12,10:41:46,0002,CBP,,2026-04-21 22:12:36
2024,DT,13298,,,1,ACQUIRE,ADDDROP:BBID,2024-11-14,09:00:00,0003,Gride,salary=3000,2026-04-21 22:12:36
2024,DT,9051,,,1,ACQUIRE,ADDDROP:BBID,2024-11-14,09:00:00,0007,Sex Manther,salary=4000,2026-04-21 22:12:36
2024,DT,16282,,,3,ACQUIRE,ADDDROP:FREE_AGENT,2024-11-17,09:58:31,0009,C-Town Chivalry,salary=1000,2026-04-21 22:12:36
2024,DT,9051,,,2,DROP,ADDDROP:FREE_AGENT,2024-11-19,06:09:47,0007,Sex Manther,,2026-04-21 22:12:36
2024,DT,9051,,,3,DROP,FREE_AGENT,2024-11-19,06:09:47,0007,Sex Manther,,2026-04-21 22:12:36
2024,DT,16254,,,3,ACQUIRE,ADDDROP:BBID,2024-11-21,09:00:00,0009,C-Town Chivalry,salary=1000,2026-04-21 22:12:36
2024,DT,9051,,,4,ACQUIRE,ADDDROP:BBID,2024-11-23,09:00:00,0012,Hawks,salary=1000,2026-04-21 22:12:36
2024,DT,12697,,,1,ACQUIRE,ADDDROP:BBID,2024-11-28,09:00:00,0005,HammerTime 🔨 ⏰,salary=2000,2026-04-21 22:12:36
2024,DT,16282,,,4,DROP,FREE_AGENT,2024-12-03,05:48:23,0009,C-Town Chivalry,,2026-04-21 22:12:36
2024,DT,12225,,,1,ACQUIRE,ADDDROP:BBID,2024-12-05,09:00:00,0001,Ulterior Warrior,salary=5000,2026-04-21 22:12:36
2024,DT,14159,,,4,DROP,ADDDROP:BBID,2024-12-05,09:00:00,0005,HammerTime 🔨 ⏰,,2026-04-21 22:12:36
2024,DT,13298,,,2,DROP,ADDDROP:FREE_AGENT,2024-12-06,08:33:42,0003,Gride,,2026-04-21 22:12:36
2024,DT,13298,,,3,DROP,FREE_AGENT,2024-12-06,08:33:42,0003,Gride,,2026-04-21 22:12:36
2024,DT,16282,,,5,ACQUIRE,ADDDROP:BBID,2024-12-08,09:00:00,0008,Real Deal Creel,salary=1000,2026-04-21 22:12:36
2024,DT,13839,,,1,ACQUIRE,ADDDROP:BBID,2024-12-12,09:00:00,0010,Blake Bombers,salary=1000,2026-04-21 22:12:36
2024,DT,16282,,,6,DROP,ADDDROP:FREE_AGENT,2024-12-12,19:27:04,0008,Real Deal Creel,,2026-04-21 22:12:36
2024,DT,16282,,,7,DROP,FREE_AGENT,2024-12-12,19:27:04,0008,Real Deal Creel,,2026-04-21 22:12:36
2024,DT,9051,,,5,DROP,ADDDROP:BBID,2024-12-19,09:00:00,0012,Hawks,,2026-04-21 22:12:36
2024,DT,16282,,,8,ACQUIRE,ADDDROP:BBID,2024-12-20,09:00:00,0007,Sex Manther,salary=4000,2026-04-21 22:12:36
2024,DT,12697,,,2,DROP,ADDDROP:FREE_AGENT,2024-12-26,06:15:46,0005,HammerTime 🔨 ⏰,,2026-04-21 22:12:36
2024,DT,12697,,,3,DROP,FREE_AGENT,2024-12-26,06:15:46,0005,HammerTime 🔨 ⏰,,2026-04-21 22:12:36
2025,DT,17137,,,1,STATUS,TAXI_DEMOTE,2025-05-26,06:47:24,0002,CBP,,2026-04-21 22:12:40
2025,DT,17137,,,2,DROP,ADDDROP:FREE_AGENT,2025-09-02,09:11:10,0002,CBP,,2026-04-21 22:12:40
2025,DT,17137,,,3,DROP,FREE_AGENT,2025-09-02,09:11:10,0002,CBP,,2026-04-21 22:12:40
2025,DT,14157,,,1,ACQUIRE,ADDDROP:BBID,2025-09-26,09:00:00,0004,Pure Greatness,salary=1000,2026-04-21 22:12:40
2025,DT,15817,,,1,ACQUIRE,ADDDROP:BBID,2025-09-27,09:00:00,0004,Pure Greatness,salary=1000,2026-04-21 22:12:40
2025,DT,14157,,,2,DROP,ADDDROP:BBID,2025-09-27,09:00:00,0004,Pure Greatness,,2026-04-21 22:12:40
2025,DT,12688,,,1,ACQUIRE,ADDDROP:BBID,2025-10-02,09:00:00,0001,L.A. Looks,salary=1000,2026-04-21 22:12:40
2025,DT,9051,,,1,ACQUIRE,ADDDROP:BBID,2025-10-02,09:00:00,0004,Pure Greatness,salary=1000,2026-04-21 22:12:40
2025,DT,15817,,,2,DROP,ADDDROP:BBID,2025-10-02,09:00:00,0004,Pure Greatness,,2026-04-21 22:12:40
2025,DT,10292,,,1,ACQUIRE,ADDDROP:BBID,2025-10-03,09:00:00,0012,Hawks,salary=1000,2026-04-21 22:12:40
2025,DT,12754,,,1,ACQUIRE,ADDDROP:BBID,2025-10-12,09:00:00,0006,The Long Haulers,salary=1000,2026-04-21 22:12:40
2025,DT,12754,,,2,DROP,ADDDROP:FREE_AGENT,2025-10-14,05:06:10,0006,The Long Haulers,,2026-04-21 22:12:40
2025,DT,12754,,,3,DROP,FREE_AGENT,2025-10-14,05:06:10,0006,The Long Haulers,,2026-04-21 22:12:40
2025,DT,14157,,,3,ACQUIRE,ADDDROP:BBID,2025-10-16,09:00:00,0012,Hawks,salary=1000,2026-04-21 22:12:40
2025,DT,14158,,,1,ACQUIRE,ADDDROP:BBID,2025-10-17,09:00:00,0007,Sex Manther,salary=4000,2026-04-21 22:12:40
2025,DT,9051,,,2,DROP,ADDDROP:BBID,2025-10-17,09:00:00,0004,Pure Greatness,,2026-04-21 22:12:40
2025,DT,16787,,,1,ACQUIRE,ADDDROP:BBID,2025-10-19,09:00:00,0006,The Long Haulers,salary=2000,2026-04-21 22:12:40
2025,DT,16787,,,2,DROP,FREE_AGENT,2025-10-22,06:28:43,0006,The Long Haulers,,2026-04-21 22:12:40
2025,DT,14897,,,1,ACQUIRE,ADDDROP:BBID,2025-10-26,09:00:00,0003,Gride,salary=1000,2026-04-21 22:12:40
2025,DT,15817,,,3,ACQUIRE,ADDDROP:FREE_AGENT,2025-10-26,09:10:05,0004,Pure Greatness,salary=1000,2026-04-21 22:12:40
2025,DT,15391,,,1,ACQUIRE,ADDDROP:FREE_AGENT,2025-10-26,09:18:17,0011,Cleon Ca$h,salary=1000,2026-04-21 22:12:40
2025,DT,14158,,,2,DROP,ADDDROP:FREE_AGENT,2025-10-28,08:13:36,0007,Sex Manther,,2026-04-21 22:12:40
2025,DT,14158,,,3,DROP,FREE_AGENT,2025-10-28,08:13:36,0007,Sex Manther,,2026-04-21 22:12:40
2025,DT,15391,,,2,DROP,ADDDROP:BBID,2025-10-30,09:00:00,0011,Cleon Ca$h,,2026-04-21 22:12:40
2025,DT,14157,,,4,DROP,ADDDROP:BBID,2025-10-30,09:00:00,0012,Hawks,,2026-04-21 22:12:40
2025,DT,15817,,,4,DROP,ADDDROP:BBID,2025-10-30,09:00:00,0004,Pure Greatness,,2026-04-21 22:12:40
2025,DT,16663,,,1,ACQUIRE,ADDDROP:BBID,2025-10-31,09:00:00,0008,Real Deal Creel,salary=1000,2026-04-21 22:12:40
2025,DT,17174,,,1,ACQUIRE,ADDDROP:BBID,2025-11-01,09:00:00,0010,Blake Bombers,salary=1000,2026-04-21 22:12:40
2025,DT,17136,,,1,ACQUIRE,ADDDROP:BBID,2025-11-06,09:00:00,0010,Blake Bombers,salary=1000,2026-04-21 22:12:40
2025,DT,17174,,,2,DROP,ADDDROP:BBID,2025-11-06,09:00:00,0010,Blake Bombers,,2026-04-21 22:12:40
2025,DT,10292,,,2,DROP,ADDDROP:BBID,2025-11-07,09:00:00,0012,Hawks,,2026-04-21 22:12:40
2025,DT,15817,,,5,ACQUIRE,ADDDROP:BBID,2025-11-07,09:00:00,0012,Hawks,salary=1000,2026-04-21 22:12:40
2025,DT,16663,,,2,DROP,ADDDROP:FREE_AGENT,2025-11-09,10:49:13,0008,Real Deal Creel,,2026-04-21 22:12:40
2025,DT,16663,,,3,DROP,FREE_AGENT,2025-11-09,10:49:13,0008,Real Deal Creel,,2026-04-21 22:12:40
2025,DT,15817,,,6,DROP,ADDDROP:BBID,2025-11-13,09:00:00,0012,Hawks,,2026-04-21 22:12:40
2025,DT,17136,,,2,DROP,ADDDROP:FREE_AGENT,2025-11-19,09:27:43,0010,Blake Bombers,,2026-04-21 22:12:40
2025,DT,17136,,,3,DROP,FREE_AGENT,2025-11-19,09:27:43,0010,Blake Bombers,,2026-04-21 22:12:40
2025,DT,14157,,,5,ACQUIRE,ADDDROP:BBID,2025-11-23,09:00:00,0008,Real Deal Creel,salary=1000,2026-04-21 22:12:40
2025,DT,15817,,,7,ACQUIRE,ADDDROP:BBID,2025-11-23,09:00:00,0006,The Long Haulers,salary=1000,2026-04-21 22:12:40
2025,DT,15817,,,8,DROP,ADDDROP:FREE_AGENT,2025-11-25,06:53:51,0006,The Long Haulers,,2026-04-21 22:12:40
2025,DT,15817,,,9,DROP,FREE_AGENT,2025-11-25,06:53:51,0006,The Long Haulers,,2026-04-21 22:12:40
2025,DT,14157,,,6,DROP,ADDDROP:FREE_AGENT,2025-11-27,09:13:07,0008,Real Deal Creel,,2026-04-21 22:12:40
2025,DT,14157,,,7,DROP,FREE_AGENT,2025-11-27,09:13:07,0008,Real Deal Creel,,2026-04-21 22:12:40
2025,DT,14897,,,2,DROP,ADDDROP:BBID,2025-12-05,09:00:00,0003,Gride,,2026-04-21 22:12:40
2025,DT,15817,,,10,ACQUIRE,ADDDROP:BBID,2025-12-13,09:00:00,0010,Blake Bombers,salary=1000,2026-04-21 22:12:40
2025,DT,14897,,,3,ACQUIRE,ADDDROP:BBID,2025-12-14,09:00:00,0008,Real Deal Creel,salary=1000,2026-04-21 22:12:40
2025,DT,14897,,,4,DROP,ADDDROP:BBID,2025-12-18,09:00:00,0008,Real Deal Creel,,2026-04-21 22:12:40
2025,DT,16927,,,1,ACQUIRE,ADDDROP:BBID,2025-12-20,09:00:00,0006,The Long Haulers,salary=1000,2026-04-21 22:12:40
2025,DT,17136,,,4,ACQUIRE,ADDDROP:FREE_AGENT,2025-12-21,12:54:26,0001,L.A. Looks,salary=1000,2026-04-21 22:12:40
2025,DT,17136,,,5,DROP,ADDDROP:FREE_AGENT,2025-12-25,10:33:49,0001,L.A. Looks,,2026-04-21 22:12:40
2025,DT,17136,,,6,DROP,FREE_AGENT,2025-12-25,10:33:49,0001,L.A. Looks,,2026-04-21 22:12:40
2021,DT,13208,"Allen, Jonathan",WAS,1,ACQUIRE,ADDDROP:BBID,2021-09-05,09:00:00,0008,#BLM,salary=1000,2026-04-21 22:12:17
2021,DT,13208,"Allen, Jonathan",WAS,2,DROP,ADDDROP:FREE_AGENT,2021-12-05,12:07:58,0008,#BLM,,2026-04-21 22:12:17
2021,DT,13208,"Allen, Jonathan",WAS,3,DROP,FREE_AGENT,2021-12-05,12:07:58,0008,#BLM,,2026-04-21 22:12:17
2021,DT,13208,"Allen, Jonathan",WAS,4,ACQUIRE,ADDDROP:BBID,2021-12-19,09:00:00,0008,#BLM,salary=1000,2026-04-21 22:12:17
2021,DT,13208,"Allen, Jonathan",WAS,5,DROP,ADDDROP:BBID,2021-12-31,09:00:00,0008,#BLM,,2026-04-21 22:12:17
2023,DT,13208,"Allen, Jonathan",WAS,1,DROP,FREE_AGENT,2023-05-09,06:55:51,0006,The Main Event Mafia,,2026-04-21 22:12:30
2023,DT,13208,"Allen, Jonathan",WAS,2,ACQUIRE,AUCTION:FreeAgent,2023-08-04,16:39:42,0003,Gride,bid=1000,2026-04-21 22:12:30
2023,DT,13208,"Allen, Jonathan",WAS,3,DROP,ADDDROP:BBID,2023-09-02,09:00:00,0003,Gride,,2026-04-21 22:12:30
2023,DT,13208,"Allen, Jonathan",WAS,4,ACQUIRE,ADDDROP:BBID,2023-10-12,09:00:00,0003,Gride,salary=1000,2026-04-21 22:12:30
2023,DT,13208,"Allen, Jonathan",WAS,5,DROP,ADDDROP:BBID,2023-12-10,09:00:00,0003,Gride,,2026-04-21 22:12:30
2023,DT,14153,"Allen, Zach",ARI,1,DROP,FREE_AGENT,2023-05-09,07:00:19,0011,Cleon Ca$h,,2026-04-21 22:12:30
2025,DT,14153,"Allen, Zach",DEN,1,DROP,ADDDROP:BBID,2025-10-17,09:00:00,0008,Real Deal Creel,,2026-04-21 22:12:40
2025,DT,14153,"Allen, Zach",DEN,2,ACQUIRE,ADDDROP:BBID,2025-11-14,09:00:00,0004,Pure Greatness,salary=1000,2026-04-21 22:12:40
2025,DT,14153,"Allen, Zach",DEN,3,DROP,ADDDROP:BBID,2025-11-20,09:00:00,0004,Pure Greatness,,2026-04-21 22:12:40
2017,DT,9868,"Atkins, Geno",CIN,1,ACQUIRE,AUCTION:FreeAgent,2017-08-14,07:55:03,0011,Cleon Ca$h,bid=1000,2026-04-21 22:11:44
2017,DT,9868,"Atkins, Geno",CIN,2,DROP,ADDDROP:FREE_AGENT,2017-09-02,06:08:11,0011,Cleon Ca$h,,2026-04-21 22:11:44
2017,DT,9868,"Atkins, Geno",CIN,3,DROP,FREE_AGENT,2017-09-02,06:08:11,0011,Cleon Ca$h,,2026-04-21 22:11:44
2017,DT,9868,"Atkins, Geno",CIN,4,ACQUIRE,ADDDROP:BBID,2017-09-21,09:00:00,0007,Sex Manther,salary=1000,2026-04-21 22:11:44
2017,DT,9868,"Atkins, Geno",CIN,5,DROP,ADDDROP:FREE_AGENT,2017-09-26,20:40:56,0007,Sex Manther,,2026-04-21 22:11:44
2017,DT,9868,"Atkins, Geno",CIN,6,DROP,FREE_AGENT,2017-09-26,20:40:56,0007,Sex Manther,,2026-04-21 22:11:44
2017,DT,9868,"Atkins, Geno",CIN,7,ACQUIRE,ADDDROP:BBID,2017-10-11,09:00:00,0011,Cleon Ca$h,salary=1000,2026-04-21 22:11:44
2018,DT,9868,"Atkins, Geno",CIN,1,DROP,FREE_AGENT,2018-05-03,17:23:36,0011,Cleon Ca$h,,2026-04-21 22:11:53
2018,DT,9868,"Atkins, Geno",CIN,2,ACQUIRE,ADDDROP:BBID,2018-09-19,09:00:00,0001,Ulterior Warrior,salary=4000,2026-04-21 22:11:53
2018,DT,9868,"Atkins, Geno",CIN,3,DROP,ADDDROP:BBID,2018-11-18,09:00:00,0001,Ulterior Warrior,,2026-04-21 22:11:53
2018,DT,9868,"Atkins, Geno",CIN,4,ACQUIRE,ADDDROP:FREE_AGENT,2018-12-23,09:35:56,0004,Pure Greatness,salary=1000,2026-04-21 22:11:53
2019,DT,9868,"Atkins, Geno",CIN,1,DROP,FREE_AGENT,2019-03-03,17:18:07,0004,Pure Greatness,,2026-04-21 22:11:56
2019,DT,9868,"Atkins, Geno",CIN,2,ACQUIRE,AUCTION:FreeAgent,2019-08-25,06:47:19,0011,Cleon Ca$h,bid=1000,2026-04-21 22:11:56
2019,DT,9868,"Atkins, Geno",CIN,3,DROP,ADDDROP:FREE_AGENT,2019-09-15,09:36:22,0011,Cleon Ca$h,,2026-04-21 22:11:56
2019,DT,9868,"Atkins, Geno",CIN,4,DROP,FREE_AGENT,2019-09-15,09:36:22,0011,Cleon Ca$h,,2026-04-21 22:11:56
2019,DT,12083,"Autry, Denico",IND,1,DROP,FREE_AGENT,2019-03-03,18:13:08,0010,Blake Bombers,,2026-04-21 22:11:56
2019,DT,12083,"Autry, Denico",IND,2,ACQUIRE,ADDDROP:BBID,2019-09-25,09:00:00,0005,Run CMC,salary=1000,2026-04-21 22:11:56
2019,DT,12083,"Autry, Denico",IND,3,DROP,ADDDROP:BBID,2019-10-02,09:00:00,0005,Run CMC,,2026-04-21 22:11:56
2019,DT,12083,"Autry, Denico",IND,4,ACQUIRE,ADDDROP:BBID,2019-10-09,09:00:00,0008,#BLM,salary=1000,2026-04-21 22:11:56
2019,DT,12083,"Autry, Denico",IND,5,DROP,ADDDROP:BBID,2019-10-23,09:00:00,0008,#BLM,,2026-04-21 22:11:56
2024,DT,12083,"Autry, Denico",TEN,1,DROP,ADDDROP:FREE_AGENT,2024-03-20,19:46:09,0006,The Long Haulers,,2026-04-21 22:12:36
2024,DT,12083,"Autry, Denico",TEN,2,DROP,FREE_AGENT,2024-03-20,19:46:09,0006,The Main Event Mafia,,2026-04-21 22:12:36
2021,DT,15357,"Barmore, Christian",NEP,1,STATUS,TAXI_DEMOTE,2021-06-23,21:53:13,0001,Ulterior Warrior,,2026-04-21 22:12:17
2023,DT,15357,"Barmore, Christian",NEP,1,DROP,FREE_AGENT,2023-05-29,19:53:05,0001,Ulterior Warrior,,2026-04-21 22:12:30
2023,DT,15357,"Barmore, Christian",NEP,2,ACQUIRE,ADDDROP:BBID,2023-12-28,09:00:00,0003,Gride,salary=2000,2026-04-21 22:12:30
2024,DT,15357,"Barmore, Christian",NEP,1,DROP,ADDDROP:FREE_AGENT,2024-03-21,12:33:21,0003,Gride,,2026-04-21 22:12:36
2024,DT,15357,"Barmore, Christian",NEP,2,DROP,FREE_AGENT,2024-03-21,12:33:21,0003,Gride,,2026-04-21 22:12:36
2024,DT,15357,"Barmore, Christian",NEP,3,ACQUIRE,ADDDROP:BBID,2024-11-16,09:00:00,0006,The Long Haulers,salary=2000,2026-04-21 22:12:36
2024,DT,15357,"Barmore, Christian",NEP,4,DROP,ADDDROP:BBID,2024-11-21,09:00:00,0006,The Long Haulers,,2026-04-21 22:12:36
2020,DT,14897,"Brown, Derrick",CAR,1,ACQUIRE,ADDDROP:FREE_AGENT,2020-09-13,09:05:47,0007,Sex Manther,salary=1000,2026-04-21 22:12:04
2020,DT,14897,"Brown, Derrick",CAR,2,DROP,ADDDROP:FREE_AGENT,2020-09-22,20:42:52,0007,Sex Manther,,2026-04-21 22:12:04
2020,DT,14897,"Brown, Derrick",CAR,3,DROP,FREE_AGENT,2020-09-22,20:42:52,0007,Sex Manther,,2026-04-21 22:12:04
2024,DT,14897,"Brown, Derrick",CAR,1,DROP,ADDDROP:FREE_AGENT,2024-03-20,19:46:18,0006,The Long Haulers,,2026-04-21 22:12:36
2024,DT,14897,"Brown, Derrick",CAR,2,DROP,FREE_AGENT,2024-03-20,19:46:18,0006,The Main Event Mafia,,2026-04-21 22:12:36
2024,DT,14897,"Brown, Derrick",CAR,3,ACQUIRE,AUCTION:FreeAgent,2024-07-31,09:28:41,0002,CBP,bid=1000,2026-04-21 22:12:36
2024,DT,14897,"Brown, Derrick",CAR,4,DROP,ADDDROP:FREE_AGENT,2024-09-15,07:45:32,0002,CBP,,2026-04-21 22:12:36
2024,DT,14897,"Brown, Derrick",CAR,5,DROP,FREE_AGENT,2024-09-15,07:45:32,0002,CBP,,2026-04-21 22:12:36
2020,DT,13695,"Bryan, Taven",JAC,1,STATUS,TAXI_PROMOTE,2020-06-23,08:55:34,0007,Sex Manther,,2026-04-21 22:12:04
2020,DT,13695,"Bryan, Taven",JAC,2,DROP,ADDDROP:FREE_AGENT,2020-09-01,08:53:47,0007,Sex Manther,,2026-04-21 22:12:04
2020,DT,13695,"Bryan, Taven",JAC,3,DROP,FREE_AGENT,2020-09-01,08:53:47,0007,Sex Manther,,2026-04-21 22:12:04
2019,DT,12688,"Buckner, DeForest",SFO,1,ACQUIRE,AUCTION:TagOrExpiredRookie,2019-05-05,21:29:24,0005,Run CMC,bid=9000,2026-04-21 22:11:56
2020,DT,12688,"Buckner, DeForest",IND,1,DROP,FREE_AGENT,2020-03-17,13:41:07,0005,Run CMC,,2026-04-21 22:12:04
2020,DT,12688,"Buckner, DeForest",IND,2,ACQUIRE,AUCTION:FreeAgent,2020-08-19,22:03:04,0007,Sex Manther,bid=2000,2026-04-21 22:12:04
2021,DT,12688,"Buckner, DeForest",IND,1,DROP,FREE_AGENT,2021-05-29,20:15:49,0007,Sex Manther,,2026-04-21 22:12:17
2021,DT,12688,"Buckner, DeForest",IND,2,ACQUIRE,AUCTION:FreeAgent,2021-08-04,10:45:55,0007,Sex Manther,bid=3000,2026-04-21 22:12:17
2022,DT,12688,"Buckner, DeForest",IND,1,DROP,FREE_AGENT,2022-05-01,09:15:51,0007,Sex Manther,,2026-04-21 22:12:23
2022,DT,12688,"Buckner, DeForest",IND,2,ACQUIRE,AUCTION:FreeAgent,2022-08-06,07:24:25,0011,Cleon Ca$h,bid=1000,2026-04-21 22:12:23
2023,DT,12688,"Buckner, DeForest",IND,1,DROP,FREE_AGENT,2023-05-09,07:00:19,0011,Cleon Ca$h,,2026-04-21 22:12:30
2023,DT,12688,"Buckner, DeForest",IND,2,ACQUIRE,AUCTION:FreeAgent,2023-08-01,09:10:59,0011,Cleon Ca$h,bid=1000,2026-04-21 22:12:30
2024,DT,12688,"Buckner, DeForest",IND,1,DROP,FREE_AGENT,2024-05-12,07:28:02,0011,Cleon Ca$h,,2026-04-21 22:12:36
2024,DT,12688,"Buckner, DeForest",IND,2,ACQUIRE,AUCTION:FreeAgent,2024-08-04,17:16:48,0001,Ulterior Warrior,bid=1000,2026-04-21 22:12:36
2024,DT,12688,"Buckner, DeForest",IND,3,DROP,ADDDROP:BBID,2024-11-21,09:00:00,0001,Ulterior Warrior,,2026-04-21 22:12:36
2024,DT,12688,"Buckner, DeForest",IND,4,ACQUIRE,ADDDROP:BBID,2024-11-28,09:00:00,0008,Real Deal Creel,salary=1000,2026-04-21 22:12:36
2024,DT,12688,"Buckner, DeForest",IND,5,DROP,ADDDROP:BBID,2024-12-05,09:00:00,0008,Real Deal Creel,,2026-04-21 22:12:36
2023,DT,16233,"Carter, Jalen",PHI,1,STATUS,TAXI_DEMOTE,2023-07-27,18:35:04,0006,The Main Event Mafia,,2026-04-21 22:12:30
2025,DT,16233,"Carter, Jalen",PHI,1,STATUS,TAXI_PROMOTE,2025-05-25,23:16:57,0006,The Long Haulers,,2026-04-21 22:12:40
2025,DT,16233,"Carter, Jalen",PHI,2,STATUS,TAXI_DEMOTE,2025-05-26,15:41:43,0006,The Long Haulers,,2026-04-21 22:12:40
2025,DT,16233,"Carter, Jalen",PHI,3,ACQUIRE,TRADE,2025-07-20,22:39:13,0008,Real Deal Creel,trade2025_27,2026-04-21 22:12:40
2025,DT,16233,"Carter, Jalen",PHI,4,STATUS,TAXI_DEMOTE,2025-07-21,07:21:09,0008,Real Deal Creel,,2026-04-21 22:12:40
2019,DT,12739,"Clark, Kenny",GBP,1,DROP,ADDDROP:FREE_AGENT,2019-10-13,09:12:30,0001,Ulterior Warrior,,2026-04-21 22:11:56
2019,DT,12739,"Clark, Kenny",GBP,2,DROP,FREE_AGENT,2019-10-13,09:12:30,0001,Ulterior Warrior,,2026-04-21 22:11:56
2021,DT,12739,"Clark, Kenny",GBP,1,ACQUIRE,ADDDROP:BBID,2021-09-05,09:00:00,0008,#BLM,salary=1000,2026-04-21 22:12:17
2021,DT,12739,"Clark, Kenny",GBP,2,DROP,ADDDROP:BBID,2021-09-18,09:00:00,0008,#BLM,,2026-04-21 22:12:17
2021,DT,12739,"Clark, Kenny",GBP,3,ACQUIRE,ADDDROP:BBID,2021-10-21,09:00:00,0006,Good in Da Hood,salary=2000,2026-04-21 22:12:17
2021,DT,12739,"Clark, Kenny",GBP,4,DROP,ADDDROP:FREE_AGENT,2021-11-28,09:13:23,0006,Good in Da Hood,,2026-04-21 22:12:17
2021,DT,12739,"Clark, Kenny",GBP,5,DROP,FREE_AGENT,2021-11-28,09:13:23,0006,Good in Da Hood,,2026-04-21 22:12:17
2021,DT,12739,"Clark, Kenny",GBP,6,ACQUIRE,ADDDROP:BBID,2021-12-31,09:00:00,0008,#BLM,salary=1000,2026-04-21 22:12:17
2022,DT,12739,"Clark, Kenny",GBP,1,DROP,FREE_AGENT,2022-03-13,15:39:02,0008,#BLM,,2026-04-21 22:12:23
2022,DT,12739,"Clark, Kenny",GBP,2,ACQUIRE,ADDDROP:BBID,2022-08-26,09:00:00,0010,Blake Bombers,salary=1000,2026-04-21 22:12:23
2022,DT,12739,"Clark, Kenny",GBP,3,DROP,ADDDROP:BBID,2022-09-25,09:00:00,0010,Blake Bombers,,2026-04-21 22:12:23
2019,DT,10762,"Cox, Fletcher",PHI,1,ACQUIRE,AUCTION:FreeAgent,2019-08-29,17:31:38,0008,#BLM,bid=1000,2026-04-21 22:11:56
2019,DT,10762,"Cox, Fletcher",PHI,2,DROP,ADDDROP:BBID,2019-10-09,09:00:00,0008,#BLM,,2026-04-21 22:11:56
2019,DT,10762,"Cox, Fletcher",PHI,3,ACQUIRE,ADDDROP:BBID,2019-11-03,09:00:00,0011,Cleon Ca$h,salary=1000,2026-04-21 22:11:56
2019,DT,10762,"Cox, Fletcher",PHI,4,DROP,ADDDROP:FREE_AGENT,2019-11-10,09:07:38,0011,Cleon Ca$h,,2026-04-21 22:11:56
2019,DT,10762,"Cox, Fletcher",PHI,5,DROP,FREE_AGENT,2019-11-10,09:07:38,0011,Cleon Ca$h,,2026-04-21 22:11:56
2022,DT,15817,"Davis, Jordan",PHI,1,STATUS,TAXI_DEMOTE,2022-06-26,09:22:57,0005,Run CMC,,2026-04-21 22:12:23
2022,DT,15817,"Davis, Jordan",PHI,2,ACQUIRE,TRADE,2022-08-18,07:31:19,0002,The Bash Bros,trade2022_36,2026-04-21 22:12:23
2022,DT,15817,"Davis, Jordan",PHI,3,STATUS,TAXI_DEMOTE,2022-08-18,07:33:11,0002,The Bash Bros,,2026-04-21 22:12:23
2022,DT,15817,"Davis, Jordan",PHI,4,STATUS,TAXI_PROMOTE,2022-09-30,16:13:04,0002,The Bash Bros,,2026-04-21 22:12:23
2023,DT,15817,"Davis, Jordan",PHI,1,ACQUIRE,TRADE,2023-03-29,01:01:15,0006,The Main Event Mafia,trade2023_5,2026-04-21 22:12:30
2023,DT,15817,"Davis, Jordan",PHI,2,DROP,ADDDROP:FREE_AGENT,2023-11-04,07:56:36,0006,The Main Event Mafia,,2026-04-21 22:12:30
2023,DT,15817,"Davis, Jordan",PHI,3,DROP,FREE_AGENT,2023-11-04,07:56:36,0006,The Main Event Mafia,,2026-04-21 22:12:30
2019,DT,11757,"Donald, Aaron",LAR,1,DROP,FREE_AGENT,2019-03-03,16:29:40,0007,Sex Manther,,2026-04-21 22:11:56
2019,DT,11757,"Donald, Aaron",LAR,2,ACQUIRE,AUCTION:FreeAgent,2019-08-19,16:02:00,0007,Sex Manther,bid=20000,2026-04-21 22:11:56
2020,DT,11757,"Donald, Aaron",LAR,1,ACQUIRE,TRADE,2020-06-23,07:05:24,0003,Gride,trade2020_32,2026-04-21 22:12:04
2020,DT,11757,"Donald, Aaron",LAR,2,ACQUIRE,TRADE,2020-08-25,23:43:42,0008,#BLM,trade2020_42,2026-04-21 22:12:04
2021,DT,11757,"Donald, Aaron",LAR,1,ACQUIRE,TRADE,2021-07-31,11:55:10,0002,The Bash Bros,trade2021_36,2026-04-21 22:12:17
2022,DT,11757,"Donald, Aaron",LAR,1,DROP,FREE_AGENT,2022-05-02,17:07:14,0002,The Bash Bros,,2026-04-21 22:12:23
2022,DT,11757,"Donald, Aaron",LAR,2,ACQUIRE,AUCTION:FreeAgent,2022-08-01,07:12:09,0004,Pure Greatness,bid=8000,2026-04-21 22:12:23
2023,DT,11757,"Donald, Aaron",LAR,1,DROP,ADDDROP:FREE_AGENT,2023-04-17,08:42:15,0004,Pure Greatness,,2026-04-21 22:12:30
2023,DT,11757,"Donald, Aaron",LAR,2,DROP,FREE_AGENT,2023-04-17,08:42:15,0004,Pure Greatness,,2026-04-21 22:12:30
2023,DT,11757,"Donald, Aaron",LAR,3,ACQUIRE,AUCTION:FreeAgent,2023-08-01,15:28:54,0011,Cleon Ca$h,bid=5000,2026-04-21 22:12:30
2024,DT,11757,"Donald, Aaron",LAR,1,DROP,FREE_AGENT,2024-05-12,07:28:02,0011,Cleon Ca$h,,2026-04-21 22:12:36
2025,DT,16694,"Fiske, Braden",LAR,1,ACQUIRE,AUCTION:FreeAgent,2025-08-08,12:28:01,0002,CBP,bid=1000,2026-04-21 22:12:40
2025,DT,16694,"Fiske, Braden",LAR,2,DROP,ADDDROP:BBID,2025-09-27,09:00:00,0002,CBP,,2026-04-21 22:12:40
2025,DT,17121,"Graham, Mason",CLE,1,STATUS,TAXI_DEMOTE,2025-05-26,20:16:23,0003,Gride,,2026-04-21 22:12:40
2019,DT,12764,"Hargrave, Javon",PIT,1,DROP,ADDDROP:FREE_AGENT,2019-03-08,22:38:32,0012,Hawks,,2026-04-21 22:11:56
2019,DT,12764,"Hargrave, Javon",PIT,2,DROP,FREE_AGENT,2019-03-08,22:38:32,0012,Hawks,,2026-04-21 22:11:56
2019,DT,12764,"Hargrave, Javon",PIT,3,ACQUIRE,ADDDROP:BBID,2019-11-20,09:00:00,0003,Gride,salary=1000,2026-04-21 22:11:56
2020,DT,12764,"Hargrave, Javon",PIT,1,DROP,ADDDROP:FREE_AGENT,2020-04-17,20:24:02,0003,Gride,,2026-04-21 22:12:04
2020,DT,12764,"Hargrave, Javon",PIT,2,DROP,FREE_AGENT,2020-04-17,20:24:02,0003,Gride,,2026-04-21 22:12:04
2022,DT,12764,"Hargrave, Javon",PHI,1,DROP,FREE_AGENT,2022-02-24,08:17:51,0010,Blake Bombers,,2026-04-21 22:12:23
2022,DT,12764,"Hargrave, Javon",PHI,2,ACQUIRE,ADDDROP:BBID,2022-11-10,09:00:00,0010,Blake Bombers,salary=3000,2026-04-21 22:12:23
2023,DT,12764,"Hargrave, Javon",SFO,1,DROP,FREE_AGENT,2023-02-22,21:11:54,0010,Blake Bombers,,2026-04-21 22:12:30
2023,DT,12764,"Hargrave, Javon",SFO,2,ACQUIRE,ADDDROP:BBID,2023-08-17,09:00:00,0002,CBP,salary=1000,2026-04-21 22:12:30
2023,DT,12764,"Hargrave, Javon",SFO,3,DROP,ADDDROP:FREE_AGENT,2023-10-22,09:53:44,0002,CBP,,2026-04-21 22:12:30
2023,DT,12764,"Hargrave, Javon",SFO,4,DROP,FREE_AGENT,2023-10-22,09:53:44,0002,CBP,,2026-04-21 22:12:30
2019,DT,11045,"Harrison, Damon",DET,1,DROP,ADDDROP:FREE_AGENT,2019-03-08,23:08:24,0001,Ulterior Warrior,,2026-04-21 22:11:56
2019,DT,11045,"Harrison, Damon",DET,2,DROP,FREE_AGENT,2019-03-08,23:08:24,0001,Ulterior Warrior,,2026-04-21 22:11:56
2019,DT,11045,"Harrison, Damon",DET,3,ACQUIRE,ADDDROP:BBID,2019-09-05,09:00:00,0005,Run CMC,salary=1000,2026-04-21 22:11:56
2019,DT,11045,"Harrison, Damon",DET,4,DROP,ADDDROP:BBID,2019-09-12,09:00:00,0005,Run CMC,,2026-04-21 22:11:56
2022,DT,10266,"Heyward, Cameron",PIT,1,DROP,FREE_AGENT,2022-02-24,09:40:20,0004,Pure Greatness,,2026-04-21 22:12:23
2022,DT,10266,"Heyward, Cameron",PIT,2,ACQUIRE,AUCTION:FreeAgent,2022-08-01,10:02:07,0001,Ulterior Warrior,bid=3000,2026-04-21 22:12:23
2022,DT,10266,"Heyward, Cameron",PIT,3,DROP,ADDDROP:BBID,2022-12-15,09:00:00,0001,Ulterior Warrior,,2026-04-21 22:12:23
2022,DT,10266,"Heyward, Cameron",PIT,4,ACQUIRE,ADDDROP:BBID,2022-12-22,09:00:00,0004,Pure Greatness,salary=2000,2026-04-21 22:12:23
2023,DT,10266,"Heyward, Cameron",PIT,1,DROP,FREE_AGENT,2023-02-19,22:11:34,0004,Pure Greatness,,2026-04-21 22:12:30
2023,DT,10266,"Heyward, Cameron",PIT,2,ACQUIRE,AUCTION:FreeAgent,2023-08-05,06:23:43,0004,Pure Greatness,bid=1000,2026-04-21 22:12:30
2023,DT,10266,"Heyward, Cameron",PIT,3,DROP,FREE_AGENT,2023-09-13,11:19:59,0004,Pure Greatness,,2026-04-21 22:12:30
2025,DT,10266,"Heyward, Cameron",PIT,1,DROP,FREE_AGENT,2025-02-18,21:35:40,0009,C-Town Chivalry,,2026-04-21 22:12:40
2018,DT,13691,"Hurst, Maurice",OAK,1,STATUS,TAXI_DEMOTE,2018-06-09,22:49:01,0001,Ulterior Warrior,,2026-04-21 22:11:53
2019,DT,13691,"Hurst, Maurice",OAK,1,DROP,FREE_AGENT,2019-06-11,05:56:27,0001,Ulterior Warrior,,2026-04-21 22:11:56
2021,DT,12797,"Ioannidis, Matt",WAS,1,DROP,FREE_AGENT,2021-05-11,11:34:30,0002,The Bash Bros,,2026-04-21 22:12:17
2018,DT,10846,"Jackson, Malik",JAC,1,ACQUIRE,AUCTION:FreeAgent,2018-08-14,05:28:17,0004,Pure Greatness,bid=1000,2026-04-21 22:11:53
2018,DT,10846,"Jackson, Malik",JAC,2,DROP,ADDDROP:BBID,2018-09-22,09:00:00,0004,Pure Greatness,,2026-04-21 22:11:53
2020,DT,12305,"Jarrett, Grady",ATL,1,ACQUIRE,ADDDROP:BBID,2020-09-05,09:00:00,0009,C-Town Chivalry,salary=1000,2026-04-21 22:12:04
2021,DT,12305,"Jarrett, Grady",ATL,1,DROP,FREE_AGENT,2021-05-06,18:03:14,0009,C-Town Chivalry,,2026-04-21 22:12:17
2021,DT,12305,"Jarrett, Grady",ATL,2,ACQUIRE,AUCTION:FreeAgent,2021-08-05,06:46:03,0009,C-Town Chivalry,bid=1000,2026-04-21 22:12:17
2021,DT,12305,"Jarrett, Grady",ATL,3,DROP,FREE_AGENT,2021-09-18,08:52:55,0009,C-Town Chivalry,,2026-04-21 22:12:17
2021,DT,12305,"Jarrett, Grady",ATL,4,ACQUIRE,ADDDROP:BBID,2021-11-07,09:00:00,0009,C-Town Chivalry,salary=1000,2026-04-21 22:12:17
2021,DT,12305,"Jarrett, Grady",ATL,5,DROP,ADDDROP:FREE_AGENT,2021-12-04,22:13:23,0009,C-Town Chivalry,,2026-04-21 22:12:17
2021,DT,12305,"Jarrett, Grady",ATL,6,DROP,FREE_AGENT,2021-12-04,22:13:23,0009,C-Town Chivalry,,2026-04-21 22:12:17
2023,DT,12305,"Jarrett, Grady",ATL,1,DROP,FREE_AGENT,2023-02-22,21:11:54,0010,Blake Bombers,,2026-04-21 22:12:30
2019,DT,12741,"Jones, Chris",KCC,1,DROP,FREE_AGENT,2019-03-03,17:18:07,0004,Pure Greatness,,2026-04-21 22:11:56
2019,DT,12741,"Jones, Chris",KCC,2,ACQUIRE,AUCTION:FreeAgent,2019-08-24,22:52:01,0006,Good in Da Hood,bid=14000,2026-04-21 22:11:56
2020,DT,12741,"Jones, Chris",KCC,1,DROP,FREE_AGENT,2020-03-27,19:51:18,0006,Good in Da Hood,,2026-04-21 22:12:04
2020,DT,12741,"Jones, Chris",KCC,2,ACQUIRE,AUCTION:FreeAgent,2020-08-25,23:13:10,0003,Gride,bid=3000,2026-04-21 22:12:04
2020,DT,12741,"Jones, Chris",KCC,3,DROP,ADDDROP:FREE_AGENT,2020-09-07,23:42:23,0003,Gride,,2026-04-21 22:12:04
2020,DT,12741,"Jones, Chris",KCC,4,DROP,FREE_AGENT,2020-09-07,23:42:23,0003,Gride,,2026-04-21 22:12:04
2020,DT,12741,"Jones, Chris",KCC,5,ACQUIRE,ADDDROP:BBID,2020-09-16,09:00:00,0008,#BLM,salary=1000,2026-04-21 22:12:04
2020,DT,12741,"Jones, Chris",KCC,6,STATUS,TAXI_DEMOTE,2020-11-05,20:53:07,0008,#BLM,,2026-04-21 22:12:04
2020,DT,12741,"Jones, Chris",KCC,7,STATUS,TAXI_PROMOTE,2020-11-07,07:37:19,0008,#BLM,,2026-04-21 22:12:04
2021,DT,12741,"Jones, Chris",KCC,1,DROP,FREE_AGENT,2021-05-29,19:01:25,0008,#BLM,,2026-04-21 22:12:17
2021,DT,12741,"Jones, Chris",KCC,2,ACQUIRE,AUCTION:FreeAgent,2021-08-06,22:02:04,0010,Blake Bombers,bid=2000,2026-04-21 22:12:17
2021,DT,12741,"Jones, Chris",KCC,3,DROP,ADDDROP:BBID,2021-10-14,09:00:00,0010,Blake Bombers,,2026-04-21 22:12:17
2021,DT,12741,"Jones, Chris",KCC,4,ACQUIRE,ADDDROP:BBID,2021-10-21,09:00:00,0006,Good in Da Hood,salary=1000,2026-04-21 22:12:17
2021,DT,12741,"Jones, Chris",KCC,5,DROP,ADDDROP:FREE_AGENT,2021-10-23,14:24:01,0006,Good in Da Hood,,2026-04-21 22:12:17
2021,DT,12741,"Jones, Chris",KCC,6,DROP,FREE_AGENT,2021-10-23,14:24:01,0006,Good in Da Hood,,2026-04-21 22:12:17
2021,DT,12741,"Jones, Chris",KCC,7,ACQUIRE,ADDDROP:BBID,2021-11-28,09:00:00,0007,Sex Manther,salary=2000,2026-04-21 22:12:17
2022,DT,12741,"Jones, Chris",KCC,1,DROP,FREE_AGENT,2022-02-23,14:47:12,0007,Sex Manther,,2026-04-21 22:12:23
2022,DT,12741,"Jones, Chris",KCC,2,ACQUIRE,ADDDROP:BBID,2022-09-01,09:00:00,0004,Pure Greatness,salary=1000,2026-04-21 22:12:23
2022,DT,12741,"Jones, Chris",KCC,3,DROP,ADDDROP:FREE_AGENT,2022-09-30,15:28:01,0004,Pure Greatness,,2026-04-21 22:12:23
2022,DT,12741,"Jones, Chris",KCC,4,DROP,FREE_AGENT,2022-09-30,15:28:01,0004,Pure Greatness,,2026-04-21 22:12:23
2022,DT,12741,"Jones, Chris",KCC,5,ACQUIRE,ADDDROP:BBID,2022-10-02,09:00:00,0007,Sex Manther,salary=1000,2026-04-21 22:12:23
2022,DT,12741,"Jones, Chris",KCC,6,DROP,ADDDROP:BBID,2022-10-28,09:00:00,0007,Sex Manther,,2026-04-21 22:12:23
2022,DT,12741,"Jones, Chris",KCC,7,ACQUIRE,ADDDROP:BBID,2022-11-03,09:00:00,0007,Sex Manther,salary=1000,2026-04-21 22:12:23
2023,DT,12741,"Jones, Chris",KCC,1,DROP,FREE_AGENT,2023-02-25,22:55:44,0007,Sex Manther,,2026-04-21 22:12:30
2023,DT,12741,"Jones, Chris",KCC,2,ACQUIRE,AUCTION:FreeAgent,2023-08-04,21:21:30,0010,Blake Bombers,bid=2000,2026-04-21 22:12:30
2024,DT,12741,"Jones, Chris",KCC,1,DROP,ADDDROP:BBID,2024-10-24,09:00:00,0010,Blake Bombers,,2026-04-21 22:12:36
2024,DT,12741,"Jones, Chris",KCC,2,ACQUIRE,ADDDROP:BBID,2024-12-08,09:00:00,0006,The Long Haulers,salary=1000,2026-04-21 22:12:36
2024,DT,12741,"Jones, Chris",KCC,3,DROP,ADDDROP:BBID,2024-12-12,09:00:00,0006,The Long Haulers,,2026-04-21 22:12:36
2022,DT,13332,"Jones, D.J.",SFO,1,DROP,FREE_AGENT,2022-03-10,21:38:34,0003,Gride,,2026-04-21 22:12:23
2019,DT,9904,"Joseph, Linval",MIN,1,DROP,FREE_AGENT,2019-03-03,15:05:10,0002,The Bash Bros,,2026-04-21 22:11:56
2022,DT,13810,"Joseph-Day, Sebastian",LAC,1,ACQUIRE,AUCTION:FreeAgent,2022-08-04,06:51:46,0007,Sex Manther,bid=1000,2026-04-21 22:12:23
2022,DT,13810,"Joseph-Day, Sebastian",LAC,2,DROP,ADDDROP:BBID,2022-09-15,09:00:00,0007,Sex Manther,,2026-04-21 22:12:23
2025,DT,16254,"Kancey, Calijah",TBB,1,DROP,FREE_AGENT,2025-02-18,21:35:40,0009,C-Town Chivalry,,2026-04-21 22:12:40
2020,DT,14899,"Kinlaw, Javon",SFO,1,STATUS,TAXI_DEMOTE,2020-06-02,08:35:06,0007,Sex Manther,,2026-04-21 22:12:04
2021,DT,14899,"Kinlaw, Javon",SFO,1,STATUS,TAXI_PROMOTE,2021-06-21,14:08:28,0007,Sex Manther,,2026-04-21 22:12:17
2021,DT,14899,"Kinlaw, Javon",SFO,2,DROP,ADDDROP:BBID,2021-08-26,09:00:00,0007,Sex Manther,,2026-04-21 22:12:17
2019,DT,14159,"Lawrence, Dexter",NYG,1,ACQUIRE,AUCTION:FreeAgent,2019-08-24,13:39:15,0002,The Bash Bros,bid=4000,2026-04-21 22:11:56
2020,DT,14159,"Lawrence, Dexter",NYG,1,ACQUIRE,TRADE,2020-09-07,22:19:25,0003,Gride,trade2020_48,2026-04-21 22:12:04
2021,DT,14159,"Lawrence, Dexter",NYG,1,DROP,ADDDROP:BBID,2021-09-23,09:00:00,0003,Gride,,2026-04-21 22:12:17
2023,DT,14159,"Lawrence, Dexter",NYG,1,DROP,FREE_AGENT,2023-02-19,22:11:34,0004,Pure Greatness,,2026-04-21 22:12:30
2024,DT,14900,"Madubuike, Nnamdi",BAL,1,DROP,ADDDROP:FREE_AGENT,2024-03-06,11:30:00,0005,HammerTime 🔨 ⏰,,2026-04-21 22:12:36
2024,DT,14900,"Madubuike, Nnamdi",BAL,2,DROP,FREE_AGENT,2024-03-06,11:30:00,0005,HammerTime 🔨 ⏰,,2026-04-21 22:12:36
2024,DT,14900,"Madubuike, Nnamdi",BAL,3,ACQUIRE,AUCTION:FreeAgent,2024-08-06,20:21:04,0001,Ulterior Warrior,bid=1000,2026-04-21 22:12:36
2024,DT,14900,"Madubuike, Nnamdi",BAL,4,DROP,FREE_AGENT,2024-08-31,22:34:10,0001,Ulterior Warrior,,2026-04-21 22:12:36
2024,DT,14900,"Madubuike, Nnamdi",BAL,5,ACQUIRE,ADDDROP:BBID,2024-09-05,09:00:00,0006,The Long Haulers,salary=1000,2026-04-21 22:12:36
2024,DT,14900,"Madubuike, Nnamdi",BAL,6,DROP,ADDDROP:BBID,2024-09-12,09:00:00,0006,The Long Haulers,,2026-04-21 22:12:36
2018,DT,9819,"McCoy, Gerald",TBB,1,ACQUIRE,AUCTION:FreeAgent,2018-08-16,20:49:18,0012,White Power,bid=1000,2026-04-21 22:11:53
2018,DT,9819,"McCoy, Gerald",TBB,2,DROP,ADDDROP:BBID,2018-10-03,09:00:00,0012,White Power,,2026-04-21 22:11:53
2024,DT,16689,"Murphy, Byron",SEA,1,STATUS,TAXI_DEMOTE,2024-05-27,09:59:29,0007,Sex Manther,,2026-04-21 22:12:36
2025,DT,16689,"Murphy, Byron",SEA,1,ACQUIRE,TRADE,2025-03-19,09:38:51,0005,HammerTime 🔨 ⏰,trade2025_9,2026-04-21 22:12:40
2025,DT,16689,"Murphy, Byron",SEA,2,STATUS,TAXI_DEMOTE,2025-03-19,09:46:47,0005,HammerTime 🔨 ⏰,,2026-04-21 22:12:40
2019,DT,14158,"Oliver, Ed",BUF,1,STATUS,TAXI_DEMOTE,2019-06-11,08:44:05,0010,Blake Bombers,,2026-04-21 22:11:56
2022,DT,14158,"Oliver, Ed",BUF,1,DROP,FREE_AGENT,2022-05-07,18:44:37,0010,Blake Bombers,,2026-04-21 22:12:23
2022,DT,14158,"Oliver, Ed",BUF,2,ACQUIRE,ADDDROP:BBID,2022-12-01,09:00:00,0006,Good in Da Hood,salary=4000,2026-04-21 22:12:23
2022,DT,14158,"Oliver, Ed",BUF,3,DROP,ADDDROP:BBID,2022-12-08,09:00:00,0006,Good in Da Hood,,2026-04-21 22:12:23
2024,DT,14158,"Oliver, Ed",BUF,1,DROP,ADDDROP:FREE_AGENT,2024-03-07,19:38:26,0002,CBP,,2026-04-21 22:12:36
2024,DT,14158,"Oliver, Ed",BUF,2,DROP,FREE_AGENT,2024-03-07,19:38:26,0002,CBP,,2026-04-21 22:12:36
2018,DT,13723,"Payne, Da'Ron",WAS,1,STATUS,TAXI_DEMOTE,2018-06-12,11:17:00,0002,The Bash Bros,,2026-04-21 22:11:53
2019,DT,13723,"Payne, Da'Ron",WAS,1,ACQUIRE,TRADE,2019-06-23,11:56:47,0001,Ulterior Warrior,trade2019_35,2026-04-21 22:11:56
2019,DT,13723,"Payne, Da'Ron",WAS,2,STATUS,TAXI_DEMOTE,2019-08-22,23:14:41,0001,Ulterior Warrior,,2026-04-21 22:11:56
2019,DT,13723,"Payne, Da'Ron",WAS,3,DROP,ADDDROP:FREE_AGENT,2019-10-06,12:42:30,0001,Ulterior Warrior,,2026-04-21 22:11:56
2019,DT,13723,"Payne, Da'Ron",WAS,4,DROP,FREE_AGENT,2019-10-06,12:42:30,0001,Ulterior Warrior,,2026-04-21 22:11:56
2021,DT,13723,"Payne, Da'Ron",WAS,1,DROP,FREE_AGENT,2021-05-09,21:31:15,0006,Good in Da Hood,,2026-04-21 22:12:17
2022,DT,13723,"Payne, Da'Ron",WAS,1,ACQUIRE,ADDDROP:BBID,2022-08-25,09:00:00,0003,Gride,salary=1000,2026-04-21 22:12:23
2023,DT,13723,"Payne, Da'Ron",WAS,1,DROP,FREE_AGENT,2023-05-01,11:39:03,0003,Gride,,2026-04-21 22:12:30
2023,DT,13723,"Payne, Da'Ron",WAS,2,ACQUIRE,AUCTION:FreeAgent,2023-08-02,17:58:48,0003,Gride,bid=1000,2026-04-21 22:12:30
2023,DT,13723,"Payne, Da'Ron",WAS,3,DROP,ADDDROP:BBID,2023-10-19,09:00:00,0003,Gride,,2026-04-21 22:12:30
2023,DT,13723,"Payne, Da'Ron",WAS,4,ACQUIRE,ADDDROP:FREE_AGENT,2023-10-22,09:07:22,0002,CBP,salary=1000,2026-04-21 22:12:30
2023,DT,13723,"Payne, Da'Ron",WAS,5,DROP,ADDDROP:BBID,2023-11-19,09:00:00,0002,CBP,,2026-04-21 22:12:30
2019,DT,9919,"Peters, Corey",ARI,1,ACQUIRE,AUCTION:FreeAgent,2019-08-25,01:55:53,0004,Pure Greatness,bid=1000,2026-04-21 22:11:56
2019,DT,9919,"Peters, Corey",ARI,2,DROP,ADDDROP:FREE_AGENT,2019-09-15,09:42:07,0004,Pure Greatness,,2026-04-21 22:11:56
2019,DT,9919,"Peters, Corey",ARI,3,DROP,FREE_AGENT,2019-09-15,09:42:07,0004,Pure Greatness,,2026-04-21 22:11:56
2020,DT,11283,"Richardson, Sheldon",CLE,1,DROP,FREE_AGENT,2020-03-27,15:22:52,0009,C-Town Chivalry,,2026-04-21 22:12:04
2020,DT,11283,"Richardson, Sheldon",CLE,2,ACQUIRE,ADDDROP:BBID,2020-10-03,09:00:00,0004,Pure Greatness,salary=1000,2026-04-21 22:12:04
2020,DT,11283,"Richardson, Sheldon",CLE,3,DROP,FREE_AGENT,2020-10-14,09:05:24,0004,Pure Greatness,,2026-04-21 22:12:04
2020,DT,11283,"Richardson, Sheldon",CLE,4,ACQUIRE,ADDDROP:BBID,2020-11-21,09:00:00,0002,The Bash Bros,salary=2000,2026-04-21 22:12:04
2020,DT,11283,"Richardson, Sheldon",CLE,5,DROP,ADDDROP:FREE_AGENT,2020-12-02,21:47:56,0002,The Bash Bros,,2026-04-21 22:12:04
2020,DT,11283,"Richardson, Sheldon",CLE,6,DROP,FREE_AGENT,2020-12-02,21:47:56,0002,The Bash Bros,,2026-04-21 22:12:04
2025,DT,13839,"Sieler, Zach",MIA,1,DROP,FREE_AGENT,2025-05-18,08:20:11,0010,Blake Bombers,,2026-04-21 22:12:40
2020,DT,14163,"Simmons, Jeffery",TEN,1,DROP,ADDDROP:BBID,2020-09-05,09:00:00,0001,Ulterior Warrior,,2026-04-21 22:12:04
2020,DT,14163,"Simmons, Jeffery",TEN,2,ACQUIRE,ADDDROP:FREE_AGENT,2020-10-12,11:43:00,0006,Good in Da Hood,salary=1000,2026-04-21 22:12:04
2020,DT,14163,"Simmons, Jeffery",TEN,3,STATUS,TAXI_DEMOTE,2020-10-13,23:35:47,0006,Good in Da Hood,,2026-04-21 22:12:04
2020,DT,14163,"Simmons, Jeffery",TEN,4,STATUS,TAXI_PROMOTE,2020-10-15,23:44:58,0006,Good in Da Hood,,2026-04-21 22:12:04
2020,DT,14163,"Simmons, Jeffery",TEN,5,DROP,ADDDROP:BBID,2020-11-25,09:00:00,0006,Good in Da Hood,,2026-04-21 22:12:04
2020,DT,14163,"Simmons, Jeffery",TEN,6,ACQUIRE,ADDDROP:FREE_AGENT,2020-11-29,11:43:57,0004,Pure Greatness,salary=1000,2026-04-21 22:12:04
2021,DT,14163,"Simmons, Jeffery",TEN,1,DROP,FREE_AGENT,2021-05-06,10:33:23,0004,Pure Greatness,,2026-04-21 22:12:17
2021,DT,14163,"Simmons, Jeffery",TEN,2,ACQUIRE,AUCTION:FreeAgent,2021-08-06,11:05:07,0011,Cleon Ca$h,bid=3000,2026-04-21 22:12:17
2022,DT,14163,"Simmons, Jeffery",TEN,1,DROP,FREE_AGENT,2022-05-02,17:13:42,0011,Cleon Ca$h,,2026-04-21 22:12:23
2022,DT,14163,"Simmons, Jeffery",TEN,2,ACQUIRE,AUCTION:FreeAgent,2022-08-05,08:14:39,0003,Gride,bid=1000,2026-04-21 22:12:23
2022,DT,14163,"Simmons, Jeffery",TEN,3,DROP,ADDDROP:BBID,2022-10-20,09:00:00,0003,Gride,,2026-04-21 22:12:23
2022,DT,14163,"Simmons, Jeffery",TEN,4,ACQUIRE,ADDDROP:BBID,2022-11-04,09:00:00,0008,#BLM,salary=1000,2026-04-21 22:12:23
2022,DT,14163,"Simmons, Jeffery",TEN,5,DROP,ADDDROP:BBID,2022-11-06,09:00:00,0008,#BLM,,2026-04-21 22:12:23
2022,DT,14163,"Simmons, Jeffery",TEN,6,ACQUIRE,ADDDROP:BBID,2022-11-11,09:00:00,0005,Run CMC,salary=2000,2026-04-21 22:12:23
2022,DT,14163,"Simmons, Jeffery",TEN,7,DROP,ADDDROP:FREE_AGENT,2022-11-11,17:19:52,0005,Run CMC,,2026-04-21 22:12:23
2022,DT,14163,"Simmons, Jeffery",TEN,8,DROP,FREE_AGENT,2022-11-11,17:19:52,0005,Run CMC,,2026-04-21 22:12:23
2022,DT,14163,"Simmons, Jeffery",TEN,9,ACQUIRE,ADDDROP:FREE_AGENT,2022-11-13,12:53:03,0001,Ulterior Warrior,salary=1000,2026-04-21 22:12:23
2023,DT,14163,"Simmons, Jeffery",TEN,1,ACQUIRE,TRADE,2023-05-26,09:55:42,0004,Pure Greatness,trade2023_29,2026-04-21 22:12:30
2023,DT,14163,"Simmons, Jeffery",TEN,2,DROP,ADDDROP:BBID,2023-09-17,09:00:00,0004,Pure Greatness,,2026-04-21 22:12:30
2023,DT,14163,"Simmons, Jeffery",TEN,3,ACQUIRE,ADDDROP:BBID,2023-11-02,09:00:00,0008,Real Deal Creel,salary=1000,2026-04-21 22:12:30
2023,DT,14163,"Simmons, Jeffery",TEN,4,DROP,ADDDROP:BBID,2023-11-12,09:00:00,0008,Real Deal Creel,,2026-04-21 22:12:30
2023,DT,14163,"Simmons, Jeffery",TEN,5,ACQUIRE,ADDDROP:BBID,2023-12-01,09:00:00,0005,HammerTime 🔨 ⏰,salary=3000,2026-04-21 22:12:30
2023,DT,14163,"Simmons, Jeffery",TEN,6,DROP,ADDDROP:BBID,2023-12-03,09:00:00,0005,HammerTime 🔨 ⏰,,2026-04-21 22:12:30
2024,DT,14163,"Simmons, Jeffery",TEN,1,ACQUIRE,AUCTION:FreeAgent,2024-08-01,05:40:44,0011,Cleon Ca$h,bid=1000,2026-04-21 22:12:36
2024,DT,14163,"Simmons, Jeffery",TEN,2,DROP,ADDDROP:BBID,2024-11-23,09:00:00,0011,Cleon Ca$h,,2026-04-21 22:12:36
2024,DT,14163,"Simmons, Jeffery",TEN,3,ACQUIRE,ADDDROP:BBID,2024-11-28,09:00:00,0005,HammerTime 🔨 ⏰,salary=2000,2026-04-21 22:12:36
2025,DT,14163,"Simmons, Jeffery",TEN,1,DROP,ADDDROP:FREE_AGENT,2025-02-18,18:32:09,0005,HammerTime 🔨 ⏰,,2026-04-21 22:12:40
2025,DT,14163,"Simmons, Jeffery",TEN,2,DROP,FREE_AGENT,2025-02-18,18:32:09,0005,HammerTime 🔨 ⏰,,2026-04-21 22:12:40
2025,DT,14163,"Simmons, Jeffery",TEN,3,ACQUIRE,AUCTION:FreeAgent,2025-08-12,14:50:05,0003,Gride,bid=1000,2026-04-21 22:12:40
2025,DT,14163,"Simmons, Jeffery",TEN,4,DROP,ADDDROP:BBID,2025-10-26,09:00:00,0003,Gride,,2026-04-21 22:12:40
2025,DT,14163,"Simmons, Jeffery",TEN,5,ACQUIRE,ADDDROP:BBID,2025-10-30,09:00:00,0004,Pure Greatness,salary=2000,2026-04-21 22:12:40
2025,DT,14163,"Simmons, Jeffery",TEN,6,DROP,ADDDROP:BBID,2025-11-01,09:00:00,0004,Pure Greatness,,2026-04-21 22:12:40
2025,DT,14163,"Simmons, Jeffery",TEN,7,ACQUIRE,ADDDROP:BBID,2025-11-02,09:00:00,0007,Sex Manther,salary=1000,2026-04-21 22:12:40
2025,DT,14163,"Simmons, Jeffery",TEN,8,DROP,ADDDROP:FREE_AGENT,2025-11-09,03:49:56,0007,Sex Manther,,2026-04-21 22:12:40
2025,DT,14163,"Simmons, Jeffery",TEN,9,DROP,FREE_AGENT,2025-11-09,03:49:56,0007,Sex Manther,,2026-04-21 22:12:40
2025,DT,14163,"Simmons, Jeffery",TEN,10,ACQUIRE,ADDDROP:BBID,2025-11-13,09:00:00,0007,Sex Manther,salary=4000,2026-04-21 22:12:40
2025,DT,14163,"Simmons, Jeffery",TEN,11,ACQUIRE,TRADE,2025-11-27,10:18:28,0011,Cleon Ca$h,trade2025_73,2026-04-21 22:12:40
2023,DT,13298,"Stewart, Grover",IND,1,ACQUIRE,TRADE,2023-03-29,00:44:37,0002,CBP,trade2023_2,2026-04-21 22:12:30
2023,DT,13298,"Stewart, Grover",IND,2,DROP,ADDDROP:FREE_AGENT,2023-03-29,05:50:10,0002,CBP,,2026-04-21 22:12:30
2023,DT,13298,"Stewart, Grover",IND,3,DROP,FREE_AGENT,2023-03-29,05:50:10,0002,CBP,,2026-04-21 22:12:30
2018,DT,9815,"Suh, Ndamukong",LAR,1,ACQUIRE,AUCTION:FreeAgent,2018-08-14,18:10:07,0003,Gride,bid=1000,2026-04-21 22:11:53
2019,DT,9815,"Suh, Ndamukong",TBB,1,DROP,FREE_AGENT,2019-04-29,05:46:21,0003,Gride,,2026-04-21 22:11:56
2019,DT,9815,"Suh, Ndamukong",TBB,2,ACQUIRE,AUCTION:FreeAgent,2019-08-20,06:10:13,0010,Blake Bombers,bid=1000,2026-04-21 22:11:56
2019,DT,9815,"Suh, Ndamukong",TBB,3,DROP,ADDDROP:FREE_AGENT,2019-10-27,07:38:47,0010,Blake Bombers,,2026-04-21 22:11:56
2019,DT,9815,"Suh, Ndamukong",TBB,4,DROP,FREE_AGENT,2019-10-27,07:38:47,0010,Blake Bombers,,2026-04-21 22:11:56
2024,DT,16693,"Sweat, T'Vondre",TEN,1,STATUS,TAXI_DEMOTE,2024-05-27,11:36:54,0006,The Main Event Mafia,,2026-04-21 22:12:36
2024,DT,16693,"Sweat, T'Vondre",TEN,2,STATUS,TAXI_PROMOTE,2024-05-27,11:37:43,0006,The Main Event Mafia,,2026-04-21 22:12:36
2025,DT,16693,"Sweat, T'Vondre",TEN,1,DROP,ADDDROP:BBID,2025-09-12,09:00:00,0006,The Long Haulers,,2026-04-21 22:12:40
2025,DT,16282,"Turner, Kobie",LAR,1,DROP,FREE_AGENT,2025-02-18,21:32:09,0007,Sex Manther,,2026-04-21 22:12:40
2025,DT,16282,"Turner, Kobie",LAR,2,ACQUIRE,ADDDROP:BBID,2025-12-25,09:00:00,0009,C-Town Chivalry,salary=4000,2026-04-21 22:12:40
2019,DT,14162,"Wilkins, Christian",MIA,1,ACQUIRE,AUCTION:FreeAgent,2019-08-25,20:40:54,0003,Gride,bid=2000,2026-04-21 22:11:56
2020,DT,14162,"Wilkins, Christian",MIA,1,STATUS,TAXI_DEMOTE,2020-11-13,17:26:11,0003,Gride,,2026-04-21 22:12:04
2020,DT,14162,"Wilkins, Christian",MIA,2,STATUS,TAXI_PROMOTE,2020-11-26,12:08:16,0003,Gride,,2026-04-21 22:12:04
2021,DT,14162,"Wilkins, Christian",MIA,1,DROP,ADDDROP:BBID,2021-12-09,09:00:00,0003,Gride,,2026-04-21 22:12:17
2021,DT,14162,"Wilkins, Christian",MIA,2,ACQUIRE,ADDDROP:FREE_AGENT,2021-12-19,09:42:50,0004,Pure Greatness,salary=1000,2026-04-21 22:12:17
2023,DT,14162,"Wilkins, Christian",MIA,1,DROP,FREE_AGENT,2023-05-09,06:52:43,0003,Gride,,2026-04-21 22:12:30
2023,DT,14162,"Wilkins, Christian",MIA,2,ACQUIRE,AUCTION:FreeAgent,2023-08-01,00:53:14,0010,Blake Bombers,bid=1000,2026-04-21 22:12:30
2024,DT,14162,"Wilkins, Christian",LVR,1,ACQUIRE,TRADE,2024-08-01,23:23:20,0012,Hawks,trade2024_32,2026-04-21 22:12:36
2025,DT,14162,"Wilkins, Christian",FA,1,DROP,ADDDROP:BBID,2025-10-03,09:00:00,0012,Hawks,,2026-04-21 22:12:40
2025,DT,12225,"Williams, Leonard",SEA,1,DROP,FREE_AGENT,2025-05-22,17:53:58,0001,L.A. Looks,,2026-04-21 22:12:40
2025,DT,12225,"Williams, Leonard",SEA,2,ACQUIRE,AUCTION:FreeAgent,2025-08-06,12:09:21,0002,CBP,bid=1000,2026-04-21 22:12:40
2019,DT,14157,"Williams, Quinnen",NYJ,1,STATUS,TAXI_DEMOTE,2019-06-11,10:33:14,0005,Run CMC,,2026-04-21 22:11:56
2019,DT,14157,"Williams, Quinnen",NYJ,2,STATUS,TAXI_PROMOTE,2019-08-18,20:40:00,0005,Run CMC,,2026-04-21 22:11:56
2021,DT,14157,"Williams, Quinnen",NYJ,1,ACQUIRE,AUCTION:FreeAgent,2021-08-06,23:57:07,0001,Ulterior Warrior,bid=2000,2026-04-21 22:12:17
2021,DT,14157,"Williams, Quinnen",NYJ,2,STATUS,TAXI_DEMOTE,2021-12-29,20:25:07,0001,Ulterior Warrior,,2026-04-21 22:12:17
2022,DT,14157,"Williams, Quinnen",NYJ,1,STATUS,TAXI_PROMOTE,2022-02-20,22:16:56,0001,Ulterior Warrior,,2026-04-21 22:12:23
2022,DT,14157,"Williams, Quinnen",NYJ,2,DROP,FREE_AGENT,2022-09-04,23:23:16,0001,Ulterior Warrior,,2026-04-21 22:12:23
2022,DT,14157,"Williams, Quinnen",NYJ,3,ACQUIRE,ADDDROP:BBID,2022-10-13,09:00:00,0009,C-Town Chivalry,salary=2000,2026-04-21 22:12:23
2023,DT,14157,"Williams, Quinnen",NYJ,1,DROP,FREE_AGENT,2023-02-19,19:23:14,0009,C-Town Chivalry,,2026-04-21 22:12:30
2023,DT,14157,"Williams, Quinnen",NYJ,2,ACQUIRE,AUCTION:FreeAgent,2023-08-02,07:56:55,0009,C-Town Chivalry,bid=1000,2026-04-21 22:12:30
2024,DT,14157,"Williams, Quinnen",NYJ,1,DROP,FREE_AGENT,2024-03-06,10:58:24,0009,C-Town Chivalry,,2026-04-21 22:12:36
2024,DT,14157,"Williams, Quinnen",NYJ,2,ACQUIRE,AUCTION:FreeAgent,2024-08-01,07:15:11,0009,C-Town Chivalry,bid=1000,2026-04-21 22:12:36
2024,DT,14157,"Williams, Quinnen",NYJ,3,DROP,ADDDROP:FREE_AGENT,2024-10-24,18:53:56,0009,C-Town Chivalry,,2026-04-21 22:12:36
2024,DT,14157,"Williams, Quinnen",NYJ,4,DROP,FREE_AGENT,2024-10-24,18:53:56,0009,C-Town Chivalry,,2026-04-21 22:12:36
2024,DT,14157,"Williams, Quinnen",NYJ,5,ACQUIRE,ADDDROP:FREE_AGENT,2024-12-01,11:26:59,0008,Real Deal Creel,salary=1000,2026-04-21 22:12:36
2024,DT,14157,"Williams, Quinnen",NYJ,6,DROP,ADDDROP:BBID,2024-12-05,09:00:00,0008,Real Deal Creel,,2026-04-21 22:12:36
